-- load.sql


--
-- Data for Name: academic_years; Type: TABLE DATA; Schema: public; Owner: postgres
--

COPY public.academic_years (academicyearid, academicyear) FROM stdin;
1	2020-2021
2	2021-2022
3	2022-2023
4	2023-2024
\.


--
-- Data for Name: category_mapping; Type: TABLE DATA; Schema: public; Owner: postgres
--

COPY public.category_mapping (categoryid, categoryname) FROM stdin;
1	Books
2	Food
3	Housing
4	Tuition
5	Transportation
\.


--
-- Data for Name: financialaid_records; Type: TABLE DATA; Schema: public; Owner: postgres
--

COPY public.financialaid_records (financialrecordid, studentid, academicyearid, scholarshipid, grantid, loanid, workstudyid) FROM stdin;
1	4476	4	\N	\N	\N	\N
2	3706	1	1	1	1	\N
3	1067	4	4	\N	\N	\N
4	1535	4	\N	1	1	\N
5	3838	3	\N	1	\N	\N
6	1214	3	1	\N	1	\N
7	5052	3	1	\N	\N	\N
8	3202	1	\N	\N	3	\N
9	3705	2	3	\N	\N	2
10	97	4	\N	1	1	3
11	5500	3	\N	\N	\N	\N
12	1457	3	\N	1	2	\N
13	2284	2	\N	4	4	\N
14	483	2	\N	\N	\N	1
15	480	4	\N	4	1	\N
16	474	3	\N	\N	1	\N
17	1946	3	1	\N	\N	\N
18	2216	2	2	\N	2	1
19	2941	4	\N	\N	\N	\N
20	1082	2	2	\N	2	\N
21	1783	4	\N	2	\N	\N
22	1259	2	\N	2	\N	\N
23	307	3	1	\N	\N	2
24	4832	3	\N	\N	\N	1
25	4611	4	\N	\N	1	2
26	857	4	\N	\N	\N	\N
27	3000	3	\N	\N	\N	\N
28	554	2	\N	\N	1	2
29	4615	2	\N	\N	\N	2
30	238	4	\N	\N	4	\N
31	3140	4	\N	4	2	2
32	3485	4	\N	4	\N	3
33	1905	4	\N	2	\N	\N
34	5127	2	\N	\N	4	\N
35	3609	3	\N	\N	\N	4
36	4533	1	3	\N	4	\N
37	3855	4	3	3	\N	\N
38	4476	1	\N	2	\N	3
39	5342	2	\N	1	\N	3
40	4388	1	\N	\N	\N	3
41	3116	1	\N	4	2	3
42	1308	2	\N	\N	\N	\N
43	5118	4	4	\N	\N	\N
44	621	3	\N	2	\N	\N
45	4408	1	\N	4	2	4
46	4593	4	\N	\N	4	3
47	5447	3	2	\N	\N	\N
48	1466	2	\N	\N	3	\N
49	5033	4	\N	3	\N	\N
50	2750	3	\N	\N	\N	\N
51	5288	2	2	\N	\N	1
52	2865	4	4	1	\N	\N
53	3460	4	\N	\N	\N	\N
54	183	3	\N	\N	\N	\N
55	5155	4	3	\N	2	\N
56	1735	4	\N	4	2	3
57	1511	2	1	\N	4	\N
58	4801	4	2	\N	3	\N
59	18	4	\N	\N	\N	4
60	76	4	\N	1	\N	1
61	5195	4	\N	\N	\N	\N
62	4077	4	\N	1	1	\N
63	3285	3	2	4	2	\N
64	1343	2	\N	1	\N	\N
65	4679	3	4	3	4	1
66	3645	3	\N	\N	4	\N
67	2882	3	2	\N	2	\N
68	5266	1	\N	\N	\N	3
69	2093	4	\N	\N	3	\N
70	303	1	\N	2	\N	\N
71	1663	2	1	\N	\N	1
72	3693	3	3	1	1	\N
73	3696	2	\N	\N	\N	\N
74	2679	3	4	\N	3	\N
75	185	4	\N	\N	3	\N
76	1811	2	\N	4	1	\N
77	3063	4	1	\N	\N	4
78	167	2	1	\N	2	\N
79	2759	4	\N	3	3	1
80	4759	1	4	\N	\N	3
81	2071	3	\N	\N	\N	1
82	5317	3	\N	\N	3	\N
83	3288	1	\N	\N	\N	1
84	849	2	\N	\N	\N	\N
85	2133	4	\N	\N	1	1
86	5440	3	2	2	\N	\N
87	899	3	\N	2	\N	3
88	2375	1	\N	\N	\N	\N
89	1463	1	1	4	\N	\N
90	1058	1	\N	\N	4	\N
91	982	4	\N	\N	\N	4
92	3915	4	\N	\N	4	2
93	1388	2	\N	\N	1	2
94	3518	3	1	\N	\N	\N
95	2602	3	2	\N	\N	3
96	1319	2	\N	\N	\N	\N
97	3317	4	\N	4	1	\N
98	4163	1	4	\N	\N	\N
99	3180	3	2	1	4	\N
100	3014	2	\N	1	\N	\N
101	3525	3	\N	\N	1	\N
102	1026	3	\N	2	4	4
103	1039	3	\N	2	3	4
104	3898	4	3	3	1	\N
105	5315	3	1	1	3	\N
106	2610	4	\N	\N	3	\N
107	5049	3	\N	1	\N	\N
108	3894	1	\N	\N	\N	\N
109	2842	1	\N	\N	\N	3
110	4920	1	\N	2	\N	3
111	667	2	2	3	\N	\N
112	4879	2	3	1	\N	\N
113	3814	4	1	\N	4	\N
114	3684	3	\N	4	\N	\N
115	375	3	4	4	\N	2
116	2663	4	3	1	1	\N
117	92	4	2	\N	\N	\N
118	810	1	\N	\N	\N	4
119	508	4	2	4	\N	\N
120	3800	1	\N	2	4	4
121	954	3	\N	4	\N	\N
122	4895	1	\N	4	\N	2
123	2613	4	4	\N	4	\N
124	2401	4	3	1	\N	1
125	4214	1	1	2	\N	\N
126	3746	3	4	\N	2	\N
127	2209	4	1	3	\N	\N
128	2639	1	4	\N	4	\N
129	5317	3	\N	\N	\N	\N
130	54	2	\N	2	\N	3
131	5149	3	\N	\N	\N	\N
132	886	2	\N	\N	\N	\N
133	1926	3	\N	\N	\N	3
134	333	4	\N	\N	\N	\N
135	2223	2	\N	1	\N	4
136	246	3	\N	\N	4	\N
137	1472	1	\N	4	\N	2
138	3879	2	4	4	\N	\N
139	28	1	3	\N	1	\N
140	2980	2	\N	3	\N	\N
141	3727	4	\N	3	2	\N
142	99	3	2	\N	\N	2
143	2334	3	\N	\N	1	2
144	2307	1	4	\N	\N	\N
145	3351	2	\N	\N	3	4
146	1798	1	2	\N	4	3
147	850	3	\N	\N	\N	1
148	685	2	\N	1	\N	\N
149	4432	4	\N	\N	3	\N
150	2234	2	2	\N	\N	\N
151	3414	3	\N	\N	3	\N
152	4881	2	\N	\N	\N	\N
153	4944	1	\N	\N	4	\N
154	4956	3	4	\N	4	\N
155	4046	4	\N	3	2	2
156	1034	2	3	3	\N	1
157	4668	3	\N	\N	\N	\N
158	590	3	\N	\N	4	\N
159	5387	3	\N	\N	\N	\N
160	2750	4	\N	\N	\N	\N
161	2933	2	\N	\N	1	2
162	3981	2	\N	\N	\N	\N
163	1448	4	1	\N	\N	2
164	4213	2	\N	\N	\N	2
165	4125	3	\N	\N	3	\N
166	2266	2	\N	4	\N	1
167	405	3	\N	\N	\N	\N
168	2608	1	\N	4	3	4
169	1227	2	\N	\N	\N	\N
170	3853	1	\N	3	\N	4
171	3936	1	2	\N	4	\N
172	5192	1	\N	2	1	\N
173	2123	4	\N	1	1	\N
174	834	3	2	\N	\N	1
175	342	2	\N	\N	\N	\N
176	833	1	2	\N	1	4
177	5175	4	\N	\N	1	4
178	231	1	4	\N	\N	1
179	1795	2	\N	\N	1	\N
180	5099	1	\N	\N	2	\N
181	1089	4	2	\N	4	1
182	4667	1	1	1	4	1
183	3852	4	\N	1	\N	4
184	2192	3	4	\N	\N	1
185	5282	4	\N	\N	\N	4
186	3940	1	3	1	1	1
187	5467	2	\N	\N	4	\N
188	5484	1	3	\N	\N	\N
189	4096	4	\N	\N	\N	1
190	575	2	2	\N	4	\N
191	3955	1	4	3	\N	\N
192	1926	3	3	3	4	\N
193	1686	4	\N	1	\N	2
194	4953	3	\N	\N	\N	3
195	1620	3	\N	\N	\N	3
196	1838	4	\N	\N	3	\N
197	2777	4	\N	\N	\N	3
198	3201	2	3	\N	\N	\N
199	4827	3	1	\N	2	\N
200	4205	3	\N	3	\N	3
201	4510	3	\N	\N	\N	4
202	3595	3	\N	\N	\N	4
203	2876	3	4	\N	\N	1
204	1663	4	\N	2	\N	\N
205	2328	3	\N	\N	4	\N
206	1663	1	4	\N	\N	3
207	2997	1	\N	\N	\N	\N
208	621	2	\N	4	\N	3
209	1734	2	\N	2	\N	\N
210	759	3	\N	\N	2	\N
211	2011	3	\N	3	4	3
212	4121	2	4	\N	3	2
213	3489	1	\N	4	2	\N
214	4619	4	\N	\N	\N	\N
215	1154	3	\N	4	\N	\N
216	2374	1	2	\N	\N	1
217	4568	3	2	\N	\N	\N
218	1492	2	4	\N	\N	\N
219	5229	1	\N	2	\N	2
220	3494	1	4	\N	\N	\N
221	4501	3	1	\N	\N	3
222	5153	3	\N	\N	\N	\N
223	623	3	2	3	4	\N
224	5028	2	1	\N	\N	\N
225	322	3	3	\N	\N	1
226	3714	2	4	1	2	3
227	1021	2	\N	2	\N	\N
228	4951	2	1	3	4	\N
229	1544	3	4	\N	\N	1
230	4619	2	3	2	4	\N
231	4349	2	\N	\N	\N	4
232	3972	3	3	\N	3	1
233	3134	2	\N	\N	\N	4
234	3816	1	2	\N	\N	\N
235	4129	4	3	\N	2	\N
236	2681	1	3	\N	\N	3
237	1452	2	\N	\N	2	1
238	5041	1	\N	\N	\N	\N
239	2120	2	\N	\N	\N	\N
240	2765	2	2	\N	\N	\N
241	83	4	\N	3	4	\N
242	2963	2	\N	4	\N	\N
243	2145	4	1	1	3	\N
244	3585	3	\N	\N	\N	\N
245	5061	4	\N	\N	\N	\N
246	1901	1	1	\N	\N	\N
247	1337	4	2	\N	\N	\N
248	2679	3	\N	\N	4	2
249	101	3	\N	\N	\N	1
250	3352	4	\N	\N	1	\N
251	3358	2	\N	\N	\N	4
252	1257	3	\N	\N	\N	\N
253	2363	2	\N	\N	3	3
254	4013	1	\N	\N	3	\N
255	3357	2	\N	3	2	\N
256	1538	4	\N	2	\N	4
257	1230	3	\N	2	2	3
258	3174	3	3	\N	2	\N
259	2901	1	2	\N	2	\N
260	3975	3	1	3	3	4
261	3628	1	1	\N	4	\N
262	1328	1	1	3	2	\N
263	5029	2	\N	\N	\N	2
264	1260	1	\N	3	2	\N
265	3536	3	\N	\N	\N	3
266	2909	2	2	\N	\N	\N
267	572	2	\N	1	\N	\N
268	4792	2	2	4	\N	\N
269	3496	1	\N	\N	\N	\N
270	4039	4	\N	\N	\N	3
271	1338	3	\N	2	\N	1
272	88	3	3	\N	1	\N
273	5249	4	\N	2	\N	\N
274	2283	1	\N	3	2	4
275	4913	3	\N	\N	1	3
276	1995	4	4	1	1	4
277	86	4	\N	2	\N	3
278	2488	3	\N	\N	\N	\N
279	2870	2	\N	2	1	2
280	5101	4	\N	\N	3	\N
281	1719	2	\N	\N	\N	\N
282	4212	3	\N	4	\N	\N
283	3733	4	1	\N	\N	\N
284	3989	2	\N	1	\N	3
285	3988	1	\N	\N	2	4
286	4442	1	\N	\N	3	3
287	905	3	\N	\N	\N	3
288	1412	1	\N	4	\N	\N
289	4062	4	3	\N	2	\N
290	99	3	2	\N	3	\N
291	5025	4	\N	\N	1	4
292	3222	1	\N	\N	4	\N
293	2706	3	\N	\N	\N	\N
294	2158	4	3	\N	\N	\N
295	4310	4	2	1	\N	\N
296	1740	1	\N	\N	3	\N
297	4075	2	\N	2	\N	\N
298	2464	2	\N	\N	\N	4
299	4852	3	\N	3	\N	\N
300	3264	1	2	1	\N	3
301	1701	4	\N	\N	2	1
302	999	1	\N	\N	\N	\N
303	3320	3	\N	3	\N	\N
304	4413	1	1	4	4	\N
305	2411	1	3	\N	\N	1
306	685	4	3	4	\N	1
307	3972	4	\N	\N	\N	4
308	1186	2	1	3	2	\N
309	1162	1	\N	\N	4	\N
310	932	3	\N	3	\N	\N
311	2472	3	\N	2	3	\N
312	3362	3	2	1	\N	\N
313	652	3	1	2	\N	2
314	4245	4	3	\N	\N	\N
315	4750	1	\N	\N	\N	4
316	4668	2	\N	\N	\N	2
317	4875	2	1	4	\N	\N
318	5455	1	\N	\N	\N	1
319	1304	4	\N	\N	\N	4
320	2782	1	\N	\N	1	\N
321	573	1	\N	\N	\N	1
322	3409	2	\N	2	\N	\N
323	413	2	\N	\N	1	\N
324	1297	3	\N	\N	1	3
325	4450	4	3	2	\N	\N
326	927	2	4	\N	\N	\N
327	1404	3	\N	\N	3	\N
328	5007	3	3	1	\N	\N
329	67	2	\N	2	1	1
330	2747	2	4	2	\N	\N
331	3877	3	2	\N	4	\N
332	3583	3	4	\N	2	4
333	3391	1	3	4	\N	2
334	4647	3	\N	1	3	\N
335	3911	3	\N	4	\N	2
336	4432	1	3	3	\N	2
337	3780	2	\N	3	\N	\N
338	2037	3	\N	\N	3	\N
339	4770	2	3	\N	3	\N
340	4708	1	2	\N	\N	2
341	5340	1	3	\N	\N	\N
342	3234	3	\N	4	\N	\N
343	3248	3	\N	1	4	3
344	2368	2	\N	2	\N	\N
345	1252	1	3	1	1	1
346	1250	3	\N	\N	\N	\N
347	1170	1	\N	\N	\N	\N
348	3781	2	\N	\N	\N	\N
349	1564	2	\N	\N	4	\N
350	1237	1	\N	3	\N	\N
351	2191	1	3	4	\N	\N
352	4512	2	1	4	1	\N
353	3387	1	2	2	\N	2
354	844	4	2	3	\N	\N
355	893	3	\N	\N	\N	3
356	881	1	\N	\N	\N	\N
357	3539	2	\N	\N	\N	\N
358	406	1	\N	3	\N	\N
359	4373	2	\N	4	\N	\N
360	977	1	1	\N	\N	\N
361	876	1	2	2	\N	\N
362	3380	4	1	\N	1	4
363	4549	3	\N	\N	2	\N
364	1862	4	4	\N	\N	\N
365	2820	4	2	\N	\N	\N
366	3386	2	\N	1	1	\N
367	4733	3	4	4	\N	\N
368	457	1	3	\N	4	1
369	5406	4	1	\N	\N	\N
370	1906	4	2	2	2	\N
371	4706	1	\N	2	\N	\N
372	5046	4	\N	\N	\N	\N
373	3485	1	2	\N	\N	\N
374	429	2	1	4	1	3
375	2899	1	\N	2	\N	\N
376	5021	3	4	\N	\N	\N
377	2147	4	\N	\N	\N	\N
378	808	3	2	3	2	1
379	5355	3	4	\N	\N	\N
380	1114	1	\N	\N	\N	\N
381	3020	2	\N	1	4	2
382	4597	4	\N	4	\N	\N
383	712	4	\N	\N	\N	4
384	1467	3	4	3	\N	4
385	5217	4	\N	2	2	\N
386	1485	4	3	1	\N	\N
387	1181	3	2	4	2	\N
388	274	2	4	2	2	\N
389	2315	2	\N	\N	\N	\N
390	558	2	1	\N	2	3
391	4547	2	3	\N	\N	2
392	356	4	\N	\N	1	\N
393	5360	2	2	\N	4	4
394	1332	3	3	\N	\N	\N
395	1474	2	\N	1	\N	3
396	246	4	4	3	\N	\N
397	4844	2	4	4	\N	3
398	2744	4	\N	3	3	\N
399	5393	1	\N	\N	\N	\N
400	1849	3	\N	3	\N	4
401	3710	4	\N	4	\N	3
402	5293	2	\N	\N	2	\N
403	3663	3	2	\N	\N	2
404	1491	1	3	\N	\N	1
405	4241	4	\N	\N	\N	\N
406	1737	1	\N	\N	\N	\N
407	4253	3	4	1	4	1
408	2459	3	4	\N	4	\N
409	3885	3	\N	\N	\N	\N
410	1839	1	4	\N	4	\N
411	1251	4	\N	\N	1	1
412	2147	1	4	4	1	\N
413	3745	4	\N	\N	4	4
414	4948	3	1	1	\N	4
415	1133	3	\N	\N	\N	1
416	2738	3	2	4	\N	3
417	1602	1	\N	\N	1	2
418	3573	3	1	\N	\N	\N
419	3043	3	\N	\N	2	\N
420	3744	1	\N	\N	2	1
421	3492	1	\N	1	\N	\N
422	4295	3	\N	\N	\N	3
423	3018	2	4	\N	2	3
424	4496	3	4	\N	\N	\N
425	2019	2	1	4	2	\N
426	4528	4	\N	\N	\N	4
427	3923	4	3	2	\N	\N
428	801	4	\N	\N	4	\N
429	4195	4	\N	\N	\N	1
430	4321	4	\N	\N	\N	\N
431	2333	4	2	3	2	\N
432	1240	1	3	\N	\N	\N
433	3002	4	\N	1	\N	\N
434	3200	3	\N	1	\N	2
435	3632	3	\N	\N	\N	2
436	1880	1	4	\N	\N	1
437	3353	1	\N	\N	2	2
438	5242	4	\N	3	\N	3
439	4394	4	4	\N	1	4
440	1774	2	3	\N	3	1
441	3896	2	\N	\N	\N	\N
442	4830	2	\N	\N	\N	\N
443	4084	2	\N	\N	3	4
444	3435	1	\N	4	\N	3
445	5460	1	\N	1	2	4
446	1047	3	1	\N	2	\N
447	3098	1	\N	4	1	2
448	4991	3	3	\N	1	\N
449	4513	2	\N	\N	\N	\N
450	3984	4	1	\N	3	\N
451	2927	3	\N	\N	\N	3
452	1024	1	3	\N	\N	1
453	3700	4	\N	\N	\N	3
454	3041	1	\N	4	\N	4
455	2115	3	3	4	4	\N
456	2007	3	\N	1	\N	4
457	4624	4	\N	1	\N	2
458	4589	1	3	4	\N	3
459	3327	1	3	1	4	\N
460	3669	1	\N	1	\N	\N
461	285	4	\N	\N	\N	\N
462	1603	2	\N	\N	4	4
463	3216	4	\N	\N	\N	\N
464	1575	4	\N	3	\N	4
465	4166	3	\N	\N	\N	\N
466	1703	1	\N	\N	2	\N
467	371	2	\N	\N	1	\N
468	2419	4	\N	\N	1	3
469	2199	1	3	4	\N	\N
470	5448	1	\N	\N	\N	\N
471	2811	3	\N	\N	\N	\N
472	4200	3	\N	2	2	\N
473	5439	4	\N	\N	\N	1
474	3577	1	2	\N	\N	\N
475	4746	1	\N	\N	1	\N
476	3045	4	\N	\N	\N	\N
477	2482	4	\N	1	\N	1
478	4841	4	2	\N	\N	\N
479	2857	1	4	1	3	1
480	5014	1	\N	3	\N	\N
481	3257	4	3	\N	\N	\N
482	822	4	2	\N	\N	\N
483	3602	3	\N	\N	\N	4
484	4748	2	\N	\N	2	3
485	5342	3	3	2	4	4
486	507	1	4	4	\N	1
487	2282	2	2	1	\N	\N
488	1787	3	\N	2	\N	2
489	290	3	4	4	2	\N
490	5270	3	\N	\N	\N	1
491	5006	4	\N	\N	1	2
492	1140	4	4	3	\N	2
493	4798	4	\N	2	2	\N
494	3439	4	\N	3	1	\N
495	675	2	\N	1	2	\N
496	190	2	\N	1	\N	\N
497	1618	4	\N	\N	\N	1
498	3168	2	\N	\N	\N	\N
499	2468	1	3	\N	2	\N
500	5135	4	4	1	\N	\N
501	727	1	\N	\N	\N	\N
502	1083	3	\N	\N	\N	\N
503	698	1	\N	4	\N	2
504	3320	4	\N	3	1	1
505	2356	2	\N	\N	1	\N
506	1451	1	2	4	1	2
507	2158	3	1	\N	\N	\N
508	1818	2	\N	\N	\N	2
509	3597	1	2	2	2	\N
510	1882	3	\N	\N	2	\N
511	1726	3	\N	1	\N	1
512	1505	4	\N	4	4	\N
513	3976	1	\N	\N	\N	\N
514	5405	4	\N	\N	\N	4
515	1741	2	\N	\N	\N	\N
516	3393	3	\N	\N	3	\N
517	4340	2	1	\N	\N	\N
518	1372	1	\N	\N	\N	\N
519	1143	3	2	\N	3	3
520	2454	4	3	\N	\N	4
521	1204	2	3	\N	1	4
522	3406	4	\N	\N	\N	\N
523	3150	3	2	2	1	\N
524	2364	2	\N	\N	4	1
525	977	1	\N	2	\N	4
526	5242	4	\N	\N	4	\N
527	3753	4	3	\N	\N	\N
528	4520	4	4	1	\N	\N
529	5493	2	\N	3	\N	4
530	4224	1	\N	\N	2	\N
531	1302	3	\N	\N	\N	3
532	1538	3	2	\N	\N	\N
533	3155	2	\N	2	\N	\N
534	506	3	1	\N	\N	\N
535	4549	2	\N	1	\N	4
536	4400	4	\N	2	\N	4
537	4999	4	\N	\N	\N	\N
538	2610	1	\N	\N	\N	\N
539	867	4	3	\N	4	\N
540	1254	2	1	4	1	\N
541	4326	1	\N	\N	\N	4
542	4532	2	\N	\N	\N	2
543	4162	4	2	3	3	4
544	2432	2	\N	\N	3	\N
545	701	4	\N	\N	\N	\N
546	2021	2	\N	1	\N	3
547	62	3	1	\N	3	1
548	3002	4	\N	\N	\N	3
549	5451	3	3	\N	3	1
550	318	4	4	1	3	\N
551	2590	2	\N	4	\N	\N
552	1033	3	\N	2	\N	\N
553	3127	2	\N	\N	\N	\N
554	191	2	\N	\N	1	2
555	2368	3	\N	3	\N	\N
556	825	3	2	\N	\N	4
557	5087	3	2	1	3	2
558	4233	1	2	\N	1	\N
559	4552	3	\N	\N	2	1
560	965	4	\N	3	\N	2
561	3637	3	\N	\N	\N	\N
562	784	4	3	\N	\N	4
563	3288	2	2	\N	\N	\N
564	391	1	\N	\N	\N	\N
565	5219	2	1	\N	\N	2
566	270	1	\N	\N	\N	\N
567	235	3	\N	\N	\N	4
568	847	1	3	\N	1	2
569	3722	2	4	4	\N	\N
570	4297	2	\N	2	\N	3
571	4159	1	\N	\N	\N	\N
572	3430	4	\N	3	4	\N
573	3088	3	4	\N	2	\N
574	3708	1	\N	4	4	4
575	5496	3	\N	\N	\N	3
576	4793	3	\N	3	2	2
577	995	4	\N	3	3	\N
578	1533	3	\N	\N	2	\N
579	3197	1	1	\N	2	4
580	1305	4	2	\N	\N	\N
581	3763	2	\N	1	2	\N
582	3886	1	4	\N	\N	4
583	990	2	\N	1	\N	3
584	256	1	\N	2	\N	\N
585	5100	2	\N	1	\N	\N
586	3308	2	\N	3	\N	1
587	5001	1	\N	\N	1	\N
588	2393	3	2	1	\N	4
589	5231	4	\N	1	\N	4
590	1243	2	\N	\N	\N	3
591	4320	1	\N	\N	3	\N
592	2478	4	\N	2	1	\N
593	2159	4	\N	4	\N	\N
594	5383	3	\N	\N	3	\N
595	1671	4	2	3	\N	2
596	1798	2	\N	\N	\N	\N
597	3573	2	\N	\N	1	\N
598	5204	4	3	3	\N	\N
599	4436	1	\N	\N	2	\N
600	525	2	4	\N	\N	3
601	1330	2	\N	3	\N	3
602	3311	2	\N	4	\N	4
603	3715	1	1	4	\N	1
604	1397	2	\N	\N	1	\N
605	1801	3	1	\N	\N	\N
606	212	2	\N	\N	\N	\N
607	227	1	\N	\N	\N	3
608	4794	4	\N	3	3	3
609	5466	2	\N	\N	\N	1
610	493	2	\N	\N	\N	\N
611	1104	1	4	3	\N	4
612	1949	4	3	\N	4	2
613	4525	1	1	\N	\N	\N
614	1074	1	\N	\N	3	1
615	2268	1	\N	3	4	\N
616	3849	1	4	1	\N	\N
617	3490	4	4	\N	\N	4
618	2946	3	\N	\N	\N	3
619	3647	2	3	4	2	4
620	2431	1	\N	4	\N	2
621	1565	1	3	\N	\N	\N
622	5056	1	4	3	3	1
623	960	4	\N	\N	\N	\N
624	726	3	3	1	1	3
625	915	4	2	\N	\N	\N
626	3653	4	1	3	\N	4
627	1425	1	\N	2	1	\N
628	1476	1	4	\N	3	4
629	4491	1	\N	\N	1	\N
630	3664	3	3	\N	\N	3
631	3834	2	\N	1	1	\N
632	543	3	\N	1	\N	4
633	3321	4	\N	\N	\N	\N
634	1229	4	\N	\N	\N	\N
635	2238	3	3	3	2	3
636	3427	3	\N	\N	\N	4
637	486	1	\N	\N	\N	3
638	1910	3	2	\N	\N	1
639	3744	4	\N	\N	\N	1
640	1737	3	\N	\N	\N	2
641	4209	1	\N	\N	\N	\N
642	3916	1	4	\N	4	1
643	3920	2	\N	\N	\N	\N
644	4625	3	\N	\N	2	\N
645	5001	3	\N	2	2	\N
646	912	2	\N	\N	\N	2
647	1624	4	3	2	1	\N
648	2744	1	2	3	\N	4
649	3125	1	4	1	\N	\N
650	4412	3	\N	\N	3	\N
651	685	4	3	\N	2	2
652	596	2	2	1	\N	\N
653	3539	3	\N	\N	1	\N
654	1688	1	2	\N	\N	\N
655	542	2	\N	\N	1	\N
656	1468	3	3	4	3	3
657	276	1	\N	\N	\N	\N
658	5190	1	1	\N	4	4
659	1835	1	3	\N	\N	1
660	1581	2	\N	\N	2	3
661	4099	1	\N	\N	\N	\N
662	2732	4	3	4	\N	\N
663	1648	2	\N	4	\N	\N
664	4198	2	\N	\N	\N	2
665	2614	1	\N	4	2	\N
666	2686	3	\N	\N	\N	2
667	1417	1	1	\N	3	4
668	2745	4	\N	\N	\N	1
669	1749	1	2	1	\N	\N
670	333	4	\N	\N	\N	\N
671	2753	1	\N	\N	4	4
672	3542	3	\N	\N	\N	\N
673	5492	2	4	\N	3	\N
674	4599	3	1	\N	2	\N
675	2950	1	\N	\N	1	1
676	4256	1	\N	1	3	\N
677	4301	3	4	1	4	\N
678	1550	3	\N	4	\N	\N
679	4278	3	\N	2	1	\N
680	4492	1	\N	3	1	\N
681	3129	2	\N	\N	\N	3
682	762	4	\N	1	\N	\N
683	87	4	\N	3	\N	1
684	4511	4	4	\N	1	\N
685	548	3	\N	\N	\N	\N
686	343	3	1	\N	\N	\N
687	2285	3	\N	\N	\N	\N
688	3435	1	\N	4	\N	1
689	789	2	\N	3	\N	4
690	1332	4	2	\N	\N	2
691	2943	2	\N	\N	\N	\N
692	987	1	\N	4	\N	2
693	4270	4	1	\N	2	\N
694	3709	3	3	3	\N	2
695	1745	2	4	4	4	\N
696	5263	3	1	\N	\N	\N
697	3782	1	\N	4	2	4
698	4938	3	1	\N	2	3
699	5135	1	\N	\N	\N	3
700	4052	1	\N	2	\N	\N
701	4703	1	\N	3	4	\N
702	1098	1	1	\N	\N	\N
703	3364	1	\N	3	\N	\N
704	2892	3	\N	3	\N	3
705	1639	4	1	\N	3	\N
706	4082	3	\N	\N	\N	1
707	4048	1	2	2	\N	\N
708	1453	3	4	\N	\N	\N
709	5419	2	\N	4	\N	2
710	2574	3	\N	4	3	3
711	3776	1	\N	1	\N	\N
712	2522	3	2	1	\N	\N
713	2519	4	\N	\N	\N	\N
714	4693	2	\N	\N	2	\N
715	987	2	3	\N	\N	1
716	735	4	1	4	3	\N
717	800	4	\N	\N	1	\N
718	4912	1	\N	\N	\N	1
719	993	1	\N	\N	\N	1
720	4979	2	1	\N	2	2
721	556	3	\N	\N	\N	3
722	419	1	1	\N	\N	1
723	1610	2	3	3	3	\N
724	4500	2	4	2	4	\N
725	4927	1	\N	3	\N	\N
726	3358	4	\N	\N	\N	\N
727	2477	3	\N	4	\N	\N
728	566	2	\N	\N	\N	1
729	4908	3	\N	\N	\N	3
730	4122	2	\N	2	2	\N
731	4456	4	\N	\N	\N	\N
732	3734	4	\N	\N	1	\N
733	2755	1	\N	\N	\N	\N
734	4290	3	\N	\N	\N	2
735	3683	3	\N	\N	2	\N
736	5333	3	\N	4	\N	4
737	3950	1	\N	\N	\N	3
738	1863	1	2	2	\N	\N
739	3411	1	1	\N	\N	\N
740	1296	3	\N	4	\N	\N
741	89	4	4	\N	3	3
742	4730	2	1	\N	\N	\N
743	3515	3	1	\N	\N	\N
744	2363	1	\N	\N	4	3
745	5301	3	\N	\N	\N	\N
746	479	3	\N	4	2	3
747	4994	2	4	2	1	\N
748	1611	2	4	\N	2	\N
749	3688	2	\N	\N	\N	\N
750	5165	3	\N	\N	3	\N
751	3992	2	4	2	\N	3
752	2165	4	\N	\N	\N	\N
753	2627	3	\N	\N	\N	\N
754	609	4	\N	2	3	\N
755	4442	4	\N	1	\N	\N
756	4678	3	\N	4	\N	1
757	1127	2	\N	4	4	1
758	1831	4	\N	\N	\N	\N
759	5265	3	4	\N	\N	2
760	4384	2	\N	4	\N	\N
761	2264	3	1	\N	\N	\N
762	3401	4	\N	\N	\N	\N
763	3940	2	\N	3	4	\N
764	921	4	\N	3	\N	\N
765	4032	4	\N	\N	\N	3
766	4740	4	3	\N	\N	4
767	5387	2	\N	\N	\N	\N
768	2636	1	\N	3	\N	\N
769	4427	3	2	1	\N	3
770	1426	2	\N	\N	\N	3
771	3807	3	2	\N	3	\N
772	2016	3	\N	3	1	\N
773	3810	4	1	\N	\N	3
774	1383	1	\N	\N	\N	\N
775	2271	1	1	3	4	1
776	1515	1	\N	\N	4	1
777	601	1	\N	\N	2	\N
778	2371	1	2	\N	2	4
779	4805	3	1	2	3	3
780	727	1	1	\N	\N	\N
781	2793	1	\N	\N	3	\N
782	3923	2	4	\N	\N	2
783	4644	4	\N	4	\N	\N
784	2206	3	\N	\N	\N	\N
785	1699	2	\N	2	\N	\N
786	4309	2	\N	\N	1	\N
787	894	3	\N	4	\N	\N
788	186	3	4	\N	1	\N
789	295	4	3	2	1	\N
790	4024	3	3	4	4	3
791	1435	1	1	\N	1	\N
792	5089	3	4	\N	3	\N
793	120	4	\N	4	4	1
794	241	4	3	\N	3	3
795	2349	4	\N	\N	\N	\N
796	1153	4	3	3	\N	\N
797	5463	4	\N	2	\N	\N
798	3121	2	\N	\N	\N	2
799	1822	1	4	\N	\N	\N
800	1500	4	4	\N	\N	2
801	2973	4	\N	3	\N	\N
802	997	3	\N	\N	\N	1
803	1711	2	1	\N	\N	\N
804	5281	2	\N	\N	\N	\N
805	4413	4	\N	\N	2	4
806	2007	2	3	\N	\N	\N
807	5398	2	\N	\N	\N	\N
808	3244	2	\N	\N	3	\N
809	4321	1	3	1	1	\N
810	4523	4	\N	\N	\N	2
811	120	3	3	\N	2	2
812	4071	2	\N	\N	\N	4
813	5486	4	\N	3	1	\N
814	3266	3	\N	\N	3	\N
815	1071	1	\N	1	\N	1
816	1987	1	1	\N	\N	\N
817	3402	2	1	\N	\N	\N
818	2070	2	4	2	\N	\N
819	3708	4	2	2	\N	2
820	2405	1	4	\N	\N	\N
821	2835	4	\N	3	\N	\N
822	2919	1	1	\N	\N	\N
823	2919	2	2	\N	2	\N
824	973	3	\N	\N	1	\N
825	210	2	1	3	\N	3
826	5299	3	\N	3	\N	\N
827	4855	3	\N	3	2	\N
828	1433	2	\N	\N	2	\N
829	4968	4	\N	\N	\N	\N
830	2527	4	4	1	3	\N
831	3224	1	\N	2	\N	\N
832	2673	3	\N	\N	4	\N
833	2722	3	\N	\N	\N	\N
834	4018	1	1	4	3	2
835	1088	1	\N	2	\N	\N
836	4052	3	2	\N	\N	\N
837	1454	2	\N	1	2	4
838	4221	4	3	\N	1	\N
839	2860	2	\N	\N	\N	3
840	1972	4	2	3	3	2
841	1128	2	\N	\N	4	\N
842	405	3	\N	\N	3	\N
843	4533	3	\N	\N	\N	\N
844	2229	3	2	\N	4	3
845	3751	2	3	\N	3	\N
846	1003	1	\N	2	\N	\N
847	4231	2	2	2	\N	\N
848	345	1	\N	\N	\N	4
849	1169	3	\N	\N	\N	\N
850	3443	3	\N	\N	1	1
851	1278	2	\N	\N	3	\N
852	1304	1	\N	\N	\N	\N
853	1085	4	2	3	\N	\N
854	5159	2	\N	\N	4	\N
855	3377	1	\N	2	\N	\N
856	3251	1	\N	\N	\N	\N
857	2846	1	4	\N	1	\N
858	5421	4	3	3	\N	\N
859	605	3	3	\N	\N	\N
860	2839	2	\N	\N	\N	\N
861	186	3	\N	4	\N	\N
862	2583	1	\N	\N	\N	3
863	4302	3	\N	2	\N	\N
864	348	4	\N	4	\N	\N
865	1257	2	\N	\N	3	\N
866	497	1	3	\N	\N	\N
867	1620	4	\N	\N	\N	2
868	554	3	2	\N	\N	\N
869	4532	4	2	\N	\N	\N
870	3317	2	3	\N	\N	4
871	1578	3	\N	\N	\N	3
872	3848	1	\N	\N	\N	\N
873	1091	4	\N	\N	3	2
874	2368	4	\N	\N	3	\N
875	4729	1	\N	4	\N	\N
876	114	4	3	3	3	1
877	1437	1	2	\N	4	\N
878	5159	3	1	1	\N	\N
879	5381	2	\N	1	\N	\N
880	3495	2	3	1	\N	\N
881	446	4	\N	\N	4	\N
882	1804	2	2	\N	\N	\N
883	2384	4	4	\N	2	\N
884	2881	3	\N	\N	1	\N
885	4208	1	\N	1	2	\N
886	355	4	\N	\N	\N	1
887	5442	1	2	3	\N	4
888	2118	3	\N	\N	4	2
889	792	2	\N	3	\N	3
890	1619	4	1	2	2	\N
891	4135	1	3	\N	\N	\N
892	308	2	3	\N	\N	\N
893	1942	1	\N	\N	\N	1
894	4450	2	3	\N	4	1
895	1710	3	\N	\N	\N	\N
896	3721	1	3	1	4	1
897	4738	4	3	1	\N	\N
898	4509	4	\N	2	\N	\N
899	1972	4	1	1	\N	2
900	2400	3	1	\N	\N	\N
901	5382	4	\N	\N	\N	2
902	4455	2	\N	\N	\N	\N
903	3858	2	3	\N	4	\N
904	1656	1	\N	\N	\N	\N
905	2990	2	\N	2	4	\N
906	1315	2	4	3	4	\N
907	446	4	\N	4	\N	\N
908	2445	3	\N	2	\N	4
909	5335	2	2	\N	\N	\N
910	557	4	\N	4	\N	\N
911	82	1	\N	\N	2	\N
912	2923	3	\N	\N	4	2
913	232	2	\N	\N	4	\N
914	171	2	4	\N	1	1
915	602	1	4	\N	3	1
916	2865	4	2	\N	1	4
917	4507	2	2	\N	\N	1
918	3220	2	1	\N	\N	\N
919	1665	3	\N	4	1	1
920	3941	2	\N	\N	\N	\N
921	1229	2	\N	\N	\N	4
922	1254	2	\N	\N	\N	3
923	3925	3	\N	2	3	1
924	3636	2	2	2	\N	\N
925	2802	3	\N	\N	\N	\N
926	4389	1	3	1	\N	4
927	5368	1	\N	2	\N	\N
928	945	2	\N	4	2	1
929	4627	3	\N	\N	\N	\N
930	3528	2	\N	4	\N	\N
931	658	3	\N	2	4	\N
932	4942	1	2	\N	1	\N
933	139	2	\N	\N	\N	\N
934	2395	4	1	\N	\N	2
935	3311	4	\N	\N	\N	\N
936	3964	1	\N	2	\N	1
937	3112	3	\N	3	\N	4
938	110	2	\N	4	1	\N
939	3437	4	\N	1	\N	\N
940	4643	4	\N	2	2	\N
941	118	1	\N	\N	\N	4
942	5448	3	2	\N	3	\N
943	2335	1	2	\N	4	4
944	2578	4	3	3	\N	\N
945	1211	4	4	\N	4	4
946	2629	3	4	\N	3	\N
947	576	1	4	\N	4	\N
948	3578	3	4	1	\N	3
949	3945	3	\N	3	\N	\N
950	1754	2	4	4	3	\N
951	4887	1	1	\N	\N	\N
952	1052	4	1	1	3	2
953	5144	2	\N	1	\N	\N
954	2744	2	\N	\N	1	\N
955	5404	1	\N	\N	2	\N
956	3043	2	4	\N	\N	4
957	3904	1	\N	3	\N	\N
958	3117	2	4	4	\N	\N
959	1514	1	\N	1	3	1
960	1859	3	\N	3	4	3
961	1282	3	3	3	\N	3
962	333	2	\N	3	\N	\N
963	3644	4	\N	1	\N	\N
964	410	3	\N	\N	2	\N
965	2757	1	1	\N	1	\N
966	748	1	3	2	3	\N
967	5024	2	\N	\N	\N	\N
968	3142	2	\N	1	\N	4
969	4186	3	\N	3	\N	\N
970	5281	4	\N	\N	3	3
971	4493	4	\N	2	\N	1
972	445	2	\N	1	4	2
973	3173	2	\N	\N	\N	\N
974	3125	4	\N	\N	3	\N
975	540	2	2	\N	3	2
976	1758	4	\N	\N	\N	\N
977	4269	1	4	\N	\N	\N
978	844	1	2	\N	3	1
979	4462	4	\N	\N	\N	\N
980	2151	4	\N	2	3	\N
981	4584	3	\N	\N	\N	3
982	933	4	4	\N	3	\N
983	2107	3	\N	3	\N	\N
984	3473	1	1	\N	\N	\N
985	2179	1	\N	\N	\N	1
986	2432	1	\N	3	4	\N
987	3135	4	\N	4	\N	\N
988	329	4	\N	1	\N	1
989	331	2	\N	1	\N	\N
990	592	4	4	\N	\N	\N
991	3680	2	\N	\N	4	2
992	1461	3	1	\N	\N	\N
993	4708	4	2	2	1	2
994	5369	3	2	\N	4	\N
995	4631	4	\N	\N	3	2
996	1641	1	\N	3	2	4
997	3319	4	\N	4	1	\N
998	4122	4	\N	\N	\N	2
999	593	1	3	4	\N	3
1000	1948	1	\N	2	2	\N
1001	3218	2	\N	3	\N	2
1002	4610	4	1	\N	3	\N
1003	4823	4	\N	\N	2	1
1004	3808	3	4	\N	\N	\N
1005	810	2	\N	3	\N	\N
1006	4270	1	\N	2	\N	\N
1007	2029	2	\N	\N	1	\N
1008	168	1	\N	\N	\N	\N
1009	4024	3	1	\N	\N	\N
1010	4058	2	\N	2	3	1
1011	4441	2	4	2	\N	\N
1012	4238	1	1	\N	\N	4
1013	5363	1	1	\N	\N	\N
1014	2423	4	\N	\N	\N	\N
1015	3779	4	\N	4	\N	3
1016	3605	3	\N	1	\N	\N
1017	930	2	3	\N	\N	1
1018	3249	3	\N	1	\N	3
1019	4780	4	\N	\N	\N	\N
1020	2823	2	\N	3	2	\N
1021	2733	4	2	\N	\N	\N
1022	4507	3	\N	\N	\N	4
1023	4761	3	1	\N	\N	3
1024	3525	3	4	1	\N	\N
1025	182	4	1	2	\N	\N
1026	4748	1	\N	\N	\N	\N
1027	2690	2	\N	3	\N	4
1028	4739	4	\N	\N	\N	\N
1029	708	2	\N	\N	4	\N
1030	1667	2	\N	\N	2	1
1031	3666	1	\N	3	\N	3
1032	2207	1	\N	\N	4	\N
1033	5273	3	1	\N	\N	\N
1034	3906	2	1	1	3	\N
1035	4292	1	\N	\N	\N	\N
1036	1255	2	4	\N	\N	\N
1037	1314	4	\N	\N	\N	\N
1038	3792	4	\N	\N	\N	\N
1039	1090	1	\N	4	1	3
1040	2841	1	\N	\N	\N	4
1041	3272	4	3	\N	3	\N
1042	631	3	\N	\N	\N	2
1043	3919	4	\N	1	\N	\N
1044	2540	2	4	4	3	\N
1045	939	1	\N	\N	3	3
1046	1280	3	4	4	\N	4
1047	4791	2	2	\N	2	\N
1048	4232	2	2	3	\N	3
1049	4554	1	\N	2	\N	\N
1050	2056	4	1	4	\N	3
1051	2499	4	\N	1	\N	\N
1052	4230	1	\N	\N	\N	\N
1053	1095	4	\N	\N	\N	4
1054	935	2	\N	\N	3	4
1055	3119	4	\N	2	\N	\N
1056	193	4	\N	\N	\N	4
1057	4760	1	\N	\N	\N	\N
1058	3666	3	\N	3	\N	\N
1059	4460	4	\N	4	\N	\N
1060	3985	1	\N	2	3	\N
1061	3304	1	3	\N	\N	\N
1062	1915	2	\N	\N	\N	\N
1063	2557	1	3	\N	\N	\N
1064	3305	4	\N	3	3	\N
1065	606	2	2	\N	\N	\N
1066	3151	4	4	1	2	\N
1067	1004	3	\N	3	\N	1
1068	2243	2	\N	4	\N	4
1069	832	3	1	\N	\N	\N
1070	4360	2	2	4	1	\N
1071	504	2	\N	\N	\N	3
1072	3057	2	4	2	\N	2
1073	3205	4	\N	\N	\N	3
1074	170	3	\N	1	2	1
1075	503	2	4	\N	\N	4
1076	1499	3	\N	3	\N	\N
1077	3246	4	\N	2	\N	1
1078	3120	1	\N	\N	3	\N
1079	492	3	\N	\N	\N	\N
1080	2030	3	\N	2	\N	2
1081	1261	3	\N	4	3	\N
1082	4810	4	\N	\N	\N	\N
1083	1397	3	3	\N	\N	3
1084	5309	1	2	1	2	4
1085	2002	1	\N	4	\N	2
1086	2544	1	1	\N	1	\N
1087	995	1	\N	\N	\N	\N
1088	4285	4	4	4	\N	\N
1089	3250	3	\N	\N	\N	\N
1090	2022	2	\N	\N	3	\N
1091	2307	1	2	\N	\N	3
1092	4848	1	2	\N	1	2
1093	2016	3	1	\N	\N	2
1094	3611	4	\N	\N	\N	1
1095	2629	3	\N	\N	4	4
1096	3763	4	\N	\N	4	\N
1097	3560	3	3	3	\N	\N
1098	725	2	4	\N	\N	4
1099	4792	3	\N	\N	3	3
1100	3349	4	2	\N	\N	2
1101	725	4	\N	\N	\N	1
1102	852	1	3	2	2	3
1103	2337	4	3	\N	\N	\N
1104	5258	1	\N	\N	2	\N
1105	4265	1	\N	\N	\N	4
1106	3357	4	\N	\N	2	\N
1107	4579	4	3	\N	\N	4
1108	2579	4	2	1	1	1
1109	5370	4	3	\N	3	\N
1110	5410	2	3	\N	\N	\N
1111	754	1	\N	\N	\N	2
1112	3868	4	\N	\N	4	2
1113	2737	3	3	4	\N	3
1114	259	4	\N	\N	\N	\N
1115	1080	1	\N	1	\N	\N
1116	2612	1	\N	3	\N	3
1117	5222	4	1	4	4	\N
1118	91	3	\N	\N	\N	\N
1119	2768	1	2	\N	3	\N
1120	3927	4	\N	\N	4	\N
1121	1225	1	1	4	\N	2
1122	4239	3	4	1	\N	1
1123	4584	4	1	\N	\N	\N
1124	274	3	\N	\N	\N	\N
1125	307	3	2	\N	1	\N
1126	2587	4	2	\N	\N	\N
1127	3356	4	\N	2	\N	\N
1128	1064	1	\N	\N	\N	4
1129	550	2	\N	\N	3	3
1130	3696	4	\N	\N	1	3
1131	3318	4	1	3	2	\N
1132	1208	4	4	1	\N	1
1133	1253	3	\N	\N	4	\N
1134	1849	3	\N	\N	\N	\N
1135	3718	4	\N	\N	\N	3
1136	460	1	\N	\N	\N	\N
1137	3656	3	\N	\N	\N	\N
1138	2200	4	\N	\N	\N	\N
1139	495	2	\N	\N	\N	1
1140	2166	2	\N	\N	4	4
1141	717	1	\N	\N	2	\N
1142	3670	2	\N	\N	4	\N
1143	401	1	\N	2	\N	\N
1144	4968	4	\N	2	3	\N
1145	1250	2	\N	\N	2	4
1146	4045	1	\N	\N	\N	3
1147	4157	4	4	\N	2	2
1148	4058	2	3	\N	2	3
1149	4345	2	\N	1	2	\N
1150	104	1	\N	\N	\N	\N
1151	4106	4	\N	\N	\N	1
1152	2010	4	\N	\N	\N	3
1153	5049	3	2	3	\N	\N
1154	1710	2	1	4	\N	1
1155	2572	1	\N	\N	2	\N
1156	304	4	\N	\N	3	\N
1157	2377	4	1	4	\N	\N
1158	3217	2	\N	\N	4	\N
1159	268	2	\N	1	\N	4
1160	2455	3	2	3	\N	3
1161	4963	4	3	2	\N	1
1162	4039	1	\N	\N	\N	\N
1163	46	1	3	\N	\N	2
1164	5395	3	2	1	1	\N
1165	2555	1	4	4	\N	4
1166	4651	2	\N	\N	2	\N
1167	1588	3	\N	\N	3	\N
1168	5275	3	\N	1	\N	\N
1169	1883	3	2	\N	\N	\N
1170	3262	4	1	\N	\N	2
1171	4206	4	\N	3	\N	2
1172	1629	3	\N	3	\N	\N
1173	4275	4	1	\N	1	3
1174	3692	1	3	\N	\N	2
1175	3085	1	3	2	\N	2
1176	1445	1	\N	\N	\N	\N
1177	648	2	3	3	\N	\N
1178	4536	2	\N	\N	\N	3
1179	3230	3	\N	1	\N	\N
1180	732	3	\N	\N	\N	1
1181	1073	2	\N	\N	1	\N
1182	639	3	1	3	2	\N
1183	60	4	3	\N	\N	\N
1184	4721	4	\N	\N	\N	\N
1185	216	4	\N	\N	2	1
1186	554	1	4	\N	2	3
1187	4146	4	\N	\N	1	4
1188	5456	2	\N	\N	\N	4
1189	4570	3	1	\N	\N	\N
1190	2446	3	\N	4	4	\N
1191	377	2	\N	3	\N	\N
1192	1391	4	1	\N	\N	3
1193	711	2	\N	2	2	\N
1194	5056	1	1	\N	4	\N
1195	5145	1	1	1	\N	4
1196	399	3	\N	3	\N	\N
1197	1195	3	\N	\N	2	2
1198	337	2	\N	\N	1	4
1199	986	3	\N	4	\N	\N
1200	2270	4	1	\N	\N	1
1201	2212	4	\N	2	\N	\N
1202	4515	1	\N	3	\N	\N
1203	3470	4	\N	4	\N	\N
1204	4330	2	\N	\N	4	\N
1205	3298	2	2	\N	2	\N
1206	2996	2	\N	\N	\N	2
1207	3081	2	\N	\N	\N	\N
1208	3165	2	\N	\N	4	1
1209	2079	2	3	\N	4	1
1210	451	1	4	\N	\N	\N
1211	3812	1	1	\N	\N	\N
1212	1923	2	\N	1	3	1
1213	5035	3	\N	\N	\N	\N
1214	54	3	2	\N	\N	4
1215	4979	3	\N	\N	\N	3
1216	4890	2	\N	\N	4	\N
1217	743	2	\N	1	1	2
1218	440	1	2	\N	\N	3
1219	2770	2	\N	\N	1	\N
1220	1311	1	3	1	\N	\N
1221	4870	4	\N	1	\N	\N
1222	3972	2	\N	\N	2	\N
1223	2516	1	1	\N	\N	1
1224	4339	4	1	2	3	4
1225	501	1	3	\N	\N	4
1226	1917	1	4	2	1	\N
1227	3822	4	\N	3	\N	\N
1228	2123	4	\N	3	1	1
1229	967	3	3	\N	\N	1
1230	3484	4	\N	1	1	\N
1231	1414	3	\N	\N	\N	\N
1232	2486	4	\N	\N	3	\N
1233	5140	4	\N	3	4	\N
1234	1573	1	1	\N	\N	4
1235	517	3	\N	\N	1	\N
1236	4852	2	\N	\N	2	\N
1237	3484	4	\N	4	\N	3
1238	2247	4	1	\N	1	\N
1239	3831	1	\N	\N	2	3
1240	2432	2	\N	\N	\N	\N
1241	2806	4	\N	\N	\N	4
1242	1476	1	2	\N	\N	4
1243	979	4	1	\N	\N	\N
1244	1691	1	\N	\N	4	1
1245	4364	1	3	3	3	1
1246	1423	4	4	4	\N	\N
1247	4182	1	1	2	3	\N
1248	488	4	2	\N	\N	\N
1249	3934	1	4	1	3	\N
1250	4230	3	3	\N	\N	\N
1251	5270	2	\N	\N	\N	\N
1252	3865	2	\N	\N	\N	\N
1253	2700	4	3	2	1	\N
1254	5152	3	\N	1	\N	4
1255	1424	4	1	\N	\N	\N
1256	713	2	3	\N	2	4
1257	1715	1	3	4	\N	\N
1258	4460	2	\N	3	1	2
1259	3846	4	2	\N	\N	1
1260	1423	2	4	\N	\N	3
1261	4123	1	\N	2	1	4
1262	4569	1	3	1	\N	\N
1263	2726	2	\N	2	2	3
1264	1395	1	\N	3	\N	3
1265	3993	1	2	1	1	\N
1266	4510	4	\N	\N	\N	\N
1267	1172	4	1	2	\N	2
1268	2210	2	\N	\N	\N	\N
1269	2142	1	4	\N	4	1
1270	3179	4	\N	\N	\N	\N
1271	3238	1	\N	1	1	\N
1272	2236	1	\N	\N	2	\N
1273	350	3	\N	1	2	4
1274	4629	3	\N	\N	\N	2
1275	5109	4	\N	\N	4	2
1276	718	1	3	\N	\N	\N
1277	4549	1	2	\N	4	\N
1278	3820	3	3	\N	\N	\N
1279	2723	2	\N	\N	3	\N
1280	3123	1	\N	\N	\N	\N
1281	784	4	\N	4	1	2
1282	1717	1	\N	2	\N	\N
1283	893	3	4	4	\N	\N
1284	2000	3	4	4	\N	\N
1285	346	1	1	\N	\N	\N
1286	3507	3	\N	3	2	3
1287	857	3	\N	2	\N	\N
1288	4546	4	\N	3	1	4
1289	210	4	1	2	\N	1
1290	3681	4	\N	4	\N	\N
1291	1335	2	\N	\N	\N	\N
1292	4878	3	\N	3	\N	\N
1293	3752	1	\N	4	\N	1
1294	1432	3	2	\N	\N	\N
1295	1195	1	4	1	\N	4
1296	4917	1	\N	\N	\N	\N
1297	3724	4	\N	\N	1	\N
1298	3325	3	2	1	4	\N
1299	1771	2	4	\N	\N	\N
1300	52	1	1	2	\N	4
1301	1575	3	1	3	\N	2
1302	1147	4	\N	4	\N	1
1303	420	4	\N	\N	\N	\N
1304	2667	1	3	\N	\N	\N
1305	3807	1	\N	2	4	1
1306	1735	1	\N	2	\N	\N
1307	2667	2	\N	4	\N	\N
1308	4533	1	\N	3	\N	1
1309	168	3	\N	\N	\N	\N
1310	2010	3	\N	3	\N	\N
1311	2174	3	1	4	1	\N
1312	4763	1	\N	\N	\N	\N
1313	1639	2	2	3	1	2
1314	2653	4	\N	\N	4	\N
1315	4625	2	3	\N	\N	4
1316	5307	3	1	\N	\N	2
1317	3210	4	\N	\N	\N	2
1318	5109	3	\N	\N	\N	1
1319	2880	1	\N	3	\N	1
1320	1712	2	\N	4	4	3
1321	712	1	\N	\N	\N	2
1322	4878	3	3	3	3	\N
1323	2179	3	\N	\N	1	\N
1324	4577	4	3	\N	\N	\N
1325	2711	3	1	1	\N	\N
1326	2969	4	\N	\N	4	\N
1327	1119	2	\N	1	1	\N
1328	4379	2	\N	\N	4	\N
1329	2362	3	\N	2	3	4
1330	1519	3	1	\N	4	\N
1331	1934	3	\N	1	3	\N
1332	2247	1	\N	\N	\N	\N
1333	4326	1	\N	4	4	2
1334	5009	2	\N	1	\N	4
1335	651	4	\N	\N	\N	4
1336	209	2	\N	4	1	1
1337	2966	3	4	\N	\N	2
1338	341	3	\N	\N	\N	1
1339	1233	2	1	1	\N	\N
1340	1645	2	\N	3	1	\N
1341	2805	1	\N	3	\N	\N
1342	2035	2	\N	\N	2	\N
1343	4402	3	2	3	2	\N
1344	1553	2	4	\N	\N	\N
1345	4586	1	1	3	1	\N
1346	200	3	\N	3	\N	\N
1347	3552	2	3	1	\N	\N
1348	5495	2	\N	\N	\N	\N
1349	4459	4	\N	1	\N	3
1350	5131	2	\N	1	4	\N
1351	4989	4	\N	\N	4	\N
1352	2408	1	\N	\N	3	\N
1353	1281	4	\N	\N	\N	\N
1354	3914	4	3	4	3	\N
1355	1926	3	\N	4	\N	2
1356	981	3	\N	2	\N	\N
1357	1676	2	3	\N	\N	4
1358	3457	1	1	\N	\N	2
1359	2826	3	2	\N	\N	\N
1360	1545	4	\N	3	1	3
1361	4469	3	\N	\N	\N	\N
1362	5318	4	\N	\N	\N	\N
1363	2559	1	3	\N	4	\N
1364	4122	3	4	4	4	\N
1365	4957	2	3	\N	3	2
1366	2495	4	\N	\N	\N	\N
1367	3922	4	\N	\N	\N	\N
1368	5293	4	1	\N	\N	4
1369	2826	2	4	2	\N	2
1370	839	1	2	1	\N	3
1371	4412	1	4	\N	2	\N
1372	3467	4	1	4	4	\N
1373	140	4	\N	3	\N	\N
1374	1287	1	2	1	1	\N
1375	864	1	4	3	\N	\N
1376	3928	4	\N	\N	\N	\N
1377	2180	3	\N	\N	\N	4
1378	748	3	\N	3	4	\N
1379	4472	3	4	\N	4	\N
1380	3123	3	\N	\N	4	\N
1381	390	2	\N	1	3	\N
1382	4343	4	\N	\N	\N	\N
1383	5356	3	\N	3	\N	\N
1384	5213	4	\N	\N	2	1
1385	4881	4	2	\N	\N	\N
1386	4141	2	3	\N	\N	4
1387	4360	2	2	3	\N	3
1388	101	3	\N	4	2	\N
1389	3663	3	4	\N	\N	\N
1390	5298	3	\N	\N	1	\N
1391	2054	3	\N	\N	\N	\N
1392	2073	3	\N	\N	\N	\N
1393	4022	4	\N	\N	1	3
1394	4238	4	1	3	\N	\N
1395	2692	4	\N	3	3	\N
1396	829	2	2	\N	1	\N
1397	807	2	1	1	\N	4
1398	1711	2	1	\N	3	\N
1399	3202	2	\N	1	\N	1
1400	5015	2	4	\N	\N	\N
1401	3506	4	2	\N	4	4
1402	675	3	2	\N	\N	2
1403	1360	3	1	1	\N	3
1404	2484	2	\N	\N	4	1
1405	3414	1	4	\N	4	\N
1406	5136	3	\N	\N	2	\N
1407	3846	3	4	\N	\N	\N
1408	3390	4	2	\N	\N	\N
1409	2564	3	\N	\N	\N	\N
1410	2663	2	2	\N	\N	\N
1411	182	3	\N	1	\N	3
1412	4020	3	2	\N	\N	1
1413	3457	1	\N	\N	\N	2
1414	1183	1	4	\N	\N	\N
1415	851	1	1	4	3	4
1416	2054	4	\N	\N	\N	4
1417	1545	2	\N	\N	\N	1
1418	2063	2	3	3	\N	\N
1419	3357	3	1	\N	\N	2
1420	1679	3	3	4	\N	1
1421	442	1	3	\N	\N	\N
1422	910	1	\N	1	2	2
1423	1990	2	2	\N	\N	\N
1424	610	4	\N	4	2	\N
1425	424	1	\N	\N	\N	4
1426	370	2	2	\N	\N	4
1427	1558	3	3	2	\N	1
1428	5156	3	\N	2	\N	1
1429	4119	3	2	\N	4	4
1430	2530	4	3	\N	\N	4
1431	4776	2	4	3	\N	\N
1432	3306	1	\N	\N	\N	\N
1433	5371	1	\N	\N	4	\N
1434	1153	2	3	\N	\N	4
1435	4516	2	\N	\N	\N	\N
1436	2306	3	\N	4	\N	3
1437	3890	3	4	\N	\N	3
1438	3443	4	1	4	\N	4
1439	2467	4	1	3	\N	\N
1440	1361	3	2	2	\N	\N
1441	670	4	\N	\N	2	\N
1442	3721	2	2	\N	2	2
1443	3049	2	1	\N	\N	\N
1444	3884	1	1	1	3	\N
1445	2977	2	\N	2	\N	\N
1446	2979	3	\N	2	4	4
1447	3516	3	4	\N	\N	\N
1448	1406	2	\N	1	\N	\N
1449	1290	3	\N	1	\N	1
1450	523	1	\N	1	1	2
1451	5073	1	\N	\N	2	\N
1452	2073	3	\N	1	4	2
1453	1287	2	\N	\N	1	\N
1454	917	1	4	\N	3	\N
1455	1857	4	\N	\N	3	1
1456	3889	3	\N	1	\N	\N
1457	2799	1	\N	\N	\N	4
1458	1463	2	\N	\N	\N	\N
1459	2508	2	\N	3	\N	3
1460	2190	1	\N	\N	\N	1
1461	2528	4	\N	\N	\N	2
1462	3346	2	\N	\N	1	1
1463	1736	3	3	\N	2	\N
1464	5451	1	1	4	\N	\N
1465	1492	1	3	\N	4	4
1466	3870	3	2	\N	\N	\N
1467	5374	3	\N	\N	\N	\N
1468	3233	1	2	3	\N	\N
1469	587	1	3	\N	\N	\N
1470	2905	3	\N	\N	\N	2
1471	599	3	\N	\N	4	4
1472	630	1	\N	4	\N	\N
1473	2967	1	\N	\N	2	\N
1474	4370	4	\N	\N	\N	\N
1475	4178	1	\N	\N	\N	3
1476	5180	3	3	1	\N	\N
1477	1547	4	\N	\N	2	4
1478	2843	1	\N	\N	\N	\N
1479	5136	3	\N	3	3	\N
1480	1971	1	\N	1	1	\N
1481	3659	1	\N	3	2	\N
1482	1937	1	\N	\N	\N	\N
1483	4341	4	4	\N	\N	\N
1484	1729	2	\N	4	2	1
1485	1751	1	\N	\N	4	\N
1486	3631	2	2	4	\N	3
1487	1504	4	1	\N	\N	2
1488	2335	4	\N	\N	4	\N
1489	4015	1	\N	\N	\N	3
1490	4607	1	1	3	3	1
1491	465	4	\N	\N	\N	4
1492	2968	4	\N	\N	\N	2
1493	1867	1	3	1	3	\N
1494	4986	2	\N	3	\N	\N
1495	65	1	\N	3	1	\N
1496	616	1	\N	\N	\N	\N
1497	3079	3	\N	\N	3	\N
1498	2263	4	\N	4	\N	\N
1499	4801	1	\N	4	4	\N
1500	1160	4	\N	\N	\N	\N
1501	808	4	\N	\N	\N	\N
1502	3726	1	4	\N	3	\N
1503	5405	1	3	\N	1	4
1504	3666	2	\N	\N	2	\N
1505	3167	3	\N	3	4	\N
1506	2436	1	3	4	3	\N
1507	1300	3	\N	2	\N	\N
1508	3684	3	\N	\N	4	2
1509	1453	3	\N	\N	\N	1
1510	3352	1	1	3	\N	\N
1511	1760	3	\N	\N	3	\N
1512	3075	4	\N	\N	4	1
1513	1996	4	\N	\N	3	\N
1514	5187	3	\N	3	\N	3
1515	1218	2	3	3	\N	2
1516	3483	3	\N	1	\N	\N
1517	5033	4	\N	1	\N	3
1518	4487	4	4	2	3	\N
1519	654	2	2	\N	\N	1
1520	5045	1	3	3	\N	3
1521	5302	2	\N	4	1	\N
1522	5486	4	\N	\N	2	\N
1523	2747	4	2	\N	4	\N
1524	4519	2	\N	\N	\N	4
1525	1606	4	3	\N	3	2
1526	3543	4	1	\N	\N	\N
1527	4763	1	\N	\N	\N	1
1528	5000	1	\N	1	\N	\N
1529	4895	3	1	\N	3	\N
1530	1415	2	1	\N	\N	4
1531	3752	3	3	1	4	1
1532	3605	1	\N	3	\N	3
1533	3571	4	\N	4	3	3
1534	4657	3	\N	1	\N	\N
1535	421	1	\N	3	\N	1
1536	901	4	\N	2	4	\N
1537	2520	2	2	4	\N	1
1538	226	3	\N	\N	\N	\N
1539	4448	2	\N	1	3	3
1540	3283	4	4	1	\N	\N
1541	2482	4	\N	\N	\N	3
1542	2372	4	\N	\N	3	\N
1543	1037	1	\N	\N	\N	\N
1544	225	3	\N	\N	\N	2
1545	352	3	\N	\N	3	\N
1546	4997	2	3	\N	2	\N
1547	3887	2	\N	\N	4	\N
1548	268	4	3	\N	\N	1
1549	3796	1	1	4	4	\N
1550	4201	2	4	\N	3	2
1551	4484	3	4	\N	3	2
1552	4565	1	3	\N	\N	\N
1553	5130	3	\N	\N	\N	\N
1554	1572	2	\N	4	\N	\N
1555	902	2	\N	\N	4	\N
1556	4566	2	\N	\N	\N	\N
1557	5181	4	3	2	\N	\N
1558	2267	3	\N	\N	\N	\N
1559	4245	4	4	\N	\N	\N
1560	2393	3	2	\N	1	\N
1561	150	1	\N	2	1	\N
1562	4437	2	\N	\N	1	1
1563	359	2	4	1	\N	1
1564	3194	4	\N	\N	\N	2
1565	1103	4	3	3	3	4
1566	2900	2	1	4	\N	1
1567	5018	2	\N	4	\N	1
1568	1223	3	\N	4	\N	\N
1569	2601	1	\N	2	\N	\N
1570	338	1	\N	1	2	3
1571	2744	4	\N	\N	1	\N
1572	1872	3	\N	\N	\N	4
1573	2844	4	2	1	3	3
1574	3654	4	4	\N	\N	\N
1575	465	3	1	4	\N	2
1576	467	4	\N	4	\N	1
1577	5160	3	\N	2	2	\N
1578	2825	1	4	\N	\N	4
1579	911	4	\N	\N	1	4
1580	1533	2	\N	\N	\N	\N
1581	4185	4	\N	1	4	\N
1582	2495	2	\N	\N	\N	3
1583	2888	2	\N	\N	2	\N
1584	741	3	4	\N	\N	1
1585	2902	2	\N	\N	2	3
1586	1703	3	\N	2	3	\N
1587	489	4	\N	\N	2	3
1588	2565	3	4	\N	\N	\N
1589	2926	3	2	3	\N	1
1590	4136	4	\N	1	4	\N
1591	420	3	\N	1	3	1
1592	1709	2	\N	3	\N	2
1593	4019	1	1	\N	\N	2
1594	735	3	2	\N	3	\N
1595	3415	1	3	\N	\N	\N
1596	3744	2	\N	2	3	\N
1597	2949	3	2	2	4	2
1598	1429	3	3	\N	\N	1
1599	623	3	\N	\N	4	2
1600	261	4	3	3	\N	2
1601	1774	3	\N	2	\N	\N
1602	2945	1	4	3	1	\N
1603	5271	1	\N	\N	2	3
1604	5023	2	\N	\N	\N	\N
1605	580	3	\N	\N	1	4
1606	4043	4	1	1	\N	4
1607	4338	4	\N	\N	\N	\N
1608	3542	2	1	1	4	\N
1609	2275	3	\N	\N	\N	1
1610	2705	1	3	\N	\N	2
1611	3819	2	\N	\N	\N	1
1612	5497	3	1	3	\N	\N
1613	3775	2	4	\N	\N	\N
1614	5080	1	3	4	2	\N
1615	1120	1	1	2	\N	\N
1616	3923	4	3	2	\N	1
1617	4168	4	2	1	\N	\N
1618	2601	4	\N	\N	3	\N
1619	3973	2	\N	\N	\N	1
1620	2026	3	\N	4	3	3
1621	581	1	2	3	\N	\N
1622	2944	4	2	4	1	2
1623	132	4	\N	\N	\N	\N
1624	2182	1	4	\N	2	2
1625	4524	1	3	4	2	\N
1626	341	3	\N	3	\N	1
1627	5397	3	\N	3	2	\N
1628	2130	4	3	\N	\N	\N
1629	2760	2	\N	1	3	2
1630	4838	2	\N	\N	4	\N
1631	1015	1	1	1	\N	2
1632	936	1	3	4	\N	4
1633	2676	3	\N	\N	4	4
1634	2485	2	2	\N	2	\N
1635	3193	3	\N	4	4	4
1636	4183	4	\N	\N	\N	2
1637	2763	2	\N	2	2	\N
1638	532	4	2	1	4	\N
1639	5416	3	4	\N	\N	3
1640	709	2	2	\N	\N	4
1641	5289	3	4	\N	\N	\N
1642	2495	2	2	\N	4	2
1643	857	3	\N	4	4	2
1644	2961	1	2	\N	\N	4
1645	2027	3	\N	\N	\N	\N
1646	3276	4	3	3	3	\N
1647	785	3	\N	\N	\N	4
1648	2971	4	3	\N	3	\N
1649	2339	2	\N	1	\N	3
1650	4838	2	\N	\N	\N	1
1651	4831	4	1	3	\N	3
1652	895	4	4	\N	\N	\N
1653	4480	4	2	2	1	3
1654	4630	3	\N	\N	\N	4
1655	2337	4	\N	\N	\N	1
1656	2772	3	4	\N	3	\N
1657	4866	4	4	\N	1	\N
1658	622	3	\N	\N	2	\N
1659	190	3	\N	4	\N	\N
1660	5443	1	\N	4	2	2
1661	1425	1	1	2	\N	\N
1662	5093	3	1	\N	3	\N
1663	4142	1	\N	\N	\N	3
1664	4504	1	\N	4	4	\N
1665	2742	3	\N	\N	\N	3
1666	2317	2	\N	3	2	1
1667	3640	4	\N	1	4	\N
1668	2822	2	\N	\N	\N	\N
1669	2592	4	1	1	\N	2
1670	4109	2	\N	1	\N	\N
1671	5074	2	\N	\N	\N	1
1672	4831	1	2	2	\N	\N
1673	546	3	\N	\N	\N	\N
1674	2725	2	\N	\N	1	\N
1675	2315	2	2	\N	2	\N
1676	3864	1	3	3	1	\N
1677	5158	3	\N	1	\N	1
1678	4669	1	4	\N	\N	\N
1679	1485	3	2	\N	3	\N
1680	5148	2	2	\N	2	\N
1681	3302	4	\N	1	\N	\N
1682	2117	4	2	4	\N	\N
1683	5098	2	\N	\N	2	\N
1684	3370	1	1	\N	\N	\N
1685	2477	4	\N	\N	\N	3
1686	5117	4	3	\N	\N	4
1687	4403	2	\N	\N	2	\N
1688	1503	1	\N	\N	\N	\N
1689	3117	2	\N	2	\N	\N
1690	3280	2	3	\N	\N	\N
1691	2258	2	1	\N	2	\N
1692	4574	4	4	\N	3	\N
1693	4511	1	\N	\N	4	4
1694	3562	1	\N	\N	1	2
1695	3511	3	2	1	4	\N
1696	1226	4	3	1	\N	\N
1697	912	1	\N	\N	3	\N
1698	4013	2	\N	\N	\N	\N
1699	5449	4	\N	\N	3	\N
1700	5438	2	3	\N	4	\N
1701	1550	3	\N	\N	\N	2
1702	390	1	1	\N	\N	2
1703	1649	2	\N	4	1	\N
1704	5476	3	\N	\N	\N	\N
1705	1529	2	\N	2	4	4
1706	426	3	1	\N	\N	\N
1707	3552	1	1	\N	\N	\N
1708	1262	3	1	\N	1	2
1709	934	1	\N	4	\N	\N
1710	4822	4	\N	2	\N	4
1711	1399	2	1	1	\N	\N
1712	3145	3	\N	\N	2	4
1713	1430	2	\N	2	\N	\N
1714	2187	2	2	\N	\N	\N
1715	2683	4	4	3	3	\N
1716	2116	1	\N	\N	\N	1
1717	3671	3	\N	\N	\N	2
1718	3092	4	\N	1	\N	4
1719	2576	4	1	\N	4	\N
1720	153	4	\N	1	\N	\N
1721	4766	1	\N	\N	\N	3
1722	2565	1	4	\N	\N	3
1723	5174	3	\N	2	\N	\N
1724	315	3	1	3	\N	\N
1725	2250	1	\N	2	\N	2
1726	2774	3	3	\N	\N	4
1727	3465	3	\N	4	\N	4
1728	5098	2	\N	\N	4	\N
1729	4396	2	4	\N	\N	4
1730	4092	1	\N	\N	3	\N
1731	1300	3	3	\N	\N	4
1732	874	3	\N	\N	\N	\N
1733	204	4	\N	2	\N	\N
1734	4757	3	\N	\N	1	3
1735	2137	4	\N	\N	2	\N
1736	4497	4	2	4	\N	\N
1737	1641	1	2	\N	\N	\N
1738	4006	4	\N	\N	\N	1
1739	2754	3	3	1	4	\N
1740	2801	4	1	\N	2	4
1741	4316	2	\N	4	\N	\N
1742	5460	3	\N	\N	\N	\N
1743	5261	3	\N	\N	\N	\N
1744	826	2	\N	\N	2	2
1745	1751	3	\N	3	\N	\N
1746	4046	3	\N	\N	1	\N
1747	1012	1	\N	\N	\N	\N
1748	1273	1	\N	\N	\N	\N
1749	2598	3	2	\N	\N	\N
1750	4061	3	\N	\N	\N	\N
1751	5358	4	\N	4	3	2
1752	2080	2	1	2	\N	\N
1753	359	4	\N	\N	1	3
1754	3319	1	\N	1	1	1
1755	4432	4	3	3	\N	3
1756	1884	3	\N	2	4	\N
1757	2546	2	\N	2	1	\N
1758	615	2	3	1	1	\N
1759	627	3	4	1	\N	\N
1760	4321	3	1	2	\N	\N
1761	793	3	\N	\N	2	\N
1762	1505	4	3	\N	\N	\N
1763	2515	4	\N	\N	3	2
1764	3706	4	1	1	1	3
1765	3349	4	2	2	2	\N
1766	5045	2	3	\N	3	\N
1767	5017	3	\N	\N	\N	4
1768	1539	3	\N	\N	4	\N
1769	2851	4	2	\N	3	\N
1770	5403	2	\N	2	\N	\N
1771	146	4	1	\N	1	2
1772	4704	1	\N	\N	\N	1
1773	1493	1	\N	2	\N	\N
1774	4841	3	4	\N	\N	1
1775	5292	4	\N	4	4	\N
1776	1433	2	\N	1	\N	\N
1777	3707	2	3	2	\N	\N
1778	4093	3	\N	\N	\N	2
1779	5340	2	\N	1	\N	\N
1780	413	2	\N	\N	\N	\N
1781	5415	1	1	4	3	\N
1782	1661	4	3	1	\N	\N
1783	1188	1	3	3	2	\N
1784	301	3	\N	\N	\N	\N
1785	4320	1	1	3	1	\N
1786	2548	4	\N	\N	\N	\N
1787	713	1	2	\N	4	\N
1788	5195	1	\N	\N	4	\N
1789	1446	4	\N	1	\N	1
1790	2111	4	\N	1	\N	\N
1791	406	2	2	3	\N	\N
1792	2871	1	\N	\N	\N	\N
1793	2947	1	\N	\N	4	2
1794	490	2	3	4	\N	\N
1795	1319	4	\N	4	\N	1
1796	4694	3	2	4	\N	1
1797	2852	4	\N	4	2	2
1798	1252	4	4	\N	\N	\N
1799	3961	3	\N	1	\N	\N
1800	270	2	3	\N	1	\N
1801	4536	2	1	3	\N	2
1802	3657	3	\N	\N	2	\N
1803	4947	1	4	1	\N	\N
1804	5327	1	2	\N	4	\N
1805	2657	3	\N	\N	4	4
1806	422	1	\N	2	\N	4
1807	582	1	3	3	3	\N
1808	1013	3	4	\N	4	\N
1809	1642	1	\N	\N	4	2
1810	1185	4	4	3	\N	\N
1811	3893	1	\N	\N	\N	\N
1812	2224	2	\N	\N	\N	\N
1813	3141	4	\N	2	1	2
1814	4742	2	\N	\N	\N	2
1815	4175	2	\N	\N	\N	2
1816	1035	4	\N	4	\N	1
1817	2755	3	\N	\N	2	4
1818	3784	4	\N	1	3	\N
1819	2446	1	4	\N	4	4
1820	2912	1	\N	1	1	\N
1821	490	4	\N	\N	\N	1
1822	3870	1	\N	3	\N	2
1823	1486	1	\N	\N	\N	\N
1824	5468	2	\N	\N	\N	2
1825	3495	1	\N	\N	2	4
1826	4895	3	\N	3	1	3
1827	5428	3	4	4	\N	\N
1828	226	1	\N	\N	\N	1
1829	1361	2	4	2	2	3
1830	4667	3	\N	\N	\N	1
1831	823	3	\N	3	2	\N
1832	2412	4	\N	\N	3	\N
1833	4511	1	3	\N	\N	\N
1834	4830	1	\N	\N	\N	\N
1835	659	3	\N	2	2	2
1836	84	3	\N	\N	\N	\N
1837	2101	1	\N	\N	\N	\N
1838	4402	4	4	\N	\N	\N
1839	2813	4	\N	\N	\N	2
1840	1743	3	\N	\N	2	\N
1841	2299	4	\N	\N	\N	1
1842	1779	3	3	\N	\N	3
1843	2116	4	\N	\N	3	\N
1844	2784	2	1	1	\N	3
1845	4726	4	\N	3	\N	\N
1846	4220	1	3	\N	\N	3
1847	5155	2	\N	1	2	\N
1848	1744	4	4	\N	3	\N
1849	2244	3	\N	4	\N	2
1850	2999	4	\N	\N	1	\N
1851	3692	2	\N	\N	\N	\N
1852	2335	2	\N	\N	\N	2
1853	4396	2	\N	2	\N	\N
1854	3244	2	\N	\N	4	\N
1855	2964	1	\N	1	4	\N
1856	4166	3	4	\N	\N	\N
1857	327	3	3	\N	\N	\N
1858	1484	4	\N	\N	\N	\N
1859	260	1	\N	2	\N	3
1860	1940	3	2	2	\N	\N
1861	378	3	4	4	\N	\N
1862	3226	3	1	1	\N	\N
1863	2649	3	\N	4	3	\N
1864	2295	1	\N	2	1	4
1865	1874	2	\N	\N	\N	\N
1866	3824	1	\N	2	\N	\N
1867	3831	4	\N	2	2	\N
1868	279	1	\N	2	2	\N
1869	1299	1	\N	\N	1	\N
1870	4592	1	2	1	\N	2
1871	1750	3	\N	1	2	\N
1872	2327	4	\N	\N	\N	1
1873	3448	3	1	\N	4	\N
1874	4495	2	2	2	\N	\N
1875	1357	3	\N	3	\N	\N
1876	3111	3	\N	\N	2	\N
1877	2603	3	\N	1	2	2
1878	1092	4	4	\N	\N	4
1879	1208	2	4	\N	\N	\N
1880	3354	4	2	\N	\N	1
1881	2975	3	\N	\N	1	\N
1882	5059	2	1	\N	\N	4
1883	2668	4	2	1	\N	\N
1884	2706	1	\N	2	\N	\N
1885	5406	3	\N	\N	\N	4
1886	3097	4	\N	\N	2	\N
1887	3442	4	\N	\N	4	3
1888	5228	2	4	\N	4	\N
1889	4053	1	\N	1	\N	4
1890	1853	2	3	2	\N	\N
1891	2964	2	\N	\N	\N	\N
1892	4915	3	4	3	\N	2
1893	3765	2	\N	\N	1	\N
1894	5495	1	\N	3	4	\N
1895	318	3	\N	\N	\N	\N
1896	2949	1	1	1	\N	3
1897	3952	3	\N	\N	4	1
1898	3539	3	\N	\N	\N	3
1899	4358	1	\N	4	\N	\N
1900	2428	3	3	\N	3	\N
1901	1886	2	3	3	\N	\N
1902	293	3	\N	2	\N	3
1903	770	2	1	3	\N	\N
1904	3218	1	1	4	\N	\N
1905	73	3	\N	\N	4	2
1906	1561	1	\N	1	\N	\N
1907	2365	4	1	\N	4	\N
1908	1814	2	\N	2	\N	\N
1909	3609	1	\N	\N	1	1
1910	1589	3	\N	\N	\N	\N
1911	1155	4	\N	\N	\N	3
1912	1263	1	\N	4	\N	\N
1913	723	1	\N	\N	\N	\N
1914	2671	2	\N	\N	4	\N
1915	4531	1	3	\N	\N	\N
1916	4064	4	\N	\N	\N	4
1917	4659	4	\N	\N	\N	\N
1918	1988	4	3	\N	4	\N
1919	4350	3	\N	\N	1	2
1920	3900	1	2	\N	\N	\N
1921	2151	1	2	\N	4	\N
1922	1781	3	\N	3	\N	4
1923	2040	1	\N	4	\N	\N
1924	4910	1	1	\N	\N	2
1925	1121	2	\N	\N	1	\N
1926	4944	2	3	2	\N	\N
1927	1105	2	\N	\N	\N	\N
1928	96	1	1	\N	2	4
1929	671	2	\N	4	4	\N
1930	4966	3	\N	2	1	\N
1931	4738	1	\N	4	\N	\N
1932	5141	4	\N	2	\N	3
1933	2394	2	1	1	3	\N
1934	5300	4	2	1	\N	\N
1935	1261	4	2	2	1	4
1936	1612	1	\N	2	\N	\N
1937	1946	2	3	\N	2	3
1938	4736	3	\N	\N	3	\N
1939	5035	3	3	3	\N	\N
1940	1664	1	\N	4	\N	\N
1941	820	3	\N	2	\N	\N
1942	5287	3	\N	3	\N	\N
1943	1431	1	3	4	\N	\N
1944	2405	1	4	1	\N	\N
1945	2210	1	1	3	2	\N
1946	395	4	2	\N	2	2
1947	1060	4	4	\N	1	\N
1948	4539	2	2	2	\N	\N
1949	3977	3	\N	\N	2	4
1950	3594	4	1	\N	1	\N
1951	343	4	1	2	\N	3
1952	2153	1	\N	1	\N	\N
1953	823	4	\N	\N	4	\N
1954	602	2	\N	\N	\N	\N
1955	1831	3	\N	1	\N	\N
1956	1163	3	\N	\N	1	1
1957	248	1	\N	\N	\N	\N
1958	3606	2	2	4	\N	\N
1959	3766	1	\N	\N	1	3
1960	2443	4	2	\N	\N	\N
1961	3503	2	\N	4	\N	\N
1962	2356	1	2	\N	2	\N
1963	4230	1	\N	\N	2	\N
1964	3332	2	\N	\N	\N	\N
1965	2870	1	4	\N	\N	\N
1966	4187	2	1	3	\N	\N
1967	2895	4	\N	1	\N	\N
1968	379	3	\N	3	\N	\N
1969	1183	4	\N	2	4	\N
1970	3071	3	\N	\N	\N	3
1971	3907	2	3	\N	\N	\N
1972	4160	4	\N	\N	\N	\N
1973	2670	4	\N	\N	4	2
1974	5338	1	4	\N	\N	1
1975	855	1	\N	2	1	4
1976	500	4	4	\N	2	3
1977	5254	4	\N	\N	\N	\N
1978	4367	3	\N	\N	4	3
1979	3675	1	4	\N	1	1
1980	4894	2	\N	\N	\N	\N
1981	2126	3	\N	4	\N	\N
1982	2716	2	\N	\N	\N	2
1983	1558	3	\N	3	\N	3
1984	2028	4	4	\N	\N	2
1985	4417	1	\N	\N	1	2
1986	811	2	3	\N	\N	3
1987	2659	3	\N	2	\N	\N
1988	4573	1	1	4	1	\N
1989	1528	4	4	\N	\N	1
1990	5281	3	\N	\N	\N	\N
1991	1642	4	\N	\N	\N	\N
1992	160	2	\N	\N	\N	\N
1993	2308	3	\N	4	3	\N
1994	5005	3	4	1	\N	\N
1995	4664	2	\N	\N	2	\N
1996	5495	3	3	\N	4	2
1997	4096	1	1	1	4	\N
1998	1823	1	\N	2	2	2
1999	1197	2	2	4	2	3
2000	2149	4	3	3	2	\N
2001	2154	2	\N	1	1	\N
2002	3178	1	\N	\N	\N	1
2003	1477	2	\N	\N	\N	\N
2004	4125	3	\N	\N	\N	2
2005	507	3	\N	\N	4	\N
2006	5136	1	\N	\N	\N	\N
2007	5370	1	4	\N	\N	4
2008	611	2	1	\N	\N	3
2009	2764	2	3	\N	\N	3
2010	3812	3	4	\N	\N	4
2011	3834	4	4	1	4	3
2012	893	4	\N	3	\N	\N
2013	3666	4	\N	\N	\N	\N
2014	583	3	2	\N	1	\N
2015	913	1	\N	\N	\N	\N
2016	5300	3	3	\N	3	1
2017	2825	4	1	\N	1	\N
2018	4497	1	1	\N	1	\N
2019	393	4	4	4	\N	2
2020	3533	3	\N	3	\N	2
2021	2538	4	\N	\N	\N	\N
2022	4278	1	\N	4	\N	\N
2023	5205	2	\N	\N	\N	\N
2024	4460	3	\N	\N	\N	\N
2025	117	3	2	\N	1	\N
2026	1559	3	\N	3	3	1
2027	2470	4	\N	\N	1	1
2028	5391	1	\N	4	\N	4
2029	2676	3	1	\N	\N	1
2030	5415	3	\N	4	\N	\N
2031	2240	1	4	\N	3	\N
2032	1495	4	1	\N	\N	\N
2033	3790	4	2	\N	1	\N
2034	4520	2	2	\N	\N	\N
2035	2701	2	\N	1	3	2
2036	240	3	\N	\N	2	\N
2037	304	2	1	\N	\N	\N
2038	2585	2	\N	\N	2	3
2039	2843	4	\N	\N	\N	\N
2040	3625	3	2	\N	1	\N
2041	5356	2	4	4	\N	\N
2042	4185	4	\N	\N	\N	1
2043	1147	1	4	\N	3	\N
2044	4981	3	\N	2	\N	\N
2045	886	3	\N	\N	1	2
2046	98	4	\N	\N	\N	\N
2047	5355	1	2	1	4	\N
2048	4757	2	4	3	1	2
2049	499	3	\N	\N	3	\N
2050	245	2	\N	\N	1	\N
2051	2481	2	\N	2	\N	\N
2052	4028	4	\N	\N	2	\N
2053	4998	4	1	2	1	\N
2054	101	2	4	4	\N	3
2055	1939	3	\N	2	\N	\N
2056	5030	2	\N	\N	\N	1
2057	4831	1	4	\N	4	2
2058	3466	1	\N	3	\N	\N
2059	1169	3	\N	1	\N	\N
2060	2550	3	\N	\N	2	4
2061	2265	1	\N	4	2	1
2062	522	2	\N	4	\N	\N
2063	1177	3	4	\N	\N	4
2064	570	3	1	\N	\N	\N
2065	2516	4	4	\N	\N	\N
2066	2077	1	4	2	2	\N
2067	391	2	\N	\N	\N	\N
2068	1086	1	4	\N	2	\N
2069	2140	3	4	1	\N	\N
2070	1460	3	3	2	\N	\N
2071	5344	4	4	\N	\N	1
2072	5155	2	\N	\N	\N	3
2073	484	1	\N	\N	4	1
2074	5343	2	2	\N	\N	\N
2075	5401	3	4	3	\N	\N
2076	2924	4	\N	3	\N	\N
2077	337	3	\N	\N	4	\N
2078	2039	2	\N	4	2	\N
2079	1729	3	4	\N	\N	\N
2080	1673	1	4	\N	1	4
2081	3541	4	3	3	\N	2
2082	2128	4	\N	2	\N	3
2083	2625	2	\N	\N	2	\N
2084	3973	2	1	\N	\N	2
2085	4748	4	3	\N	2	2
2086	5308	2	\N	\N	4	\N
2087	695	4	4	4	\N	3
2088	966	4	\N	\N	\N	1
2089	5313	3	2	\N	4	4
2090	4665	4	\N	\N	\N	\N
2091	452	1	\N	1	4	\N
2092	5193	4	\N	3	\N	2
2093	4136	3	\N	\N	\N	\N
2094	4214	1	\N	\N	\N	2
2095	3589	1	3	4	2	\N
2096	3971	2	\N	2	\N	\N
2097	5227	3	\N	\N	\N	\N
2098	4433	2	\N	\N	\N	4
2099	3353	3	\N	4	\N	2
2100	2043	2	\N	4	\N	3
2101	716	1	2	2	\N	\N
2102	1013	2	\N	1	\N	\N
2103	3754	3	\N	\N	1	\N
2104	3742	1	\N	\N	\N	1
2105	4543	3	\N	\N	4	\N
2106	1302	1	\N	\N	2	\N
2107	3095	4	4	\N	\N	\N
2108	3512	1	4	2	\N	4
2109	36	1	\N	\N	4	2
2110	1482	2	\N	2	\N	\N
2111	5440	2	4	\N	\N	2
2112	4157	4	\N	3	\N	\N
2113	4307	4	2	\N	\N	\N
2114	2497	1	\N	1	\N	2
2115	2647	2	\N	\N	\N	\N
2116	1914	2	3	\N	\N	\N
2117	3182	2	\N	\N	\N	\N
2118	2359	3	\N	1	\N	2
2119	2463	1	1	\N	\N	\N
2120	1059	2	\N	\N	3	\N
2121	5258	4	2	3	3	\N
2122	4303	3	1	\N	\N	3
2123	1305	1	1	\N	4	\N
2124	4807	4	2	\N	\N	\N
2125	1625	3	\N	3	1	\N
2126	4714	1	\N	\N	\N	\N
2127	2567	4	\N	4	3	\N
2128	2283	3	1	3	\N	\N
2129	40	4	\N	\N	3	\N
2130	5302	1	\N	1	2	\N
2131	2359	4	\N	3	2	2
2132	1473	2	3	\N	\N	4
2133	514	1	\N	\N	\N	1
2134	3956	1	\N	\N	\N	\N
2135	5267	2	\N	\N	\N	\N
2136	779	4	2	\N	\N	\N
2137	4209	3	\N	\N	\N	3
2138	2278	4	3	3	4	2
2139	1816	2	\N	4	\N	\N
2140	1343	2	1	3	2	\N
2141	1864	2	\N	\N	1	\N
2142	5108	1	1	\N	2	\N
2143	5252	1	\N	\N	\N	\N
2144	4123	4	\N	\N	\N	\N
2145	2052	3	\N	\N	4	\N
2146	3440	4	\N	\N	2	\N
2147	3497	3	2	2	2	\N
2148	2199	1	\N	\N	\N	\N
2149	4809	4	4	\N	\N	1
2150	4993	2	\N	\N	\N	\N
2151	4642	2	\N	1	\N	1
2152	338	3	4	4	\N	4
2153	4851	3	\N	\N	1	\N
2154	4477	4	\N	\N	\N	\N
2155	3898	3	\N	\N	3	2
2156	3797	3	3	1	4	1
2157	2707	2	\N	\N	\N	\N
2158	2361	4	\N	\N	\N	\N
2159	4108	4	\N	\N	1	3
2160	1277	2	1	3	\N	2
2161	4552	3	\N	4	\N	1
2162	2734	2	\N	4	1	4
2163	3863	2	\N	4	\N	\N
2164	5187	2	\N	\N	\N	\N
2165	264	2	\N	\N	\N	2
2166	3693	1	1	3	\N	3
2167	537	3	\N	3	4	1
2168	2838	2	3	\N	3	3
2169	4093	2	2	3	\N	2
2170	2386	3	3	4	\N	2
2171	5372	1	\N	\N	\N	\N
2172	3351	4	2	\N	2	3
2173	23	2	\N	1	\N	4
2174	3237	1	\N	\N	\N	1
2175	1409	2	\N	\N	\N	\N
2176	2419	3	2	2	\N	\N
2177	1317	1	\N	\N	\N	\N
2178	777	2	\N	\N	\N	4
2179	1347	1	4	3	\N	\N
2180	3496	4	\N	3	\N	2
2181	1884	4	\N	\N	\N	\N
2182	2629	3	3	\N	\N	\N
2183	3570	1	\N	\N	1	3
2184	2303	1	1	\N	\N	\N
2185	5434	4	\N	3	2	2
2186	109	2	\N	\N	\N	1
2187	1888	2	\N	2	\N	\N
2188	2895	2	\N	1	\N	2
2189	2229	3	\N	\N	\N	4
2190	3664	3	\N	\N	\N	3
2191	2168	3	\N	3	\N	\N
2192	3716	4	\N	\N	2	\N
2193	2028	3	\N	\N	\N	\N
2194	1941	3	\N	\N	\N	1
2195	2915	3	\N	\N	2	\N
2196	4963	1	\N	\N	\N	\N
2197	1915	3	\N	3	\N	1
2198	1686	2	3	\N	3	\N
2199	1541	4	4	\N	\N	3
2200	1367	4	\N	\N	2	3
2201	5165	3	3	1	2	\N
2202	5183	2	\N	\N	\N	\N
2203	1498	2	\N	\N	1	1
2204	3263	2	\N	3	3	3
2205	4331	3	\N	\N	\N	3
2206	2545	4	\N	\N	3	\N
2207	2831	3	2	2	2	\N
2208	676	2	\N	\N	\N	\N
2209	1754	4	\N	3	\N	\N
2210	595	3	\N	\N	1	\N
2211	3466	1	\N	\N	1	1
2212	4956	4	\N	4	3	3
2213	2872	2	\N	\N	\N	\N
2214	773	3	4	\N	4	\N
2215	5476	1	\N	\N	3	2
2216	449	4	3	3	\N	2
2217	2872	2	\N	1	3	\N
2218	3144	4	\N	4	\N	\N
2219	3438	4	\N	\N	2	4
2220	2823	1	1	\N	\N	\N
2221	593	1	4	\N	\N	\N
2222	5084	1	\N	4	4	\N
2223	2626	4	\N	\N	3	\N
2224	2659	2	1	\N	\N	1
2225	495	4	\N	\N	4	1
2226	1318	3	\N	3	\N	3
2227	1774	3	\N	1	2	\N
2228	2875	3	\N	\N	1	\N
2229	1329	3	\N	2	\N	\N
2230	935	4	\N	\N	4	\N
2231	1006	4	\N	\N	\N	4
2232	2606	1	1	\N	\N	\N
2233	2555	3	1	3	\N	\N
2234	5157	1	\N	2	1	\N
2235	4440	3	\N	\N	\N	\N
2236	4858	2	3	\N	\N	3
2237	667	2	\N	\N	\N	\N
2238	1954	1	\N	\N	\N	1
2239	1835	4	3	\N	\N	1
2240	1248	2	3	\N	1	\N
2241	4306	4	\N	4	1	3
2242	1430	4	3	\N	\N	\N
2243	5238	1	\N	\N	\N	2
2244	749	3	\N	4	\N	3
2245	4000	4	\N	2	\N	\N
2246	908	4	1	\N	\N	\N
2247	1859	2	\N	\N	4	2
2248	299	4	\N	4	\N	1
2249	1634	1	1	\N	\N	\N
2250	2839	2	\N	\N	2	\N
2251	2537	2	\N	\N	\N	\N
2252	2990	4	\N	\N	\N	\N
2253	2737	3	\N	3	2	1
2254	1887	4	\N	1	\N	\N
2255	1319	3	1	\N	4	\N
2256	2919	4	1	\N	\N	\N
2257	3013	3	\N	3	\N	\N
2258	2422	2	2	1	\N	\N
2259	270	4	1	1	1	2
2260	2862	3	\N	1	\N	1
2261	5211	1	\N	\N	4	4
2262	1398	4	\N	2	\N	\N
2263	4135	3	\N	\N	3	\N
2264	4447	3	\N	2	\N	3
2265	1551	1	\N	4	\N	1
2266	3517	2	\N	3	\N	\N
2267	4708	2	\N	\N	\N	\N
2268	608	4	3	\N	3	2
2269	2027	2	\N	4	\N	2
2270	1300	2	1	1	\N	2
2271	1820	2	\N	\N	\N	\N
2272	491	1	\N	2	\N	3
2273	4486	2	\N	1	4	\N
2274	4536	1	\N	\N	4	2
2275	3657	4	\N	2	\N	\N
2276	4079	2	2	1	\N	3
2277	1812	1	2	4	\N	3
2278	2342	3	\N	\N	\N	\N
2279	3406	3	3	1	\N	\N
2280	3073	3	\N	2	\N	\N
2281	4748	2	\N	2	\N	2
2282	1059	4	\N	\N	\N	1
2283	5133	2	2	\N	\N	3
2284	1652	3	\N	\N	\N	\N
2285	4474	3	\N	\N	4	\N
2286	680	3	2	\N	\N	1
2287	2460	4	\N	\N	\N	\N
2288	2823	3	3	4	3	2
2289	5394	2	3	2	4	\N
2290	3804	3	\N	2	\N	\N
2291	1043	2	1	2	1	\N
2292	1107	2	4	4	4	\N
2293	991	2	\N	3	\N	2
2294	3974	2	\N	2	\N	4
2295	5279	4	\N	1	\N	\N
2296	954	1	4	2	4	\N
2297	3389	3	\N	\N	\N	\N
2298	440	4	3	1	\N	\N
2299	735	3	\N	1	\N	3
2300	4226	4	1	2	1	\N
2301	2327	3	4	2	\N	\N
2302	229	3	\N	4	1	4
2303	5425	3	\N	1	\N	\N
2304	47	3	4	\N	4	\N
2305	499	4	\N	\N	\N	2
2306	4524	3	2	4	1	\N
2307	4542	1	\N	\N	4	4
2308	4618	4	3	\N	\N	2
2309	842	2	\N	\N	\N	\N
2310	2956	2	3	4	3	1
2311	2600	1	\N	2	\N	\N
2312	5090	1	2	2	\N	4
2313	4119	2	\N	\N	\N	\N
2314	1780	4	\N	\N	\N	\N
2315	2154	2	\N	\N	\N	\N
2316	4546	2	2	1	4	\N
2317	544	3	1	2	1	1
2318	2046	2	1	\N	1	4
2319	1556	4	\N	3	1	\N
2320	5433	3	\N	1	\N	2
2321	1563	1	\N	\N	\N	1
2322	3837	2	4	3	2	\N
2323	4287	4	\N	\N	\N	\N
2324	998	2	1	\N	\N	\N
2325	1858	2	\N	1	\N	\N
2326	1902	2	1	1	\N	\N
2327	1299	2	\N	2	2	\N
2328	4168	1	4	1	\N	\N
2329	1636	4	\N	\N	\N	\N
2330	4674	3	2	4	\N	2
2331	249	4	\N	\N	\N	3
2332	4318	3	\N	\N	3	\N
2333	1869	2	3	\N	4	\N
2334	5113	3	\N	1	\N	\N
2335	2470	4	\N	\N	\N	\N
2336	4291	4	3	2	\N	\N
2337	4985	4	2	\N	4	3
2338	1400	1	4	\N	\N	1
2339	4975	4	\N	\N	3	\N
2340	5343	3	2	\N	\N	1
2341	5442	3	\N	4	\N	\N
2342	5356	3	\N	2	1	2
2343	282	4	\N	3	1	1
2344	1073	3	3	3	\N	\N
2345	3037	4	2	4	1	\N
2346	3979	2	4	1	\N	\N
2347	2701	4	\N	\N	\N	\N
2348	1471	1	\N	\N	\N	2
2349	4671	1	\N	2	\N	\N
2350	4238	2	3	\N	3	\N
2351	595	2	\N	\N	\N	\N
2352	3446	1	\N	\N	\N	4
2353	3021	1	\N	1	3	\N
2354	3997	3	4	3	3	3
2355	633	1	\N	\N	4	1
2356	2064	3	\N	\N	\N	\N
2357	1548	2	\N	\N	4	3
2358	875	4	4	\N	\N	\N
2359	650	2	\N	4	4	\N
2360	2464	4	\N	\N	1	4
2361	5418	3	4	\N	\N	\N
2362	3570	1	\N	3	\N	2
2363	3671	1	\N	\N	1	3
2364	3488	4	4	\N	\N	4
2365	2208	3	\N	\N	\N	4
2366	2798	3	2	\N	\N	3
2367	3114	4	4	\N	\N	\N
2368	1056	4	\N	\N	3	2
2369	532	1	4	2	1	\N
2370	3821	1	3	\N	4	\N
2371	3305	1	\N	\N	\N	\N
2372	1327	4	\N	1	\N	\N
2373	4781	2	3	\N	\N	\N
2374	1581	4	\N	3	\N	\N
2375	3214	1	\N	\N	\N	4
2376	3883	1	\N	\N	\N	\N
2377	3872	4	\N	4	\N	3
2378	2151	1	3	\N	\N	1
2379	3207	3	\N	\N	\N	4
2380	4845	1	\N	\N	4	3
2381	974	1	\N	2	\N	\N
2382	744	4	\N	\N	1	\N
2383	2221	3	\N	3	\N	\N
2384	1467	1	4	\N	4	\N
2385	2500	2	\N	\N	4	\N
2386	4473	3	\N	\N	\N	\N
2387	3499	3	2	\N	\N	\N
2388	3275	4	3	3	\N	\N
2389	4679	2	\N	\N	\N	\N
2390	4245	4	\N	\N	\N	4
2391	5302	3	4	\N	\N	\N
2392	4305	4	\N	\N	\N	2
2393	3579	4	2	\N	\N	\N
2394	1444	2	\N	\N	\N	2
2395	642	3	1	\N	\N	\N
2396	4917	4	\N	\N	\N	\N
2397	1142	4	\N	\N	\N	\N
2398	3020	3	\N	\N	2	\N
2399	5217	3	\N	\N	\N	\N
2400	5325	3	2	3	1	2
2401	699	2	\N	3	4	\N
2402	455	2	\N	\N	3	\N
2403	2892	3	\N	2	3	\N
2404	72	3	\N	1	1	\N
2405	3270	1	\N	\N	\N	\N
2406	3085	2	\N	\N	3	\N
2407	1057	4	\N	2	\N	\N
2408	3163	1	\N	1	\N	\N
2409	4694	1	\N	\N	4	\N
2410	295	4	1	\N	\N	\N
2411	2329	2	4	1	\N	\N
2412	5491	4	3	\N	4	\N
2413	2150	1	1	\N	\N	1
2414	2634	1	\N	\N	\N	2
2415	1568	3	4	\N	\N	\N
2416	2738	2	1	\N	3	\N
2417	4444	1	\N	4	\N	1
2418	1053	4	\N	\N	\N	\N
2419	1717	1	\N	\N	\N	\N
2420	5460	1	\N	\N	\N	\N
2421	201	3	\N	\N	\N	3
2422	369	2	\N	\N	\N	\N
2423	308	4	4	\N	2	\N
2424	3326	4	\N	1	3	\N
2425	558	1	2	\N	1	3
2426	1515	3	4	3	\N	1
2427	279	2	\N	\N	\N	4
2428	1411	4	\N	\N	3	2
2429	2686	1	1	\N	\N	1
2430	853	1	\N	\N	3	\N
2431	4391	3	\N	3	3	\N
2432	5073	1	\N	4	\N	\N
2433	3758	2	\N	\N	1	\N
2434	5281	2	\N	3	1	\N
2435	4627	1	\N	\N	\N	\N
2436	2988	3	\N	\N	\N	\N
2437	516	1	\N	4	1	1
2438	5268	1	\N	2	2	\N
2439	313	2	\N	\N	\N	3
2440	3986	1	\N	1	4	\N
2441	1813	4	4	2	1	\N
2442	425	3	\N	\N	\N	4
2443	4039	3	\N	\N	3	1
2444	5314	2	\N	\N	\N	\N
2445	2509	1	\N	2	\N	\N
2446	273	2	4	\N	\N	\N
2447	2803	1	\N	\N	4	1
2448	4611	4	\N	\N	\N	\N
2449	196	3	4	2	2	\N
2450	1866	2	\N	\N	\N	2
2451	3640	1	\N	\N	\N	\N
2452	805	2	\N	\N	\N	\N
2453	2318	2	\N	\N	\N	\N
2454	3090	3	\N	\N	3	1
2455	1982	1	3	1	\N	\N
2456	693	2	\N	\N	\N	1
2457	381	2	\N	2	2	\N
2458	5059	3	3	2	\N	2
2459	2326	4	\N	4	4	\N
2460	4530	1	\N	\N	2	\N
2461	4071	4	\N	\N	2	3
2462	1971	1	3	4	\N	3
2463	1263	2	\N	4	3	\N
2464	219	1	1	1	\N	\N
2465	1101	1	1	2	3	1
2466	4033	3	\N	\N	\N	\N
2467	576	1	\N	2	\N	3
2468	1168	3	\N	\N	\N	\N
2469	1543	1	\N	\N	\N	\N
2470	1800	2	\N	\N	\N	2
2471	4404	4	\N	2	\N	4
2472	3173	3	3	\N	\N	\N
2473	3961	4	\N	1	\N	4
2474	4656	3	2	\N	\N	\N
2475	3090	4	\N	\N	1	\N
2476	4487	1	\N	\N	4	3
2477	3730	3	\N	4	\N	\N
2478	4549	1	\N	3	3	4
2479	3088	3	3	3	3	\N
2480	4817	2	4	\N	\N	2
2481	3826	4	\N	\N	\N	\N
2482	2603	1	3	\N	\N	\N
2483	710	3	\N	\N	\N	2
2484	3789	2	\N	4	1	3
2485	3540	2	\N	\N	3	\N
2486	2242	2	4	\N	4	3
2487	5494	1	1	3	\N	4
2488	1604	3	\N	\N	\N	\N
2489	1983	4	2	3	\N	\N
2490	4608	3	\N	\N	\N	4
2491	5307	2	\N	\N	\N	3
2492	4352	2	\N	\N	\N	\N
2493	3215	2	1	\N	\N	1
2494	2830	3	3	3	3	4
2495	1742	3	\N	\N	\N	3
2496	990	4	2	1	\N	4
2497	960	2	\N	\N	\N	3
2498	1130	2	2	2	\N	\N
2499	4444	4	3	\N	4	\N
2500	607	1	4	2	3	\N
2501	1054	1	\N	\N	3	3
2502	1430	1	1	1	1	\N
2503	4629	2	\N	1	\N	3
2504	3605	4	2	\N	4	4
2505	4274	4	1	\N	1	\N
2506	630	1	\N	1	\N	1
2507	4149	2	\N	\N	2	2
2508	3181	4	4	\N	\N	3
2509	4857	4	\N	\N	1	1
2510	2433	1	\N	\N	4	4
2511	2129	3	2	1	\N	\N
2512	3866	3	2	\N	3	2
2513	2402	3	\N	\N	\N	\N
2514	3759	4	3	\N	\N	\N
2515	4559	2	\N	\N	\N	\N
2516	2867	4	\N	\N	\N	\N
2517	3308	4	\N	\N	\N	1
2518	3520	2	\N	\N	3	\N
2519	2245	1	\N	3	\N	\N
2520	264	3	\N	\N	3	\N
2521	3083	4	\N	\N	1	4
2522	36	2	\N	2	\N	\N
2523	4019	4	3	\N	\N	\N
2524	2877	3	\N	1	\N	\N
2525	4551	4	\N	\N	\N	\N
2526	302	1	\N	\N	\N	\N
2527	3227	3	\N	\N	\N	\N
2528	4437	4	\N	4	3	\N
2529	2948	4	3	\N	3	\N
2530	2373	4	4	3	\N	4
2531	3559	3	\N	\N	\N	4
2532	585	1	2	\N	\N	4
2533	3947	3	4	\N	3	3
2534	1668	4	\N	4	2	\N
2535	5313	4	\N	2	\N	2
2536	2815	3	3	1	\N	2
2537	514	4	4	\N	4	\N
2538	3412	1	\N	4	\N	\N
2539	2226	2	\N	\N	1	\N
2540	1461	1	3	\N	1	\N
2541	5190	2	\N	3	4	\N
2542	2475	2	\N	\N	4	\N
2543	3597	1	\N	\N	3	4
2544	1879	4	\N	\N	\N	\N
2545	5483	2	3	1	\N	\N
2546	4655	4	\N	4	\N	\N
2547	3659	4	3	\N	\N	4
2548	3777	2	\N	\N	\N	1
2549	4852	3	\N	4	\N	1
2550	291	2	\N	\N	4	\N
2551	4745	4	\N	\N	\N	\N
2552	2129	3	\N	3	\N	1
2553	5183	4	\N	\N	\N	\N
2554	1359	2	2	4	\N	\N
2555	2150	2	2	\N	\N	\N
2556	4660	2	\N	\N	\N	\N
2557	3627	4	4	2	2	1
2558	1159	2	1	\N	\N	\N
2559	163	3	\N	4	2	\N
2560	1544	1	\N	\N	3	\N
2561	3991	1	2	\N	\N	\N
2562	585	3	1	3	\N	4
2563	3594	4	1	1	\N	\N
2564	1288	2	2	\N	\N	1
2565	1887	3	4	4	3	\N
2566	1043	2	4	1	4	\N
2567	4288	2	\N	\N	2	\N
2568	3305	1	\N	\N	\N	\N
2569	1437	1	\N	1	\N	4
2570	4074	3	\N	3	\N	\N
2571	1907	3	1	\N	\N	\N
2572	5107	4	\N	\N	\N	\N
2573	356	3	3	2	4	\N
2574	3578	4	\N	\N	\N	4
2575	221	2	\N	3	\N	\N
2576	5479	4	\N	\N	\N	\N
2577	2066	4	\N	\N	2	2
2578	5019	1	\N	3	\N	3
2579	3637	3	4	\N	\N	\N
2580	5019	2	3	\N	\N	4
2581	3229	1	\N	\N	\N	\N
2582	734	3	\N	\N	4	\N
2583	3175	4	\N	\N	\N	\N
2584	570	1	1	\N	2	\N
2585	4431	1	4	\N	2	\N
2586	5372	4	4	4	2	\N
2587	2505	1	\N	3	3	\N
2588	5023	2	2	2	\N	3
2589	2517	2	\N	3	1	2
2590	1883	2	\N	4	\N	\N
2591	4318	1	\N	\N	\N	\N
2592	459	4	1	\N	\N	\N
2593	4861	1	1	3	4	\N
2594	4775	3	\N	\N	\N	\N
2595	3096	3	\N	2	2	4
2596	1497	1	\N	\N	3	3
2597	3890	1	3	\N	\N	2
2598	605	3	\N	\N	\N	4
2599	3458	4	\N	\N	\N	\N
2600	910	4	\N	2	1	\N
2601	5315	2	\N	\N	\N	\N
2602	5418	1	\N	\N	\N	1
2603	561	3	1	\N	\N	\N
2604	173	4	3	\N	1	4
2605	2300	1	\N	\N	\N	1
2606	4047	1	1	\N	\N	\N
2607	1130	3	\N	\N	\N	1
2608	2836	4	\N	\N	\N	4
2609	1648	1	2	4	\N	\N
2610	4380	4	\N	1	2	\N
2611	2783	2	\N	\N	\N	4
2612	4098	1	\N	4	2	2
2613	5202	4	\N	1	4	\N
2614	458	3	\N	3	3	1
2615	1808	2	\N	3	2	2
2616	3165	2	\N	\N	\N	\N
2617	3092	1	\N	\N	\N	3
2618	957	1	\N	1	\N	\N
2619	1174	3	3	4	1	\N
2620	5207	2	\N	4	\N	4
2621	1509	1	2	\N	\N	\N
2622	5497	4	\N	1	\N	\N
2623	3217	4	\N	\N	\N	3
2624	5492	1	4	\N	\N	\N
2625	2739	4	\N	\N	\N	2
2626	4332	3	2	\N	\N	\N
2627	5365	4	4	\N	\N	\N
2628	4190	3	3	\N	\N	\N
2629	2202	3	3	3	\N	2
2630	3072	3	2	1	\N	\N
2631	2146	2	\N	\N	2	\N
2632	5375	1	\N	\N	\N	\N
2633	1368	3	\N	3	\N	\N
2634	4447	1	\N	\N	\N	3
2635	189	3	\N	4	\N	1
2636	4210	2	\N	4	3	3
2637	2602	2	2	\N	1	\N
2638	47	2	3	\N	4	\N
2639	2471	3	4	3	\N	4
2640	4847	1	2	2	3	\N
2641	634	3	\N	\N	2	\N
2642	884	4	\N	\N	\N	\N
2643	2607	3	4	\N	\N	\N
2644	4489	2	4	\N	\N	4
2645	3596	2	\N	\N	\N	\N
2646	5482	1	2	\N	\N	1
2647	3786	4	2	\N	\N	1
2648	4646	2	2	\N	4	3
2649	779	2	2	\N	\N	2
2650	3234	3	\N	\N	\N	\N
2651	235	3	1	\N	\N	3
2652	3984	2	\N	4	\N	\N
2653	4315	2	\N	3	\N	\N
2654	99	1	3	\N	\N	\N
2655	3210	3	1	\N	\N	\N
2656	4435	1	1	3	\N	3
2657	2580	4	\N	\N	\N	2
2658	4225	2	\N	\N	\N	\N
2659	2465	3	1	2	\N	3
2660	4817	1	\N	1	\N	\N
2661	2552	3	\N	\N	3	\N
2662	4761	2	2	\N	1	2
2663	314	3	2	2	3	\N
2664	2019	4	1	\N	\N	1
2665	4493	3	\N	\N	\N	\N
2666	131	3	\N	\N	1	1
2667	3622	4	\N	\N	3	3
2668	2189	1	4	2	\N	3
2669	803	3	\N	\N	1	3
2670	2778	1	3	\N	4	\N
2671	5492	3	\N	\N	\N	\N
2672	2708	2	1	\N	\N	\N
2673	693	1	\N	\N	\N	\N
2674	4110	4	4	\N	\N	4
2675	4866	3	3	3	\N	\N
2676	4677	2	\N	\N	1	3
2677	1109	1	1	\N	2	\N
2678	1307	2	\N	\N	\N	\N
2679	408	3	\N	\N	\N	4
2680	2790	3	4	3	3	\N
2681	2624	1	3	2	\N	2
2682	1973	4	\N	\N	\N	\N
2683	5207	4	\N	1	\N	1
2684	1951	2	1	\N	\N	\N
2685	4300	3	2	\N	2	\N
2686	246	1	2	4	\N	\N
2687	2109	4	\N	\N	\N	\N
2688	2364	1	\N	\N	\N	\N
2689	5337	4	\N	\N	3	\N
2690	832	4	\N	1	\N	4
2691	237	4	4	\N	2	\N
2692	480	1	\N	\N	1	\N
2693	3716	3	3	\N	\N	3
2694	4766	3	\N	\N	\N	\N
2695	5495	4	3	1	3	2
2696	3298	1	2	\N	4	3
2697	3524	4	\N	4	\N	2
2698	874	4	\N	\N	3	\N
2699	1392	4	\N	\N	\N	1
2700	3072	4	1	2	\N	\N
2701	1956	2	1	2	\N	1
2702	3484	4	4	\N	\N	\N
2703	214	4	\N	\N	3	\N
2704	248	4	3	\N	\N	\N
2705	1968	2	\N	2	\N	\N
2706	4425	4	\N	\N	\N	\N
2707	259	1	\N	\N	\N	\N
2708	3383	1	4	\N	\N	\N
2709	966	3	\N	\N	2	1
2710	4058	2	\N	\N	\N	2
2711	2340	4	3	3	\N	\N
2712	3082	1	\N	\N	1	1
2713	1688	3	\N	\N	\N	\N
2714	1242	1	\N	3	1	4
2715	3926	2	\N	3	\N	2
2716	4205	3	\N	2	4	\N
2717	5468	4	4	2	\N	\N
2718	3037	2	\N	\N	\N	1
2719	4469	4	2	\N	3	\N
2720	3915	4	2	\N	4	1
2721	344	1	\N	1	2	\N
2722	2499	1	\N	\N	\N	\N
2723	5284	1	\N	4	\N	\N
2724	2951	1	\N	3	1	\N
2725	1900	1	\N	\N	2	\N
2726	843	1	\N	1	1	\N
2727	1128	4	\N	4	\N	\N
2728	1767	2	\N	2	\N	\N
2729	3428	1	\N	3	3	4
2730	3615	1	4	4	1	3
2731	776	2	\N	1	\N	1
2732	2975	1	\N	\N	\N	4
2733	2389	4	\N	2	\N	2
2734	1774	3	\N	\N	\N	\N
2735	1011	1	1	\N	4	\N
2736	4501	4	4	4	3	\N
2737	5239	1	4	1	\N	\N
2738	1902	2	\N	\N	3	4
2739	4615	3	4	4	4	\N
2740	5015	1	\N	2	3	3
2741	3540	4	\N	\N	\N	1
2742	3897	2	2	\N	2	\N
2743	4130	3	\N	\N	\N	1
2744	279	2	\N	\N	\N	3
2745	4541	4	4	2	3	\N
2746	3534	3	\N	\N	\N	\N
2747	4480	2	\N	3	1	2
2748	2517	1	1	1	2	\N
2749	287	4	4	4	1	\N
2750	2119	4	\N	\N	\N	2
2751	5154	3	\N	3	2	\N
2752	127	3	4	\N	\N	\N
2753	2407	3	3	3	\N	1
2754	183	1	\N	\N	\N	1
2755	5458	3	\N	1	\N	\N
2756	4016	4	4	\N	1	\N
2757	3134	2	\N	1	1	\N
2758	1578	3	1	\N	\N	\N
2759	1207	2	\N	\N	\N	2
2760	325	2	3	2	3	\N
2761	1836	3	\N	1	\N	4
2762	2543	1	\N	\N	\N	\N
2763	2913	3	3	1	3	\N
2764	5332	1	\N	3	2	\N
2765	5210	3	\N	4	\N	\N
2766	1173	2	3	4	1	\N
2767	893	2	\N	\N	3	\N
2768	3756	3	\N	4	\N	3
2769	1422	4	\N	\N	\N	\N
2770	2191	2	\N	\N	\N	\N
2771	3366	2	\N	\N	4	\N
2772	5080	1	4	3	\N	\N
2773	1630	4	1	\N	2	3
2774	4632	4	\N	\N	\N	3
2775	4463	2	\N	2	2	3
2776	874	4	1	\N	2	4
2777	1298	2	\N	\N	1	3
2778	687	4	\N	3	1	3
2779	2100	2	\N	\N	\N	2
2780	1268	2	\N	\N	\N	\N
2781	3596	3	\N	1	1	1
2782	2993	3	4	3	\N	\N
2783	133	3	\N	\N	1	\N
2784	2055	3	\N	\N	\N	3
2785	4395	4	4	4	2	\N
2786	4775	3	\N	\N	\N	2
2787	5193	3	\N	4	1	\N
2788	5088	2	\N	\N	\N	\N
2789	4211	3	2	\N	\N	\N
2790	2879	4	\N	4	1	\N
2791	1674	3	1	\N	2	\N
2792	4460	2	4	2	2	\N
2793	1342	4	\N	3	\N	\N
2794	4415	2	1	\N	\N	\N
2795	562	3	\N	\N	2	\N
2796	305	1	\N	\N	2	3
2797	5346	3	\N	\N	\N	1
2798	4498	3	1	\N	\N	\N
2799	3765	1	1	\N	1	\N
2800	3519	2	\N	1	\N	\N
2801	3048	4	\N	\N	\N	\N
2802	5136	1	\N	\N	1	\N
2803	1350	2	2	2	\N	2
2804	2719	2	\N	3	4	\N
2805	729	3	\N	\N	4	\N
2806	931	2	4	\N	\N	\N
2807	960	4	2	\N	\N	\N
2808	1989	2	\N	\N	1	\N
2809	4182	3	\N	3	4	4
2810	3063	3	\N	\N	3	1
2811	930	2	\N	\N	\N	\N
2812	2559	2	4	2	3	\N
2813	4741	3	\N	\N	\N	\N
2814	3223	2	\N	2	\N	4
2815	2857	2	2	\N	4	\N
2816	5025	4	3	3	\N	3
2817	4194	2	2	3	\N	1
2818	5228	4	3	3	1	4
2819	1435	1	\N	\N	\N	\N
2820	3143	2	\N	1	\N	2
2821	1112	2	\N	\N	4	3
2822	4304	1	4	1	3	3
2823	41	4	2	\N	\N	\N
2824	4661	4	\N	\N	\N	3
2825	1472	1	3	\N	\N	4
2826	3842	4	3	3	4	\N
2827	5444	3	3	\N	2	2
2828	4969	2	\N	3	\N	2
2829	2822	4	\N	\N	\N	4
2830	4005	3	\N	2	\N	4
2831	1325	2	2	4	\N	1
2832	5030	1	\N	2	\N	\N
2833	5030	1	\N	2	\N	\N
2834	845	1	1	\N	3	\N
2835	2713	3	2	3	\N	\N
2836	2489	3	\N	\N	\N	\N
2837	2405	4	\N	2	\N	\N
2838	117	1	\N	\N	2	\N
2839	2205	1	\N	2	4	\N
2840	726	1	\N	2	\N	\N
2841	315	1	\N	4	\N	\N
2842	5330	4	\N	2	4	\N
2843	3254	2	\N	1	\N	\N
2844	4366	4	2	\N	4	\N
2845	1641	4	2	\N	2	\N
2846	1724	2	\N	\N	\N	2
2847	1999	3	2	\N	2	\N
2848	3220	3	3	2	3	3
2849	4902	2	\N	\N	\N	2
2850	1642	1	\N	1	2	4
2851	2405	4	3	\N	4	4
2852	2067	2	\N	\N	\N	\N
2853	4418	2	3	\N	\N	\N
2854	4626	2	\N	\N	\N	\N
2855	2028	3	\N	\N	\N	2
2856	3306	1	2	3	\N	\N
2857	3897	2	\N	4	\N	4
2858	2092	3	3	\N	\N	\N
2859	3658	4	\N	2	4	1
2860	4174	2	\N	\N	1	\N
2861	4715	2	\N	\N	4	\N
2862	850	2	2	3	1	\N
2863	2480	1	1	3	\N	3
2864	4784	3	\N	2	4	3
2865	47	3	\N	\N	4	\N
2866	3771	1	2	4	1	\N
2867	3054	3	\N	\N	\N	2
2868	4109	3	\N	3	\N	\N
2869	5054	3	\N	\N	4	\N
2870	4019	2	1	4	\N	\N
2871	3970	2	2	\N	4	\N
2872	4558	3	\N	4	\N	2
2873	2315	2	\N	\N	\N	4
2874	279	1	\N	\N	\N	\N
2875	3275	3	2	1	3	\N
2876	1808	2	1	4	\N	\N
2877	5187	4	\N	\N	\N	\N
2878	5342	4	1	4	\N	4
2879	2880	2	1	\N	\N	\N
2880	2076	4	\N	4	\N	\N
2881	2241	4	4	3	3	\N
2882	3553	3	2	\N	\N	\N
2883	4330	4	1	\N	1	4
2884	4603	4	\N	3	\N	1
2885	667	1	\N	\N	\N	3
2886	4887	3	3	3	\N	1
2887	4474	1	\N	\N	\N	2
2888	610	3	3	4	\N	\N
2889	3732	4	\N	\N	\N	3
2890	1041	2	1	2	\N	2
2891	1761	1	\N	\N	3	\N
2892	1391	1	\N	\N	\N	1
2893	1430	2	2	3	\N	\N
2894	30	2	4	\N	\N	4
2895	3070	4	\N	\N	\N	1
2896	3102	4	\N	\N	\N	\N
2897	4706	3	1	1	\N	\N
2898	4048	3	\N	\N	\N	\N
2899	3233	1	2	3	\N	\N
2900	5194	3	1	1	4	4
2901	667	1	\N	2	\N	\N
2902	3781	4	\N	1	2	3
2903	1038	3	\N	\N	\N	\N
2904	5305	4	\N	3	\N	\N
2905	1151	3	4	1	1	\N
2906	2097	4	\N	1	\N	\N
2907	5176	1	\N	1	\N	\N
2908	3219	3	1	1	\N	\N
2909	5480	1	\N	\N	\N	3
2910	3781	1	\N	4	\N	\N
2911	935	1	1	\N	2	\N
2912	4495	1	1	\N	\N	1
2913	23	3	\N	\N	\N	1
2914	4105	2	\N	3	\N	\N
2915	1925	4	1	\N	\N	\N
2916	3894	2	1	\N	\N	\N
2917	2824	4	\N	1	\N	4
2918	3895	3	\N	\N	4	2
2919	3992	4	4	\N	\N	\N
2920	2122	1	\N	\N	\N	2
2921	4811	3	\N	1	2	4
2922	2659	1	\N	3	2	2
2923	2698	1	\N	2	\N	2
2924	2273	2	\N	4	\N	\N
2925	5155	4	\N	\N	3	1
2926	3402	2	\N	4	\N	3
2927	353	2	2	2	\N	1
2928	233	1	3	\N	\N	4
2929	2879	4	\N	\N	2	\N
2930	4931	4	2	\N	1	\N
2931	4769	2	\N	\N	1	\N
2932	1456	3	2	\N	\N	\N
2933	2086	3	4	\N	3	1
2934	3647	4	\N	\N	1	2
2935	1860	1	3	2	1	3
2936	1537	3	4	\N	\N	\N
2937	3533	3	3	\N	3	\N
2938	4104	4	4	3	3	1
2939	3591	3	2	\N	\N	\N
2940	4806	3	\N	4	3	\N
2941	5298	2	\N	4	3	1
2942	3896	3	\N	4	1	\N
2943	1571	4	\N	\N	2	\N
2944	1477	4	\N	\N	\N	2
2945	750	1	4	4	\N	2
2946	3698	3	\N	\N	\N	\N
2947	1583	4	\N	2	4	\N
2948	2915	4	\N	3	\N	4
2949	2995	4	\N	\N	\N	\N
2950	3074	2	\N	2	4	\N
2951	1304	1	\N	\N	\N	4
2952	1468	4	\N	\N	\N	3
2953	5261	4	\N	2	\N	\N
2954	261	1	3	\N	2	\N
2955	3556	1	\N	\N	\N	1
2956	2836	1	1	\N	1	\N
2957	2559	1	3	\N	\N	\N
2958	2539	2	2	\N	\N	\N
2959	315	4	\N	2	\N	\N
2960	66	2	\N	2	\N	\N
2961	4068	4	\N	\N	\N	\N
2962	3589	2	4	2	\N	\N
2963	1588	2	1	\N	\N	\N
2964	4148	1	1	\N	1	\N
2965	4355	4	2	\N	\N	\N
2966	308	2	\N	3	3	\N
2967	2441	3	4	1	\N	\N
2968	1527	2	1	4	\N	2
2969	166	1	\N	\N	1	4
2970	3777	4	\N	\N	4	4
2971	3752	2	\N	3	\N	\N
2972	4336	1	4	\N	4	2
2973	4667	3	\N	4	\N	4
2974	4325	1	\N	\N	1	\N
2975	4806	2	\N	\N	4	2
2976	4525	4	\N	\N	\N	4
2977	3461	3	\N	\N	\N	\N
2978	1283	1	4	\N	2	2
2979	1282	2	4	\N	\N	3
2980	2062	4	1	3	\N	1
2981	1574	2	\N	3	4	\N
2982	2732	3	\N	\N	1	3
2983	2145	4	2	\N	3	\N
2984	3919	2	4	\N	1	\N
2985	3293	1	\N	\N	\N	\N
2986	2336	3	\N	\N	\N	\N
2987	1365	2	2	4	\N	3
2988	3456	2	2	1	2	\N
2989	1466	4	\N	\N	\N	\N
2990	2677	3	1	\N	\N	\N
2991	2125	4	\N	4	\N	\N
2992	4299	1	1	4	4	\N
2993	2033	4	4	\N	\N	\N
2994	5016	3	\N	1	\N	\N
2995	4742	4	\N	\N	2	3
2996	4904	2	1	\N	\N	3
2997	1620	3	1	4	2	3
2998	4716	4	1	2	3	\N
2999	4341	2	\N	3	1	\N
3000	497	1	2	4	3	\N
3001	1756	1	2	\N	2	\N
3002	3314	4	4	4	\N	\N
3003	2104	2	\N	\N	\N	\N
3004	4494	4	\N	\N	1	\N
3005	2457	3	4	1	\N	1
3006	2768	3	4	1	\N	3
3007	2987	3	\N	\N	\N	\N
3008	1260	2	\N	\N	\N	\N
3009	1760	4	\N	\N	3	\N
3010	2870	4	\N	3	1	\N
3011	528	1	\N	1	\N	\N
3012	5450	2	3	4	\N	1
3013	3748	1	\N	1	1	\N
3014	1453	1	2	\N	\N	\N
3015	1316	4	3	\N	\N	\N
3016	5178	3	2	\N	4	1
3017	1123	2	2	\N	4	\N
3018	5410	3	1	\N	\N	\N
3019	1938	3	4	\N	\N	4
3020	5199	1	\N	\N	\N	3
3021	5399	1	\N	3	\N	\N
3022	1036	4	4	3	\N	4
3023	3483	2	\N	\N	\N	3
3024	2012	2	3	\N	\N	2
3025	484	1	4	\N	\N	4
3026	1254	4	\N	2	1	2
3027	2800	4	\N	3	\N	\N
3028	822	3	\N	\N	4	4
3029	4655	4	2	\N	1	3
3030	4780	2	\N	\N	\N	2
3031	2299	4	1	\N	\N	\N
3032	3302	1	1	\N	\N	1
3033	369	2	\N	\N	3	3
3034	2079	4	1	\N	\N	\N
3035	4138	3	1	4	\N	\N
3036	1387	4	1	2	3	\N
3037	519	1	2	\N	4	2
3038	4684	2	\N	\N	1	2
3039	2132	2	4	\N	1	\N
3040	5473	1	2	\N	2	\N
3041	1421	1	\N	\N	\N	\N
3042	3526	4	\N	\N	\N	\N
3043	4512	2	2	\N	3	1
3044	4474	3	2	\N	2	3
3045	2862	4	1	\N	\N	\N
3046	3457	1	\N	\N	\N	3
3047	633	3	1	\N	\N	\N
3048	309	2	\N	\N	\N	\N
3049	4662	1	\N	3	3	\N
3050	2536	3	3	\N	2	\N
3051	2812	1	4	1	\N	\N
3052	2984	1	\N	1	\N	3
3053	4331	4	\N	2	2	\N
3054	3049	1	\N	2	3	\N
3055	4349	4	3	\N	\N	\N
3056	5142	3	\N	\N	\N	4
3057	2192	3	\N	\N	2	2
3058	2669	3	1	\N	4	\N
3059	4302	4	\N	\N	4	\N
3060	4187	1	4	\N	2	2
3061	521	1	\N	\N	3	3
3062	1592	3	\N	\N	2	\N
3063	3564	2	\N	\N	1	\N
3064	2438	2	3	\N	\N	4
3065	3137	3	\N	4	\N	\N
3066	4281	2	4	\N	1	\N
3067	2761	1	\N	\N	\N	\N
3068	2788	3	\N	1	3	1
3069	953	2	1	2	\N	\N
3070	794	4	\N	1	2	\N
3071	3425	4	\N	\N	\N	1
3072	1367	4	\N	\N	\N	1
3073	4196	1	3	\N	1	\N
3074	443	3	4	4	4	\N
3075	2503	1	\N	\N	\N	\N
3076	2978	1	\N	\N	\N	1
3077	2078	2	\N	\N	4	\N
3078	2319	2	\N	3	\N	\N
3079	4553	3	\N	4	4	\N
3080	5248	3	\N	4	\N	3
3081	4169	3	4	\N	2	1
3082	1517	2	\N	\N	\N	3
3083	3514	4	\N	\N	\N	\N
3084	5145	4	2	\N	\N	\N
3085	2900	3	\N	\N	4	3
3086	862	3	\N	4	\N	\N
3087	1713	1	\N	4	\N	\N
3088	2884	3	\N	\N	1	4
3089	1174	2	\N	\N	2	2
3090	4733	4	4	\N	\N	3
3091	238	4	\N	\N	\N	4
3092	1560	4	3	2	\N	\N
3093	4980	3	2	1	\N	2
3094	5221	3	1	\N	\N	\N
3095	2353	3	\N	\N	\N	4
3096	1925	1	\N	\N	1	\N
3097	1932	3	\N	\N	\N	\N
3098	2416	4	\N	\N	4	\N
3099	3019	1	\N	\N	\N	\N
3100	1205	4	\N	\N	\N	4
3101	2863	4	\N	1	\N	4
3102	2903	4	4	\N	\N	1
3103	2722	1	\N	3	\N	\N
3104	4748	1	\N	2	4	\N
3105	1118	3	\N	\N	1	\N
3106	1477	4	\N	\N	2	\N
3107	3127	1	\N	\N	1	\N
3108	4534	4	2	\N	\N	2
3109	4004	4	2	\N	\N	2
3110	1244	1	2	2	4	2
3111	4171	3	\N	\N	\N	\N
3112	5147	2	4	3	\N	3
3113	4709	3	2	1	\N	4
3114	1897	1	1	\N	\N	3
3115	1223	1	\N	\N	1	1
3116	2454	2	\N	\N	\N	4
3117	2024	1	\N	\N	3	\N
3118	624	2	1	2	\N	\N
3119	30	3	\N	3	4	\N
3120	4903	2	\N	\N	\N	\N
3121	5242	1	\N	\N	4	\N
3122	4722	1	\N	\N	\N	\N
3123	2191	1	3	\N	3	\N
3124	4428	3	\N	\N	1	\N
3125	452	4	\N	3	\N	4
3126	2177	4	4	\N	\N	\N
3127	2087	1	\N	\N	\N	\N
3128	2091	1	\N	\N	\N	\N
3129	2691	2	2	2	2	2
3130	386	4	2	\N	3	\N
3131	4810	3	\N	1	\N	\N
3132	3122	1	\N	\N	\N	2
3133	2137	1	\N	4	2	\N
3134	2366	2	1	\N	\N	\N
3135	4961	3	\N	4	\N	\N
3136	3476	4	\N	\N	3	\N
3137	2801	4	\N	\N	2	\N
3138	1223	3	1	\N	4	4
3139	3148	4	1	3	\N	\N
3140	3026	2	\N	\N	4	3
3141	2537	4	1	\N	\N	3
3142	3424	2	\N	1	\N	\N
3143	4360	2	1	\N	\N	\N
3144	4046	4	\N	3	\N	3
3145	3862	1	\N	\N	3	\N
3146	50	3	\N	1	\N	4
3147	1358	3	4	\N	\N	2
3148	2186	2	1	\N	\N	4
3149	4028	4	2	4	3	\N
3150	4319	3	4	3	4	\N
3151	4159	3	\N	1	\N	\N
3152	804	2	\N	\N	\N	1
3153	119	3	\N	\N	4	\N
3154	4470	4	\N	\N	\N	\N
3155	1035	1	3	\N	\N	\N
3156	1321	4	\N	1	1	\N
3157	2122	1	\N	4	\N	4
3158	59	1	\N	2	\N	\N
3159	3825	2	\N	\N	\N	\N
3160	485	2	3	\N	\N	\N
3161	2329	3	4	4	\N	\N
3162	2861	1	2	\N	\N	\N
3163	2088	4	\N	\N	\N	1
3164	3460	3	\N	\N	4	\N
3165	10	2	1	\N	\N	2
3166	1640	1	1	4	\N	\N
3167	5166	1	2	\N	\N	3
3168	819	3	3	\N	\N	1
3169	634	4	\N	3	\N	\N
3170	4652	2	\N	\N	4	\N
3171	743	4	\N	3	3	4
3172	1128	2	\N	1	\N	\N
3173	5409	3	\N	\N	2	\N
3174	3318	2	\N	\N	\N	\N
3175	1322	2	3	\N	\N	\N
3176	419	1	\N	\N	1	\N
3177	2093	1	1	\N	1	\N
3178	4588	2	\N	\N	\N	2
3179	1305	3	\N	\N	\N	\N
3180	943	4	3	1	\N	\N
3181	3787	3	\N	\N	\N	\N
3182	2193	4	\N	\N	3	\N
3183	98	4	\N	\N	\N	\N
3184	631	1	\N	2	1	1
3185	5293	2	4	4	2	4
3186	303	4	\N	\N	\N	\N
3187	1270	1	\N	\N	2	\N
3188	4982	4	4	\N	4	2
3189	4577	4	\N	\N	\N	4
3190	2933	2	4	4	\N	\N
3191	2907	4	1	\N	\N	\N
3192	64	2	1	1	3	\N
3193	1975	1	3	2	2	\N
3194	3862	4	\N	\N	\N	1
3195	1777	4	\N	2	\N	1
3196	4756	1	\N	2	\N	\N
3197	4036	1	\N	2	\N	4
3198	1379	1	\N	1	\N	1
3199	498	3	1	\N	\N	2
3200	5426	2	\N	2	\N	\N
3201	1707	2	\N	\N	3	\N
3202	3961	1	3	4	\N	2
3203	1252	3	\N	2	\N	\N
3204	5297	3	\N	2	\N	\N
3205	644	3	1	4	\N	\N
3206	1643	2	\N	2	2	\N
3207	2172	4	4	\N	\N	3
3208	2023	1	4	\N	\N	\N
3209	1680	2	\N	1	3	1
3210	1823	4	3	\N	\N	4
3211	2918	2	\N	\N	\N	4
3212	3238	3	\N	\N	\N	\N
3213	2164	3	\N	\N	4	1
3214	3273	1	\N	\N	\N	\N
3215	2004	3	\N	\N	3	\N
3216	222	2	2	\N	\N	\N
3217	3406	4	\N	\N	3	\N
3218	1469	2	4	2	\N	3
3219	2870	4	\N	\N	3	2
3220	3403	1	3	\N	\N	3
3221	3544	4	\N	\N	\N	\N
3222	3529	4	1	\N	\N	1
3223	3336	1	\N	\N	\N	4
3224	5073	4	\N	3	\N	\N
3225	5021	1	2	\N	2	3
3226	3682	1	1	2	\N	\N
3227	1042	4	3	\N	2	\N
3228	1817	3	\N	2	\N	1
3229	5027	1	\N	2	\N	\N
3230	5280	2	\N	\N	\N	1
3231	1213	4	\N	4	2	\N
3232	1760	3	\N	2	\N	\N
3233	2635	1	1	\N	\N	3
3234	2904	2	\N	\N	\N	\N
3235	1654	3	\N	\N	\N	3
3236	536	2	1	\N	\N	3
3237	2310	3	\N	\N	1	3
3238	2831	3	\N	\N	\N	3
3239	693	4	\N	\N	\N	3
3240	5022	2	\N	\N	\N	\N
3241	3703	4	\N	2	4	\N
3242	3036	1	1	\N	3	4
3243	1552	2	\N	4	\N	\N
3244	4050	2	\N	\N	\N	\N
3245	3066	4	3	\N	\N	\N
3246	4253	3	2	3	\N	3
3247	4100	2	\N	\N	\N	3
3248	4151	3	\N	\N	\N	\N
3249	1779	2	\N	1	\N	3
3250	4711	1	3	\N	\N	3
3251	2218	2	3	3	2	\N
3252	5419	1	4	\N	\N	3
3253	1582	3	\N	3	\N	1
3254	3347	1	\N	\N	3	3
3255	4930	4	\N	\N	\N	\N
3256	115	1	\N	\N	2	\N
3257	2670	4	\N	\N	\N	\N
3258	3582	1	2	\N	\N	\N
3259	242	3	\N	\N	4	3
3260	3370	3	\N	\N	\N	3
3261	1400	1	\N	\N	3	2
3262	4211	2	\N	\N	1	2
3263	2952	2	4	\N	2	\N
3264	2323	1	\N	\N	\N	\N
3265	3429	4	\N	1	4	2
3266	4063	1	\N	\N	\N	2
3267	4953	1	\N	3	1	\N
3268	3102	2	4	\N	\N	\N
3269	5285	2	1	\N	\N	\N
3270	5431	2	3	\N	\N	\N
3271	2263	4	\N	\N	1	\N
3272	2895	3	\N	2	\N	4
3273	2263	2	\N	4	\N	1
3274	3985	2	\N	\N	4	\N
3275	3577	2	\N	1	\N	\N
3276	5147	4	\N	3	4	\N
3277	1196	1	\N	\N	\N	2
3278	2537	1	\N	1	\N	\N
3279	2234	2	\N	\N	\N	\N
3280	507	3	3	\N	2	1
3281	706	1	3	\N	\N	\N
3282	3943	4	\N	\N	1	4
3283	2395	4	\N	\N	3	3
3284	146	1	3	1	4	2
3285	2053	3	\N	\N	\N	\N
3286	1653	2	\N	3	\N	4
3287	2469	2	3	2	4	\N
3288	952	4	4	\N	\N	\N
3289	4631	4	\N	3	\N	\N
3290	4689	3	\N	\N	1	\N
3291	4169	2	3	\N	3	\N
3292	257	3	2	\N	\N	\N
3293	3728	1	3	4	2	\N
3294	385	3	\N	4	\N	4
3295	4757	2	4	\N	\N	\N
3296	1820	4	\N	\N	3	\N
3297	3574	4	\N	\N	1	4
3298	1814	3	3	\N	\N	\N
3299	313	1	\N	\N	1	2
3300	5389	3	\N	\N	\N	\N
3301	3365	4	\N	\N	4	\N
3302	2904	4	2	1	\N	\N
3303	1444	3	4	\N	3	\N
3304	4438	1	2	\N	\N	\N
3305	1820	3	\N	\N	1	\N
3306	5368	2	\N	\N	\N	\N
3307	1235	2	3	2	1	\N
3308	4172	3	\N	\N	\N	\N
3309	5374	1	4	\N	\N	1
3310	1071	1	4	\N	1	3
3311	2269	2	\N	\N	\N	2
3312	508	2	1	3	4	3
3313	4549	2	\N	3	1	\N
3314	1438	2	4	\N	1	\N
3315	1949	1	2	2	\N	\N
3316	3332	4	\N	4	\N	3
3317	4969	4	\N	3	\N	1
3318	257	4	\N	\N	3	4
3319	1161	1	\N	\N	\N	4
3320	5389	4	\N	\N	3	1
3321	2677	3	4	\N	\N	\N
3322	235	4	\N	2	\N	4
3323	2816	2	\N	\N	\N	\N
3324	2646	1	\N	2	4	\N
3325	546	2	1	3	4	1
3326	2680	4	\N	4	1	4
3327	281	1	\N	4	\N	\N
3328	4830	3	\N	\N	\N	\N
3329	3210	1	2	\N	2	2
3330	2218	3	\N	4	1	4
3331	3445	2	4	\N	\N	1
3332	3032	1	4	\N	3	2
3333	235	4	\N	\N	\N	\N
3334	3280	2	3	\N	\N	\N
3335	852	3	\N	\N	\N	\N
3336	5457	2	2	4	\N	3
3337	578	4	\N	\N	\N	4
3338	2264	3	3	\N	2	1
3339	124	4	\N	\N	4	4
3340	1584	1	\N	\N	\N	1
3341	3076	4	2	\N	2	\N
3342	3565	2	3	\N	\N	2
3343	463	3	1	3	4	2
3344	663	4	\N	\N	\N	1
3345	568	1	\N	3	3	\N
3346	476	2	\N	1	\N	\N
3347	563	1	\N	\N	\N	\N
3348	3564	3	2	\N	4	\N
3349	980	1	\N	\N	\N	\N
3350	1211	4	\N	\N	2	\N
3351	2931	3	\N	\N	\N	\N
3352	2462	4	3	4	2	\N
3353	818	4	\N	4	2	\N
3354	1750	2	4	2	4	\N
3355	3381	4	\N	\N	2	2
3356	1044	3	\N	\N	1	\N
3357	2903	2	3	\N	3	\N
3358	2613	1	1	1	\N	\N
3359	2266	2	\N	\N	2	3
3360	4107	4	\N	\N	2	4
3361	433	3	\N	3	\N	\N
3362	371	4	\N	\N	1	2
3363	5096	4	1	\N	2	\N
3364	2175	4	\N	3	3	1
3365	4951	1	3	\N	4	\N
3366	1555	1	\N	\N	\N	\N
3367	4248	3	1	\N	1	\N
3368	851	3	\N	1	\N	4
3369	3543	4	\N	\N	1	4
3370	2933	1	\N	1	\N	\N
3371	4965	4	\N	1	\N	3
3372	2684	4	\N	\N	\N	\N
3373	2305	2	\N	\N	\N	\N
3374	4925	3	\N	2	\N	\N
3375	3293	1	2	4	\N	\N
3376	2309	4	\N	\N	3	\N
3377	4907	2	\N	\N	1	3
3378	3155	2	4	4	\N	\N
3379	4167	3	\N	\N	1	4
3380	4002	1	4	\N	3	1
3381	615	3	1	\N	\N	\N
3382	1783	2	3	\N	\N	\N
3383	3885	1	\N	\N	\N	2
3384	3955	1	\N	3	4	\N
3385	1384	4	1	2	3	1
3386	5177	3	2	\N	\N	4
3387	3065	3	\N	\N	\N	\N
3388	4785	1	1	\N	\N	\N
3389	2926	4	\N	\N	\N	3
3390	4633	2	1	\N	\N	\N
3391	3389	3	3	1	3	\N
3392	130	3	\N	\N	\N	4
3393	2657	4	4	\N	\N	\N
3394	63	1	\N	\N	\N	\N
3395	829	3	\N	2	\N	\N
3396	1929	2	3	3	2	\N
3397	4730	4	\N	\N	4	\N
3398	3326	4	2	4	\N	\N
3399	2057	1	\N	\N	\N	3
3400	700	4	4	\N	1	\N
3401	4984	2	\N	\N	2	\N
3402	2337	2	4	3	\N	2
3403	1248	2	2	\N	\N	3
3404	5177	3	\N	3	\N	\N
3405	280	2	\N	2	1	4
3406	442	1	2	\N	\N	\N
3407	3584	3	\N	\N	\N	\N
3408	1191	2	\N	\N	2	3
3409	2598	2	2	\N	3	3
3410	4577	2	4	\N	4	4
3411	3895	4	3	\N	3	1
3412	5217	3	2	\N	\N	\N
3413	2730	4	1	\N	4	4
3414	5231	2	1	\N	\N	\N
3415	381	3	\N	4	\N	4
3416	3630	4	\N	\N	\N	\N
3417	256	4	\N	\N	\N	\N
3418	1696	4	3	3	\N	\N
3419	4895	3	\N	4	3	3
3420	218	2	\N	\N	\N	4
3421	4883	1	4	\N	\N	3
3422	5152	1	\N	\N	3	\N
3423	7	1	\N	3	1	\N
3424	3018	1	\N	\N	4	\N
3425	1658	4	\N	\N	1	\N
3426	5066	4	3	3	3	2
3427	3812	3	\N	\N	\N	\N
3428	177	3	\N	1	2	3
3429	4335	2	3	\N	2	\N
3430	4695	1	2	\N	\N	3
3431	357	1	4	\N	\N	\N
3432	5496	3	1	\N	\N	3
3433	4564	3	3	\N	3	2
3434	2236	2	\N	\N	\N	1
3435	3985	2	4	\N	3	4
3436	2342	3	\N	\N	2	4
3437	4992	1	\N	\N	\N	\N
3438	4633	3	2	\N	\N	\N
3439	1901	2	\N	\N	\N	1
3440	5409	4	2	2	\N	\N
3441	5193	2	\N	\N	4	\N
3442	3926	4	\N	4	\N	3
3443	4889	1	\N	2	\N	2
3444	3080	2	2	4	3	\N
3445	4456	2	\N	2	1	\N
3446	5170	1	2	1	3	\N
3447	2527	1	\N	4	\N	\N
3448	4707	1	1	\N	\N	\N
3449	3303	2	4	1	\N	\N
3450	1637	2	3	\N	3	3
3451	3521	4	\N	\N	3	\N
3452	1860	1	\N	4	\N	\N
3453	4710	4	1	2	3	\N
3454	1716	4	\N	\N	\N	3
3455	2867	4	\N	\N	2	2
3456	2237	4	1	1	1	\N
3457	971	2	1	3	2	4
3458	2513	3	4	\N	3	\N
3459	3925	2	4	\N	\N	4
3460	653	3	4	4	1	\N
3461	2047	2	2	\N	\N	2
3462	1673	1	\N	\N	1	3
3463	580	3	\N	\N	1	1
3464	636	1	\N	3	\N	\N
3465	1526	4	\N	\N	\N	\N
3466	4445	3	\N	4	\N	2
3467	1826	4	3	\N	\N	2
3468	3337	3	1	\N	\N	2
3469	5348	1	\N	3	2	\N
3470	2321	1	\N	\N	\N	3
3471	3977	2	3	1	\N	2
3472	2062	1	\N	\N	\N	\N
3473	821	1	2	3	\N	\N
3474	3187	2	\N	\N	\N	\N
3475	375	2	\N	4	\N	\N
3476	5313	1	\N	\N	3	\N
3477	1723	2	\N	\N	\N	\N
3478	2728	3	\N	\N	\N	1
3479	5069	1	\N	2	\N	1
3480	21	3	2	\N	4	\N
3481	1441	2	1	\N	3	4
3482	1043	2	4	1	\N	1
3483	5163	3	\N	\N	2	\N
3484	3340	3	2	2	\N	\N
3485	1480	1	\N	2	3	\N
3486	4039	4	\N	1	\N	4
3487	1912	2	\N	1	\N	\N
3488	1217	1	2	\N	\N	\N
3489	1633	3	\N	\N	\N	\N
3490	3465	3	3	3	\N	\N
3491	55	1	1	\N	\N	4
3492	4484	4	4	\N	\N	2
3493	647	3	2	\N	\N	\N
3494	5267	4	\N	\N	1	\N
3495	3525	1	3	\N	1	4
3496	3409	3	3	\N	1	\N
3497	2907	2	\N	\N	2	\N
3498	2676	3	3	\N	\N	\N
3499	4340	1	4	\N	\N	2
3500	3228	4	\N	3	\N	\N
3501	4703	3	\N	\N	4	\N
3502	3871	1	3	\N	\N	1
3503	3118	4	4	2	2	\N
3504	4681	3	\N	\N	\N	\N
3505	61	4	3	3	2	2
3506	3730	4	1	1	\N	4
3507	1235	2	4	\N	4	\N
3508	1275	4	\N	\N	\N	\N
3509	3167	3	\N	1	\N	\N
3510	1999	1	\N	\N	\N	\N
3511	560	4	\N	\N	\N	\N
3512	3607	3	\N	\N	\N	\N
3513	144	3	\N	\N	2	\N
3514	4056	4	\N	3	\N	3
3515	895	4	4	4	\N	2
3516	2588	4	2	\N	3	4
3517	4342	1	4	2	\N	\N
3518	3545	3	1	2	\N	1
3519	5053	1	4	\N	\N	4
3520	3408	1	1	4	\N	2
3521	3388	1	\N	\N	\N	\N
3522	4472	1	\N	3	\N	1
3523	131	4	\N	\N	4	\N
3524	1675	2	1	\N	\N	\N
3525	3215	1	\N	\N	\N	\N
3526	5249	2	\N	\N	2	\N
3527	4520	2	\N	4	\N	2
3528	851	1	\N	\N	\N	\N
3529	5361	1	4	\N	1	\N
3530	800	3	\N	\N	\N	4
3531	1002	3	1	3	1	\N
3532	2859	2	\N	4	3	4
3533	634	4	\N	1	\N	\N
3534	5224	1	\N	4	\N	\N
3535	4932	2	\N	\N	\N	4
3536	5041	2	2	\N	\N	2
3537	790	1	4	4	\N	\N
3538	4261	3	\N	2	1	1
3539	5013	4	\N	2	\N	\N
3540	872	1	\N	2	\N	\N
3541	4064	4	1	\N	\N	\N
3542	3058	3	\N	\N	\N	2
3543	396	3	\N	3	\N	\N
3544	4761	1	4	3	\N	3
3545	2002	4	\N	\N	\N	2
3546	3405	4	\N	3	4	\N
3547	194	2	2	4	4	1
3548	2555	4	3	\N	\N	\N
3549	1650	4	\N	2	\N	3
3550	2470	4	\N	3	1	1
3551	1461	4	1	3	3	3
3552	1716	2	4	2	3	\N
3553	1071	1	1	\N	2	\N
3554	4272	4	\N	\N	3	\N
3555	703	4	\N	\N	\N	4
3556	3936	1	2	\N	3	\N
3557	2433	3	2	\N	1	2
3558	3507	3	\N	1	\N	\N
3559	3529	2	\N	\N	\N	1
3560	1337	2	1	\N	4	2
3561	3771	2	\N	\N	4	2
3562	947	1	\N	\N	\N	2
3563	1860	4	\N	\N	\N	2
3564	4598	4	\N	2	\N	\N
3565	1832	4	3	\N	\N	\N
3566	4794	4	\N	1	3	\N
3567	2231	4	\N	\N	\N	\N
3568	264	4	2	2	\N	1
3569	3716	1	2	\N	\N	\N
3570	3639	4	\N	1	\N	3
3571	2732	3	\N	\N	\N	\N
3572	2025	4	\N	\N	2	\N
3573	3735	1	1	3	\N	1
3574	3170	4	\N	4	3	\N
3575	3295	1	3	\N	\N	\N
3576	5065	2	1	2	2	2
3577	463	2	\N	\N	1	\N
3578	3023	2	1	\N	\N	4
3579	3379	4	\N	\N	\N	1
3580	898	2	\N	3	\N	4
3581	3647	4	3	1	\N	\N
3582	4484	2	\N	1	\N	\N
3583	5016	1	2	\N	3	\N
3584	3099	4	\N	\N	1	\N
3585	4914	1	\N	\N	4	\N
3586	1816	1	\N	\N	\N	1
3587	4747	2	\N	2	\N	3
3588	784	2	\N	4	\N	\N
3589	4309	1	2	2	\N	2
3590	5336	3	\N	\N	\N	2
3591	3607	2	3	\N	2	\N
3592	5100	4	\N	\N	2	\N
3593	1013	3	\N	1	2	\N
3594	4239	3	\N	\N	\N	\N
3595	4015	3	4	2	3	\N
3596	3662	2	3	\N	3	\N
3597	945	2	\N	\N	4	\N
3598	3774	4	\N	\N	\N	4
3599	466	2	\N	\N	\N	1
3600	1438	2	1	\N	\N	3
3601	4221	2	\N	\N	\N	3
3602	1348	1	\N	1	4	\N
3603	141	2	4	1	2	2
3604	3609	2	3	4	\N	\N
3605	4799	4	\N	4	3	\N
3606	3430	2	\N	2	2	1
3607	4525	1	\N	\N	1	\N
3608	1436	4	\N	\N	\N	2
3609	1594	4	\N	4	2	\N
3610	727	1	\N	2	\N	3
3611	3198	3	3	\N	\N	3
3612	5197	4	\N	\N	2	\N
3613	5248	4	\N	3	\N	4
3614	1798	2	\N	2	2	2
3615	2110	3	\N	3	\N	\N
3616	1586	2	\N	\N	\N	2
3617	691	4	\N	\N	\N	\N
3618	5281	3	4	\N	\N	\N
3619	1363	1	\N	1	\N	\N
3620	5456	1	2	\N	\N	\N
3621	153	3	\N	\N	\N	\N
3622	4154	1	\N	\N	3	\N
3623	3221	2	\N	\N	\N	3
3624	3814	3	\N	\N	\N	\N
3625	2365	4	3	\N	3	\N
3626	2519	1	3	2	\N	\N
3627	3294	4	\N	3	\N	\N
3628	1525	4	1	1	\N	\N
3629	1160	3	2	3	\N	\N
3630	1689	2	\N	\N	\N	\N
3631	4804	3	1	1	\N	\N
3632	4542	2	\N	\N	\N	\N
3633	1926	2	3	2	\N	4
3634	4594	1	\N	2	\N	\N
3635	673	1	\N	3	\N	\N
3636	2737	3	\N	\N	\N	\N
3637	3213	4	\N	\N	\N	\N
3638	3244	2	\N	\N	\N	1
3639	2890	4	1	\N	1	2
3640	2851	2	1	\N	\N	\N
3641	1721	1	4	\N	\N	\N
3642	241	4	\N	\N	\N	\N
3643	1771	1	\N	4	2	\N
3644	4222	3	1	3	\N	1
3645	1238	2	\N	\N	1	\N
3646	971	1	2	\N	1	2
3647	3765	4	3	\N	\N	\N
3648	2170	1	\N	\N	\N	\N
3649	3165	3	\N	\N	3	\N
3650	4290	3	\N	2	\N	4
3651	2951	3	4	\N	\N	\N
3652	2566	4	1	1	3	\N
3653	2095	3	\N	2	\N	\N
3654	3786	4	4	\N	\N	4
3655	1322	3	1	\N	\N	3
3656	3289	2	3	\N	4	\N
3657	1140	1	\N	\N	3	3
3658	4901	4	\N	\N	\N	\N
3659	364	1	3	\N	\N	\N
3660	1394	4	1	3	\N	\N
3661	2497	2	4	1	1	\N
3662	4387	1	\N	\N	\N	\N
3663	189	4	\N	1	2	4
3664	781	4	\N	1	\N	\N
3665	2497	3	\N	\N	1	\N
3666	2133	2	2	\N	\N	\N
3667	556	2	\N	\N	2	\N
3668	5074	2	\N	\N	4	\N
3669	2632	2	4	1	\N	\N
3670	5364	2	\N	4	\N	2
3671	3140	3	\N	\N	\N	2
3672	683	1	\N	\N	2	4
3673	3992	1	\N	\N	4	3
3674	137	3	\N	\N	3	\N
3675	2033	2	\N	4	4	\N
3676	4906	3	1	\N	\N	4
3677	2023	1	\N	\N	1	\N
3678	5415	1	1	\N	\N	2
3679	3760	3	\N	3	\N	\N
3680	2444	4	1	4	\N	\N
3681	4615	2	\N	1	\N	3
3682	972	1	\N	2	\N	\N
3683	912	1	\N	\N	\N	1
3684	338	1	\N	3	\N	\N
3685	4243	3	1	\N	1	\N
3686	1542	4	\N	\N	\N	1
3687	2171	1	1	2	\N	\N
3688	2892	3	4	\N	\N	\N
3689	930	2	\N	1	4	4
3690	4817	1	4	\N	\N	1
3691	4351	1	\N	4	\N	\N
3692	5358	2	\N	\N	\N	1
3693	793	3	\N	\N	\N	4
3694	675	2	\N	\N	\N	\N
3695	2441	4	2	\N	\N	\N
3696	2225	3	\N	1	4	4
3697	603	1	\N	\N	3	1
3698	1346	2	\N	2	\N	3
3699	4370	4	4	\N	\N	3
3700	2745	4	\N	\N	\N	4
3701	4747	3	\N	\N	\N	2
3702	5384	1	\N	\N	\N	4
3703	5019	3	3	1	\N	1
3704	2059	3	2	1	\N	2
3705	4506	1	\N	\N	\N	3
3706	1191	4	\N	\N	\N	\N
3707	2383	2	2	\N	3	2
3708	2991	3	\N	\N	\N	3
3709	252	3	\N	3	3	2
3710	4058	4	4	3	4	\N
3711	2102	4	4	\N	1	\N
3712	2285	3	\N	\N	\N	\N
3713	2497	1	\N	1	3	2
3714	631	1	\N	\N	\N	\N
3715	3580	3	\N	4	1	\N
3716	548	1	\N	\N	3	\N
3717	3510	1	\N	3	\N	3
3718	2614	3	\N	\N	1	2
3719	957	1	\N	1	3	2
3720	726	1	\N	1	\N	2
3721	4061	3	1	4	2	\N
3722	4735	1	4	\N	\N	1
3723	2074	3	2	\N	3	\N
3724	192	1	1	2	3	2
3725	2059	3	3	\N	3	1
3726	1304	2	3	4	3	\N
3727	3046	4	\N	\N	\N	\N
3728	3714	4	\N	4	1	\N
3729	5051	3	\N	\N	\N	3
3730	2884	3	\N	\N	4	2
3731	718	1	\N	4	\N	1
3732	2561	4	\N	\N	3	3
3733	4415	2	\N	\N	4	\N
3734	67	4	\N	\N	3	\N
3735	4475	2	\N	2	\N	3
3736	4830	1	1	\N	1	1
3737	1897	3	\N	\N	1	\N
3738	2875	2	3	\N	1	\N
3739	2713	4	2	\N	\N	\N
3740	1719	3	\N	\N	2	4
3741	1278	3	1	4	\N	\N
3742	1526	3	2	\N	3	\N
3743	779	2	\N	\N	\N	\N
3744	4254	2	1	\N	3	4
3745	3272	1	\N	\N	\N	2
3746	3837	3	3	\N	3	3
3747	1092	2	2	\N	1	3
3748	4957	3	\N	\N	4	\N
3749	4325	4	\N	\N	2	\N
3750	4720	1	\N	\N	\N	\N
3751	4606	1	\N	\N	\N	\N
3752	4991	1	\N	\N	2	\N
3753	2030	2	\N	\N	\N	\N
3754	400	4	\N	\N	\N	4
3755	1655	3	\N	\N	\N	\N
3756	1473	3	2	\N	\N	\N
3757	683	1	2	\N	\N	2
3758	3232	3	3	3	4	\N
3759	2198	1	\N	2	\N	1
3760	4533	2	\N	\N	\N	\N
3761	1294	3	3	4	3	\N
3762	600	3	4	\N	\N	\N
3763	2010	4	\N	4	2	\N
3764	2072	3	1	\N	3	\N
3765	2806	1	2	\N	\N	2
3766	5213	4	4	\N	4	2
3767	963	4	\N	4	\N	\N
3768	1969	2	\N	1	\N	\N
3769	4693	2	\N	1	1	\N
3770	5433	1	\N	\N	\N	1
3771	4387	4	\N	\N	3	\N
3772	2726	1	\N	\N	\N	\N
3773	5228	1	\N	\N	2	4
3774	3942	3	\N	\N	\N	1
3775	5204	2	\N	\N	\N	1
3776	573	4	\N	2	\N	\N
3777	1951	3	\N	1	\N	3
3778	2872	1	\N	\N	\N	\N
3779	4498	2	\N	\N	4	\N
3780	2063	2	2	\N	\N	\N
3781	4493	2	4	4	\N	\N
3782	593	3	\N	\N	1	\N
3783	1689	4	\N	\N	\N	\N
3784	991	2	\N	3	\N	\N
3785	3792	2	\N	\N	\N	4
3786	3857	4	\N	2	\N	\N
3787	1116	4	\N	1	\N	\N
3788	3115	4	3	\N	1	\N
3789	3333	2	3	3	\N	2
3790	5117	1	\N	1	2	\N
3791	5158	1	3	\N	\N	\N
3792	330	2	\N	\N	3	\N
3793	71	2	\N	1	\N	\N
3794	3873	4	\N	\N	3	\N
3795	3493	1	3	\N	\N	2
3796	2844	3	\N	2	\N	2
3797	1639	1	\N	2	\N	\N
3798	5191	4	\N	\N	4	\N
3799	4680	3	\N	2	\N	\N
3800	2429	3	3	\N	\N	\N
3801	1570	3	\N	3	4	\N
3802	4302	1	3	\N	\N	\N
3803	693	3	4	\N	3	\N
3804	5191	4	1	\N	\N	\N
3805	1399	1	\N	1	4	\N
3806	4015	2	1	4	\N	\N
3807	5440	3	3	4	\N	1
3808	1141	2	\N	3	3	1
3809	3020	4	2	\N	2	\N
3810	4222	1	3	4	\N	3
3811	5274	1	\N	4	\N	\N
3812	3699	3	2	\N	\N	\N
3813	137	1	\N	\N	4	\N
3814	1168	2	\N	\N	\N	4
3815	1308	1	\N	\N	\N	\N
3816	1893	1	1	\N	3	2
3817	317	4	4	\N	\N	\N
3818	3829	3	3	\N	2	1
3819	897	4	\N	\N	2	4
3820	3477	2	\N	\N	\N	\N
3821	3187	2	\N	2	\N	\N
3822	708	1	\N	\N	\N	2
3823	3701	4	\N	\N	3	\N
3824	1557	2	1	2	\N	\N
3825	4918	4	\N	2	\N	\N
3826	4697	1	1	\N	2	2
3827	4354	3	\N	\N	3	1
3828	3903	1	\N	\N	\N	\N
3829	3453	4	2	\N	\N	\N
3830	4653	4	4	\N	\N	3
3831	1120	3	\N	2	3	\N
3832	343	1	\N	\N	\N	\N
3833	4644	4	2	4	3	4
3834	5091	3	4	\N	\N	\N
3835	1471	3	\N	2	2	4
3836	3528	2	\N	\N	\N	\N
3837	2513	1	\N	1	\N	\N
3838	3616	2	\N	\N	4	2
3839	2045	1	\N	\N	\N	\N
3840	5143	2	\N	3	\N	\N
3841	3269	3	1	\N	\N	1
3842	584	1	\N	\N	\N	\N
3843	4431	1	2	2	2	\N
3844	5379	3	\N	1	\N	4
3845	5338	3	3	4	3	\N
3846	2222	1	3	\N	1	\N
3847	1391	2	\N	1	3	1
3848	2703	4	\N	\N	\N	4
3849	437	4	\N	4	3	1
3850	2307	4	\N	\N	\N	1
3851	5250	1	\N	1	4	\N
3852	1123	3	\N	1	4	\N
3853	1358	4	4	1	\N	2
3854	2564	1	2	\N	\N	3
3855	731	2	\N	\N	\N	\N
3856	2207	2	\N	\N	\N	\N
3857	2146	2	4	3	4	\N
3858	5036	4	\N	\N	\N	\N
3859	4774	4	\N	\N	1	\N
3860	4996	2	4	\N	\N	\N
3861	3457	1	3	4	2	\N
3862	1069	4	\N	\N	\N	\N
3863	2208	4	\N	2	\N	3
3864	1241	1	2	\N	\N	3
3865	1313	4	\N	\N	\N	\N
3866	498	4	\N	1	\N	\N
3867	4931	3	\N	\N	3	\N
3868	2473	2	3	\N	4	\N
3869	1482	1	4	\N	4	1
3870	3622	4	2	\N	3	\N
3871	1443	1	3	3	\N	\N
3872	3661	2	\N	\N	2	\N
3873	4642	3	1	4	\N	3
3874	4176	2	3	\N	1	\N
3875	5036	3	\N	\N	4	2
3876	1881	2	1	\N	\N	\N
3877	5388	3	\N	\N	\N	\N
3878	4712	3	2	\N	\N	\N
3879	2755	4	\N	\N	2	\N
3880	4098	4	3	\N	\N	\N
3881	3976	3	\N	2	3	\N
3882	5019	1	\N	\N	\N	\N
3883	4155	2	\N	3	\N	\N
3884	792	3	2	3	\N	\N
3885	259	4	\N	\N	3	\N
3886	38	3	\N	\N	2	4
3887	607	4	2	\N	3	\N
3888	4969	3	\N	\N	\N	\N
3889	4230	3	\N	\N	\N	\N
3890	1080	1	2	\N	\N	2
3891	1757	2	4	\N	2	3
3892	2060	3	\N	3	\N	2
3893	2705	3	1	\N	2	\N
3894	1671	3	1	1	\N	\N
3895	364	2	2	\N	\N	\N
3896	1647	2	3	\N	1	\N
3897	801	3	1	\N	3	1
3898	2520	4	\N	3	\N	3
3899	5207	1	\N	\N	\N	\N
3900	2589	1	\N	\N	\N	4
3901	1284	3	2	\N	3	\N
3902	4593	2	\N	2	1	\N
3903	2869	2	\N	\N	\N	\N
3904	369	3	\N	2	\N	\N
3905	1630	3	\N	\N	\N	\N
3906	2132	3	\N	\N	1	\N
3907	1178	4	\N	1	\N	2
3908	3093	3	\N	1	4	2
3909	534	1	3	\N	\N	\N
3910	335	3	\N	\N	2	1
3911	3827	1	1	4	1	\N
3912	1267	2	\N	\N	\N	\N
3913	3405	4	\N	\N	2	3
3914	4023	3	\N	\N	\N	\N
3915	2124	3	\N	\N	2	3
3916	3356	4	\N	\N	1	\N
3917	3942	2	4	2	2	2
3918	5196	3	4	\N	4	\N
3919	3243	2	2	2	\N	3
3920	512	3	\N	\N	\N	\N
3921	319	4	\N	4	\N	\N
3922	47	3	\N	\N	\N	4
3923	834	4	1	2	3	\N
3924	1509	1	4	4	\N	\N
3925	897	1	\N	1	\N	\N
3926	2271	4	\N	\N	3	\N
3927	484	2	\N	\N	\N	4
3928	56	1	2	\N	\N	1
3929	2269	4	\N	3	\N	\N
3930	4939	2	\N	2	\N	\N
3931	3747	4	4	\N	\N	\N
3932	1047	3	\N	\N	3	\N
3933	1156	2	\N	\N	\N	\N
3934	4531	2	3	3	\N	2
3935	3488	3	2	2	\N	\N
3936	693	1	\N	\N	\N	\N
3937	2318	1	4	\N	\N	\N
3938	5193	3	\N	\N	\N	\N
3939	5200	1	\N	\N	3	\N
3940	162	3	\N	1	1	\N
3941	287	4	\N	\N	\N	1
3942	1397	1	\N	\N	1	4
3943	3098	3	\N	\N	\N	\N
3944	825	3	\N	3	\N	\N
3945	1913	1	\N	\N	2	\N
3946	4757	4	\N	1	\N	\N
3947	2949	2	\N	\N	\N	\N
3948	4777	4	2	\N	1	\N
3949	4794	2	\N	1	\N	2
3950	4043	2	3	\N	\N	2
3951	2175	2	\N	2	\N	\N
3952	2940	4	\N	\N	2	\N
3953	2560	4	3	\N	4	\N
3954	4829	3	\N	\N	\N	\N
3955	2884	3	\N	\N	\N	1
3956	3707	4	\N	\N	\N	1
3957	2021	4	\N	\N	\N	1
3958	827	4	\N	\N	2	\N
3959	3630	1	1	4	\N	\N
3960	3250	4	3	\N	\N	3
3961	32	2	\N	\N	\N	\N
3962	3114	2	\N	\N	\N	\N
3963	5352	1	2	2	3	2
3964	2255	1	\N	\N	\N	\N
3965	978	4	\N	\N	\N	\N
3966	2407	1	\N	3	4	\N
3967	2622	3	\N	1	\N	1
3968	1617	4	1	\N	\N	2
3969	5421	3	1	2	\N	\N
3970	1772	2	\N	1	\N	\N
3971	2016	4	\N	\N	\N	\N
3972	3641	2	\N	\N	\N	3
3973	3026	2	\N	4	\N	\N
3974	3550	4	\N	1	\N	\N
3975	1750	1	\N	3	\N	\N
3976	3876	2	\N	1	\N	\N
3977	2420	4	3	\N	\N	\N
3978	4923	3	\N	\N	\N	\N
3979	2372	1	3	\N	\N	1
3980	792	1	\N	\N	1	3
3981	451	2	\N	2	\N	1
3982	4615	1	\N	\N	\N	\N
3983	3333	2	\N	\N	\N	\N
3984	3067	3	\N	\N	\N	\N
3985	2973	3	\N	4	2	\N
3986	1879	1	\N	4	\N	2
3987	2305	1	2	2	3	\N
3988	906	1	2	\N	\N	3
3989	5445	4	2	4	\N	\N
3990	885	1	\N	\N	4	\N
3991	3069	4	\N	\N	3	4
3992	3378	1	\N	2	4	\N
3993	1315	4	4	\N	\N	\N
3994	2398	4	3	\N	2	1
3995	3551	1	\N	\N	\N	3
3996	1674	1	\N	1	1	\N
3997	2816	4	2	\N	\N	\N
3998	2365	1	2	4	3	2
3999	1697	4	4	1	1	\N
4000	488	2	\N	\N	4	2
4001	3252	2	\N	\N	\N	1
4002	2494	2	4	\N	\N	\N
4003	2791	4	\N	\N	\N	\N
4004	4689	2	\N	3	\N	2
4005	2900	3	\N	1	3	3
4006	2783	3	\N	1	3	1
4007	4698	4	\N	3	1	\N
4008	2675	3	\N	\N	\N	\N
4009	2881	4	3	\N	\N	4
4010	145	3	1	2	\N	\N
4011	2657	1	\N	4	\N	\N
4012	2691	3	\N	\N	\N	3
4013	2518	1	\N	4	\N	\N
4014	5115	3	1	\N	\N	\N
4015	4349	4	4	\N	\N	\N
4016	5082	2	\N	\N	\N	\N
4017	677	2	\N	4	\N	1
4018	3654	2	\N	\N	1	2
4019	2123	2	\N	1	\N	1
4020	3612	1	\N	2	\N	\N
4021	2325	1	\N	\N	\N	\N
4022	1833	2	2	2	\N	\N
4023	434	3	\N	3	2	\N
4024	3714	4	\N	2	\N	2
4025	2064	4	\N	4	\N	3
4026	359	1	\N	\N	\N	1
4027	4235	4	\N	\N	\N	2
4028	2677	2	3	\N	\N	1
4029	5137	4	\N	\N	\N	3
4030	5057	4	1	\N	2	1
4031	5258	1	\N	2	\N	\N
4032	4372	2	\N	2	\N	3
4033	5324	3	1	3	\N	2
4034	2454	1	\N	1	\N	\N
4035	3594	2	2	1	\N	\N
4036	4090	1	\N	\N	\N	\N
4037	4235	1	\N	4	\N	\N
4038	4860	1	\N	3	\N	3
4039	3278	3	\N	\N	\N	2
4040	2110	2	\N	\N	\N	2
4041	1580	3	4	\N	\N	\N
4042	1226	1	\N	\N	\N	\N
4043	3593	4	4	\N	\N	3
4044	2762	4	\N	\N	\N	\N
4045	5363	1	3	1	\N	\N
4046	2791	3	\N	\N	\N	\N
4047	1029	2	\N	\N	1	1
4048	4983	4	3	\N	\N	\N
4049	5057	3	\N	\N	\N	\N
4050	785	1	\N	1	2	\N
4051	3873	3	\N	1	1	1
4052	4901	1	3	\N	\N	\N
4053	4015	1	3	\N	4	\N
4054	1674	2	1	3	\N	2
4055	3682	4	\N	1	\N	\N
4056	1760	2	\N	\N	1	\N
4057	5068	4	\N	\N	\N	2
4058	2478	3	1	\N	\N	\N
4059	4249	3	\N	3	\N	\N
4060	1214	1	2	\N	\N	\N
4061	2323	3	2	3	\N	2
4062	2276	4	2	\N	\N	\N
4063	625	1	\N	\N	3	1
4064	336	1	\N	\N	\N	4
4065	3042	4	\N	\N	\N	\N
4066	1116	3	\N	\N	2	2
4067	4832	3	\N	4	\N	\N
4068	348	4	\N	1	\N	\N
4069	138	2	3	\N	\N	4
4070	3414	2	\N	\N	\N	3
4071	2258	1	\N	\N	\N	\N
4072	2278	1	\N	\N	\N	\N
4073	4166	3	\N	\N	\N	4
4074	739	2	\N	2	\N	\N
4075	2541	4	2	\N	\N	1
4076	599	4	\N	\N	\N	\N
4077	59	4	\N	\N	\N	4
4078	2162	3	\N	\N	3	2
4079	1891	1	2	4	4	\N
4080	2169	1	\N	\N	\N	1
4081	4643	1	\N	\N	\N	\N
4082	1765	1	\N	4	2	4
4083	3442	4	\N	\N	3	2
4084	4906	4	\N	2	\N	3
4085	3725	1	4	\N	\N	\N
4086	4252	4	2	\N	4	1
4087	4796	1	\N	\N	1	4
4088	4124	2	1	\N	2	\N
4089	4998	2	1	2	1	3
4090	3832	3	4	4	2	\N
4091	4160	1	4	\N	\N	3
4092	5077	1	3	4	\N	\N
4093	2585	3	2	4	3	\N
4094	1234	2	\N	4	\N	\N
4095	1375	3	\N	2	1	\N
4096	526	4	\N	4	\N	\N
4097	940	2	4	\N	4	\N
4098	5466	3	1	\N	\N	3
4099	3472	4	\N	\N	\N	\N
4100	5381	1	\N	\N	\N	\N
4101	2113	2	\N	\N	\N	\N
4102	3171	1	2	4	3	\N
4103	506	4	3	2	2	1
4104	2211	1	\N	\N	\N	\N
4105	5258	3	\N	3	\N	3
4106	710	4	4	\N	\N	2
4107	330	1	\N	\N	4	3
4108	4359	2	\N	\N	\N	2
4109	802	4	\N	3	\N	3
4110	481	3	\N	2	\N	1
4111	5210	2	3	\N	\N	\N
4112	3623	4	4	2	\N	2
4113	3512	1	\N	\N	\N	\N
4114	3450	2	\N	1	1	\N
4115	733	4	\N	\N	\N	\N
4116	704	4	\N	1	\N	2
4117	2303	2	\N	\N	\N	\N
4118	3081	4	\N	2	4	\N
4119	5404	1	\N	4	3	1
4120	4285	1	\N	1	1	1
4121	2984	3	\N	2	\N	\N
4122	644	2	3	1	\N	\N
4123	1381	4	\N	\N	\N	\N
4124	1802	1	1	\N	\N	\N
4125	3391	3	\N	\N	3	2
4126	1049	2	\N	1	\N	3
4127	1984	2	\N	\N	\N	2
4128	1274	2	\N	\N	\N	\N
4129	5357	4	4	4	4	\N
4130	3698	3	2	\N	\N	\N
4131	3060	1	\N	\N	\N	4
4132	585	2	4	3	\N	\N
4133	746	3	\N	\N	\N	\N
4134	1714	4	1	\N	\N	4
4135	1269	3	3	\N	1	\N
4136	4765	1	\N	\N	\N	\N
4137	2765	1	\N	\N	\N	4
4138	1332	4	\N	\N	3	1
4139	1232	2	\N	2	4	\N
4140	557	2	4	4	\N	4
4141	2997	1	3	1	1	\N
4142	4124	1	\N	3	1	1
4143	2193	1	\N	4	1	\N
4144	3558	2	3	4	\N	2
4145	980	4	\N	4	\N	3
4146	3647	1	\N	4	1	\N
4147	2358	1	4	\N	\N	\N
4148	18	3	\N	\N	\N	\N
4149	1629	1	3	\N	\N	\N
4150	5286	4	\N	\N	1	\N
4151	3407	4	\N	\N	\N	3
4152	4965	1	4	1	\N	3
4153	2806	2	4	2	\N	\N
4154	2165	3	1	2	1	\N
4155	26	1	2	\N	3	\N
4156	473	2	3	\N	\N	\N
4157	2500	3	\N	\N	\N	1
4158	1661	1	\N	\N	4	1
4159	1813	3	\N	\N	2	1
4160	3889	4	2	\N	\N	\N
4161	1514	4	\N	4	\N	\N
4162	1838	1	\N	\N	2	4
4163	2141	4	\N	\N	\N	3
4164	4662	4	\N	\N	\N	\N
4165	2344	4	1	4	3	\N
4166	3618	2	2	\N	\N	2
4167	3545	3	\N	\N	2	\N
4168	2138	1	\N	\N	\N	1
4169	2963	2	\N	\N	\N	2
4170	5316	2	1	\N	\N	1
4171	2584	2	1	\N	\N	\N
4172	4147	4	\N	\N	\N	\N
4173	4451	2	2	\N	\N	\N
4174	3733	3	\N	\N	2	\N
4175	1840	2	\N	\N	\N	2
4176	3305	3	\N	\N	\N	\N
4177	351	3	4	\N	\N	\N
4178	90	1	3	\N	\N	2
4179	2533	1	\N	1	4	\N
4180	1810	1	\N	\N	\N	\N
4181	1341	1	\N	3	\N	\N
4182	3764	4	\N	3	\N	\N
4183	4296	3	\N	3	1	\N
4184	36	3	4	3	\N	1
4185	265	1	\N	\N	\N	\N
4186	5422	3	3	\N	\N	\N
4187	582	1	\N	\N	\N	\N
4188	72	1	1	2	\N	2
4189	3577	3	\N	4	\N	\N
4190	5145	3	\N	\N	4	\N
4191	4418	2	\N	\N	\N	\N
4192	2146	4	\N	3	\N	\N
4193	2972	4	\N	\N	3	4
4194	3206	2	\N	\N	\N	\N
4195	3090	3	\N	\N	4	\N
4196	57	3	\N	\N	2	1
4197	2148	4	\N	\N	\N	2
4198	1632	3	\N	4	\N	\N
4199	4653	2	1	\N	\N	\N
4200	2220	4	\N	2	\N	\N
4201	3259	1	2	\N	1	\N
4202	5220	2	\N	\N	\N	4
4203	2313	1	\N	1	1	\N
4204	1300	4	1	1	\N	1
4205	3129	3	\N	\N	\N	2
4206	5169	3	1	\N	\N	\N
4207	2542	3	\N	3	3	\N
4208	3516	2	\N	1	\N	\N
4209	2895	3	\N	4	\N	\N
4210	4995	1	\N	2	1	\N
4211	889	1	\N	\N	\N	3
4212	1835	4	3	4	\N	2
4213	4520	1	\N	\N	3	\N
4214	674	3	4	\N	3	\N
4215	3763	1	\N	3	\N	\N
4216	951	2	2	\N	\N	1
4217	4371	4	3	4	\N	\N
4218	5364	3	\N	1	\N	3
4219	799	4	\N	4	3	\N
4220	1928	2	\N	\N	3	\N
4221	4045	4	1	1	3	\N
4222	1396	1	\N	\N	4	\N
4223	1743	1	4	\N	\N	3
4224	4412	3	\N	2	2	\N
4225	3818	3	3	4	\N	\N
4226	4942	2	\N	\N	\N	\N
4227	1993	3	\N	\N	1	\N
4228	403	2	\N	\N	2	\N
4229	3010	2	\N	\N	\N	\N
4230	3818	2	\N	\N	\N	3
4231	4451	4	\N	1	\N	\N
4232	1408	3	4	\N	\N	1
4233	2535	4	\N	2	\N	\N
4234	1399	4	4	3	3	\N
4235	3751	3	\N	\N	2	3
4236	376	2	3	4	\N	\N
4237	3926	3	4	3	3	\N
4238	422	4	4	1	3	\N
4239	2627	1	1	1	2	4
4240	533	4	\N	\N	1	1
4241	4550	1	3	2	\N	\N
4242	5019	3	3	\N	3	1
4243	4307	2	\N	4	4	\N
4244	5169	3	\N	3	\N	\N
4245	2048	4	\N	\N	\N	\N
4246	4981	1	\N	2	2	2
4247	3888	4	\N	3	\N	4
4248	3203	2	\N	\N	2	\N
4249	2594	1	\N	3	\N	\N
4250	1175	1	\N	2	3	\N
4251	3038	4	\N	\N	\N	\N
4252	1287	2	\N	\N	2	\N
4253	4883	2	2	\N	3	3
4254	5080	2	\N	\N	4	\N
4255	2663	1	\N	\N	\N	4
4256	4573	4	2	3	2	\N
4257	634	1	3	2	2	2
4258	4170	3	2	2	\N	3
4259	3483	1	2	2	\N	\N
4260	3893	2	2	\N	4	2
4261	3037	1	\N	3	\N	\N
4262	2212	2	\N	\N	\N	1
4263	266	4	\N	2	\N	\N
4264	4158	3	\N	1	4	2
4265	2807	1	1	\N	\N	\N
4266	3980	1	\N	\N	3	4
4267	3347	2	2	\N	\N	\N
4268	4326	3	1	\N	2	3
4269	2796	3	\N	\N	\N	1
4270	4396	3	\N	\N	\N	\N
4271	1292	1	\N	\N	4	\N
4272	5226	4	4	2	4	\N
4273	149	2	2	\N	3	\N
4274	250	3	\N	\N	\N	4
4275	5291	2	\N	\N	\N	\N
4276	5490	1	2	\N	\N	2
4277	4354	3	\N	\N	2	4
4278	4880	2	\N	2	2	\N
4279	2859	2	\N	3	\N	4
4280	1824	1	\N	\N	3	4
4281	2158	2	\N	\N	\N	2
4282	2647	4	\N	\N	\N	\N
4283	4906	3	4	4	\N	2
4284	3133	4	1	\N	\N	\N
4285	4207	1	\N	\N	\N	\N
4286	3440	2	2	3	4	3
4287	2297	1	\N	3	\N	1
4288	3499	2	1	4	\N	\N
4289	2122	1	\N	3	3	\N
4290	1176	1	\N	3	\N	3
4291	1099	3	\N	4	\N	\N
4292	4611	3	1	2	\N	\N
4293	1378	4	\N	\N	\N	1
4294	2639	2	4	\N	\N	1
4295	350	2	\N	\N	\N	3
4296	2379	3	3	\N	\N	\N
4297	3169	4	\N	\N	1	\N
4298	471	3	3	\N	4	\N
4299	1931	2	\N	2	\N	\N
4300	3272	4	2	\N	1	\N
4301	86	4	\N	\N	1	\N
4302	3305	3	\N	1	\N	2
4303	107	3	3	4	\N	\N
4304	3506	2	\N	\N	\N	\N
4305	1703	3	\N	\N	4	\N
4306	145	4	\N	\N	\N	3
4307	2809	3	4	\N	2	\N
4308	4392	1	3	4	1	\N
4309	5046	4	1	2	\N	\N
4310	1249	4	2	4	\N	\N
4311	2415	4	\N	\N	4	3
4312	2536	1	\N	\N	2	\N
4313	3071	3	\N	\N	\N	2
4314	242	2	\N	\N	\N	\N
4315	321	1	2	1	\N	\N
4316	463	3	4	4	\N	\N
4317	4548	4	\N	\N	\N	\N
4318	5446	2	\N	\N	\N	\N
4319	550	1	4	1	\N	\N
4320	2060	4	\N	\N	\N	\N
4321	2114	3	4	4	1	\N
4322	4100	1	\N	1	\N	\N
4323	2300	3	\N	1	\N	\N
4324	1315	3	1	\N	3	\N
4325	700	1	3	3	1	\N
4326	1514	4	1	\N	\N	\N
4327	1372	1	4	4	\N	\N
4328	3082	3	4	4	\N	\N
4329	2044	4	\N	1	\N	4
4330	2149	3	\N	\N	1	2
4331	2163	1	\N	\N	\N	\N
4332	4313	3	\N	2	\N	\N
4333	5352	4	2	2	\N	\N
4334	4079	3	\N	\N	\N	\N
4335	3656	1	\N	\N	\N	3
4336	5210	3	\N	1	2	1
4337	846	2	\N	\N	1	\N
4338	799	1	\N	3	\N	4
4339	4019	4	\N	\N	1	\N
4340	3306	4	\N	\N	\N	\N
4341	3892	2	\N	1	4	\N
4342	2339	3	\N	\N	\N	1
4343	4918	4	4	\N	\N	\N
4344	3610	1	1	\N	3	3
4345	69	3	\N	\N	2	4
4346	1904	1	\N	4	\N	4
4347	1119	1	3	1	2	2
4348	4927	1	\N	\N	1	3
4349	2816	1	\N	\N	\N	\N
4350	1120	4	\N	\N	\N	2
4351	1187	3	3	\N	1	\N
4352	2151	4	2	\N	\N	\N
4353	319	4	\N	\N	4	2
4354	4589	2	1	1	3	3
4355	4323	2	1	\N	2	3
4356	2937	2	2	\N	4	1
4357	1361	2	\N	\N	\N	\N
4358	2583	4	\N	\N	1	\N
4359	5274	1	2	\N	\N	1
4360	5324	1	\N	\N	2	\N
4361	4616	3	\N	\N	\N	1
4362	3066	2	\N	2	3	3
4363	2687	3	\N	4	\N	\N
4364	3253	3	\N	\N	1	3
4365	2757	1	2	\N	\N	\N
4366	4253	2	3	\N	2	\N
4367	3802	3	3	2	1	\N
4368	362	2	\N	\N	2	1
4369	3019	2	4	4	3	\N
4370	3576	1	3	\N	\N	\N
4371	4500	4	4	\N	4	\N
4372	5371	1	\N	\N	\N	\N
4373	2039	1	3	\N	\N	3
4374	3480	1	1	3	4	\N
4375	3104	1	2	1	\N	2
4376	94	1	1	2	2	\N
4377	4334	1	\N	\N	1	\N
4378	2230	3	\N	4	\N	\N
4379	1889	4	\N	\N	3	4
4380	3093	2	1	\N	4	4
4381	1407	3	\N	\N	3	\N
4382	4098	4	\N	\N	\N	\N
4383	5381	2	1	\N	3	1
4384	3702	1	3	\N	\N	2
4385	159	3	\N	\N	2	\N
4386	3678	1	\N	\N	1	\N
4387	3567	1	\N	\N	\N	3
4388	5182	3	1	\N	\N	\N
4389	1890	4	1	\N	\N	\N
4390	4098	2	2	\N	2	1
4391	282	3	4	\N	\N	\N
4392	5073	2	\N	2	\N	2
4393	5147	4	\N	3	2	\N
4394	1634	1	1	\N	\N	\N
4395	4426	4	2	\N	1	\N
4396	924	1	\N	4	\N	\N
4397	1513	3	1	\N	2	\N
4398	2973	2	\N	\N	3	1
4399	726	3	3	3	\N	\N
4400	2385	3	4	\N	4	2
4401	2386	1	4	1	1	\N
4402	199	4	\N	\N	\N	\N
4403	4158	4	\N	\N	\N	\N
4404	5038	4	\N	1	\N	\N
4405	4178	4	\N	2	\N	\N
4406	4586	2	\N	3	\N	\N
4407	4322	4	1	\N	\N	\N
4408	1861	3	\N	\N	\N	\N
4409	493	3	\N	2	\N	\N
4410	5226	2	\N	3	1	\N
4411	2592	2	1	\N	4	2
4412	1706	3	\N	\N	\N	\N
4413	2232	3	\N	2	3	2
4414	230	4	\N	1	\N	2
4415	3439	1	2	2	\N	1
4416	3476	1	1	\N	4	1
4417	488	3	\N	4	3	\N
4418	2165	3	2	1	\N	4
4419	1578	2	\N	\N	2	\N
4420	3010	1	1	\N	\N	4
4421	1479	2	\N	3	4	\N
4422	3739	2	\N	3	4	\N
4423	1705	4	2	3	2	3
4424	3416	3	\N	\N	3	\N
4425	3759	2	\N	\N	3	\N
4426	5205	3	2	1	\N	2
4427	1587	2	1	1	2	\N
4428	242	3	\N	3	\N	\N
4429	4292	3	\N	4	\N	\N
4430	5380	3	\N	\N	\N	2
4431	4198	2	\N	4	4	4
4432	2323	4	3	1	\N	2
4433	5184	4	\N	1	4	\N
4434	3825	2	1	\N	2	\N
4435	5256	1	\N	\N	3	\N
4436	402	1	3	\N	1	3
4437	4402	2	3	2	3	\N
4438	3740	1	2	\N	1	2
4439	3122	1	\N	\N	3	\N
4440	3169	4	\N	1	\N	\N
4441	2523	2	\N	4	1	3
4442	2255	3	3	\N	\N	\N
4443	1522	4	1	1	\N	\N
4444	2638	4	2	3	\N	\N
4445	1803	4	\N	4	\N	\N
4446	986	2	2	\N	4	\N
4447	864	2	4	\N	\N	\N
4448	5420	4	\N	\N	\N	1
4449	2346	3	\N	3	\N	\N
4450	4222	3	2	4	3	\N
4451	2538	1	2	\N	1	\N
4452	4039	2	\N	\N	3	\N
4453	4011	3	\N	\N	\N	\N
4454	2513	4	\N	\N	1	\N
4455	1215	1	2	\N	\N	\N
4456	2114	2	2	\N	4	1
4457	2263	3	2	\N	2	\N
4458	939	2	3	2	\N	4
4459	4322	1	3	\N	1	1
4460	136	1	4	\N	1	3
4461	3764	3	\N	\N	\N	4
4462	5194	1	\N	3	3	3
4463	1324	4	\N	1	\N	2
4464	226	2	\N	2	\N	4
4465	3622	3	1	\N	2	1
4466	358	2	\N	1	\N	1
4467	1076	4	4	2	\N	\N
4468	3572	1	\N	\N	\N	\N
4469	3140	3	4	2	1	\N
4470	2008	1	\N	3	\N	\N
4471	3111	2	\N	\N	\N	\N
4472	1540	1	\N	2	\N	\N
4473	357	1	\N	\N	3	\N
4474	1487	4	\N	2	3	\N
4475	5406	4	\N	1	\N	\N
4476	4920	4	\N	\N	\N	1
4477	1693	2	\N	\N	\N	3
4478	113	3	1	\N	4	\N
4479	1343	4	2	\N	1	3
4480	3435	1	\N	\N	2	4
4481	1603	4	\N	1	\N	\N
4482	413	2	\N	\N	\N	\N
4483	3367	2	4	\N	4	\N
4484	4610	2	\N	4	\N	2
4485	2407	3	2	\N	4	\N
4486	4384	4	\N	\N	4	\N
4487	2959	3	4	\N	4	\N
4488	1192	4	\N	\N	\N	2
4489	4456	4	\N	\N	\N	\N
4490	1403	2	\N	4	\N	\N
4491	1981	3	\N	\N	\N	3
4492	1659	2	\N	\N	\N	\N
4493	4553	3	\N	\N	2	3
4494	903	1	2	3	2	\N
4495	1222	3	\N	\N	2	3
4496	1464	1	\N	\N	4	\N
4497	2605	4	4	\N	\N	\N
4498	2779	4	\N	\N	\N	3
4499	1403	1	\N	1	3	4
4500	70	2	\N	\N	4	3
4501	779	1	\N	\N	\N	\N
4502	3201	2	\N	1	3	1
4503	312	2	1	\N	\N	\N
4504	2198	4	3	3	3	2
4505	2441	4	\N	4	4	1
4506	4626	1	1	\N	\N	\N
4507	2829	4	\N	4	\N	1
4508	4512	2	4	4	4	\N
4509	382	1	\N	2	\N	3
4510	1527	1	\N	3	4	\N
4511	3124	2	\N	\N	\N	\N
4512	3303	4	\N	3	\N	2
4513	962	3	\N	\N	\N	4
4514	2405	4	\N	\N	\N	\N
4515	1461	2	\N	\N	\N	\N
4516	5386	4	\N	\N	\N	2
4517	1338	3	\N	\N	\N	\N
4518	996	1	\N	\N	\N	3
4519	103	4	\N	\N	\N	\N
4520	3814	1	\N	\N	\N	\N
4521	548	3	\N	\N	\N	\N
4522	4546	1	\N	\N	\N	\N
4523	2827	2	\N	3	4	2
4524	4345	3	\N	\N	1	\N
4525	1558	4	1	4	\N	\N
4526	450	3	1	\N	4	\N
4527	2917	3	\N	\N	4	\N
4528	1713	1	\N	3	1	1
4529	4229	1	\N	\N	\N	2
4530	1539	2	1	\N	\N	\N
4531	1519	2	3	\N	\N	\N
4532	5325	3	4	\N	4	\N
4533	4334	4	3	\N	3	\N
4534	3179	4	1	\N	\N	\N
4535	2249	1	\N	2	\N	3
4536	4451	3	1	2	\N	4
4537	5378	2	4	1	\N	\N
4538	20	2	2	\N	\N	1
4539	2521	3	2	\N	\N	2
4540	1883	1	\N	\N	4	1
4541	1075	2	4	\N	\N	\N
4542	3761	2	4	2	\N	\N
4543	5029	1	4	\N	\N	\N
4544	864	1	3	\N	1	\N
4545	3478	4	1	3	3	\N
4546	3899	2	\N	3	3	\N
4547	2914	2	\N	\N	\N	3
4548	2699	1	3	1	\N	\N
4549	5381	2	\N	\N	\N	1
4550	4507	1	1	4	\N	\N
4551	5469	2	\N	\N	1	2
4552	1777	4	4	\N	2	3
4553	115	3	4	\N	\N	2
4554	3292	3	3	\N	1	\N
4555	98	4	\N	4	\N	\N
4556	1292	2	1	3	\N	\N
4557	760	4	\N	\N	\N	3
4558	5200	1	1	\N	2	\N
4559	2677	4	\N	1	1	2
4560	1469	3	4	\N	\N	\N
4561	3183	1	\N	\N	\N	1
4562	5032	3	\N	\N	2	4
4563	100	3	\N	2	4	2
4564	4392	1	\N	\N	\N	3
4565	4469	2	2	\N	\N	\N
4566	2737	4	\N	1	1	3
4567	5305	2	1	\N	\N	\N
4568	5401	3	\N	4	\N	\N
4569	4530	1	1	3	4	\N
4570	5188	2	1	2	\N	\N
4571	2101	3	\N	4	\N	\N
4572	2883	3	\N	\N	\N	1
4573	3035	4	4	\N	\N	1
4574	494	1	1	\N	4	4
4575	3937	1	\N	\N	\N	4
4576	1772	2	\N	4	3	\N
4577	962	3	3	4	\N	\N
4578	3730	2	\N	\N	\N	\N
4579	4563	4	\N	\N	\N	\N
4580	2845	2	3	\N	\N	3
4581	3538	3	\N	\N	\N	\N
4582	4514	2	2	\N	\N	\N
4583	2005	3	\N	4	\N	\N
4584	1650	2	\N	\N	\N	\N
4585	459	4	\N	\N	1	\N
4586	2896	4	3	2	3	4
4587	2522	3	\N	3	\N	2
4588	4533	2	\N	\N	\N	\N
4589	3637	3	4	\N	\N	\N
4590	247	1	\N	\N	\N	\N
4591	5272	4	1	4	3	\N
4592	4195	2	1	\N	1	2
4593	4795	2	\N	1	1	\N
4594	3909	1	4	\N	\N	\N
4595	2785	4	\N	\N	\N	\N
4596	1459	1	3	4	\N	\N
4597	764	4	\N	\N	\N	3
4598	629	4	1	4	3	\N
4599	339	4	\N	3	\N	\N
4600	4782	4	1	\N	\N	3
4601	1399	2	1	\N	\N	1
4602	49	1	1	\N	4	\N
4603	949	1	\N	4	4	\N
4604	3136	2	\N	\N	\N	\N
4605	2655	1	1	\N	\N	\N
4606	5134	3	1	4	2	\N
4607	3215	1	2	\N	\N	\N
4608	4028	2	2	4	\N	1
4609	1703	1	\N	2	\N	\N
4610	4727	2	\N	3	4	\N
4611	1380	2	\N	\N	\N	2
4612	769	2	4	3	\N	\N
4613	1585	3	2	\N	\N	\N
4614	2654	1	1	\N	\N	\N
4615	1399	1	2	3	\N	\N
4616	1740	4	\N	\N	\N	3
4617	2095	2	\N	\N	\N	\N
4618	247	4	\N	\N	\N	\N
4619	3583	4	\N	\N	4	\N
4620	4396	4	2	1	4	\N
4621	3417	4	3	\N	4	\N
4622	2772	4	\N	3	\N	\N
4623	4992	2	2	\N	\N	1
4624	4265	4	2	4	\N	\N
4625	3159	3	\N	\N	\N	2
4626	3759	4	2	4	\N	2
4627	3197	3	\N	3	3	3
4628	781	2	\N	4	1	\N
4629	2952	4	\N	\N	\N	1
4630	4469	4	\N	\N	\N	3
4631	1294	3	3	\N	\N	\N
4632	4940	4	4	3	1	\N
4633	946	4	\N	\N	\N	\N
4634	3869	2	\N	4	\N	\N
4635	2240	1	\N	\N	1	2
4636	251	1	\N	\N	4	4
4637	2734	2	\N	\N	\N	\N
4638	445	4	\N	\N	\N	3
4639	1848	2	4	2	4	\N
4640	1437	3	\N	2	\N	1
4641	5439	1	\N	\N	\N	\N
4642	2836	4	\N	\N	4	\N
4643	2040	1	\N	1	3	3
4644	3509	3	\N	\N	\N	3
4645	4824	3	2	\N	\N	\N
4646	2918	3	\N	\N	\N	\N
4647	839	4	\N	2	\N	\N
4648	4310	3	1	\N	\N	3
4649	2813	1	2	\N	3	4
4650	726	4	\N	\N	2	2
4651	1425	2	\N	\N	\N	1
4652	4612	1	4	\N	\N	\N
4653	1909	1	\N	\N	4	\N
4654	4935	4	2	1	\N	\N
4655	3159	2	\N	\N	\N	\N
4656	28	3	\N	\N	1	\N
4657	4755	3	3	2	\N	4
4658	3288	3	\N	\N	3	\N
4659	91	2	\N	\N	\N	3
4660	2957	3	\N	\N	2	1
4661	3260	1	\N	4	\N	4
4662	1149	4	4	4	4	\N
4663	4232	3	4	\N	\N	\N
4664	5194	2	\N	\N	\N	4
4665	656	2	\N	1	1	\N
4666	3290	4	\N	\N	\N	2
4667	5145	4	\N	1	1	3
4668	1266	1	\N	\N	\N	3
4669	4215	3	\N	\N	\N	4
4670	932	1	\N	4	\N	4
4671	4260	4	1	4	\N	\N
4672	1089	3	\N	4	\N	\N
4673	3875	1	1	\N	\N	\N
4674	1840	2	\N	2	2	2
4675	5422	1	\N	\N	\N	\N
4676	3588	4	2	1	\N	4
4677	3891	3	\N	\N	3	4
4678	2297	1	\N	3	\N	4
4679	5463	3	1	4	\N	3
4680	1384	1	\N	\N	\N	1
4681	497	4	\N	3	\N	2
4682	4488	4	\N	2	1	4
4683	2846	4	\N	3	\N	\N
4684	671	3	3	\N	\N	4
4685	260	3	4	\N	3	\N
4686	4932	2	3	\N	\N	\N
4687	5031	1	\N	\N	\N	3
4688	1090	4	2	\N	2	4
4689	995	2	\N	\N	1	\N
4690	3988	3	1	2	\N	\N
4691	5239	3	3	\N	\N	\N
4692	2065	2	\N	\N	1	\N
4693	4016	4	2	\N	1	1
4694	1880	4	\N	\N	\N	2
4695	4088	3	\N	3	4	3
4696	4112	2	1	\N	\N	\N
4697	2866	2	\N	3	\N	2
4698	2622	4	\N	\N	\N	2
4699	1251	3	4	\N	\N	\N
4700	2104	1	\N	2	\N	\N
4701	1904	2	\N	2	3	\N
4702	1093	2	\N	\N	\N	4
4703	2462	2	\N	3	3	\N
4704	137	1	\N	\N	\N	4
4705	3025	3	\N	\N	\N	\N
4706	3394	2	\N	4	3	3
4707	48	4	\N	\N	\N	2
4708	210	2	\N	\N	\N	2
4709	2414	1	4	4	\N	\N
4710	1531	2	\N	\N	1	\N
4711	2166	4	\N	\N	\N	\N
4712	510	2	1	4	2	3
4713	5135	1	2	\N	\N	\N
4714	4863	1	\N	4	1	\N
4715	2735	2	\N	\N	2	1
4716	825	1	\N	1	\N	4
4717	2044	3	4	\N	\N	4
4718	4027	1	\N	\N	3	\N
4719	2674	3	\N	\N	\N	\N
4720	66	4	\N	\N	\N	4
4721	5468	3	\N	1	\N	\N
4722	2762	3	\N	\N	1	\N
4723	3972	1	\N	\N	\N	1
4724	1534	4	3	\N	\N	\N
4725	2624	3	\N	2	2	\N
4726	1954	1	\N	4	\N	\N
4727	1026	4	3	\N	\N	2
4728	2340	4	\N	\N	2	\N
4729	3321	3	\N	1	\N	1
4730	2501	1	4	\N	\N	1
4731	923	3	\N	\N	\N	\N
4732	1715	2	\N	\N	\N	\N
4733	5148	3	1	\N	\N	1
4734	5040	2	2	4	\N	\N
4735	779	4	\N	\N	\N	2
4736	2422	1	2	\N	2	\N
4737	4569	4	4	\N	\N	\N
4738	69	2	\N	\N	4	\N
4739	2907	4	\N	\N	2	\N
4740	2284	2	\N	\N	4	\N
4741	3518	4	4	3	1	\N
4742	4352	2	\N	4	1	\N
4743	179	1	1	\N	\N	\N
4744	4683	1	1	\N	4	3
4745	3101	3	\N	\N	2	\N
4746	4524	3	2	\N	1	2
4747	5131	1	\N	3	\N	\N
4748	1599	2	4	\N	2	\N
4749	4616	1	3	\N	\N	2
4750	2928	3	4	\N	3	\N
4751	3154	2	3	2	\N	1
4752	2741	3	\N	1	3	\N
4753	5121	4	\N	\N	\N	\N
4754	2379	1	\N	\N	\N	1
4755	4855	1	3	\N	\N	2
4756	4380	1	2	\N	\N	\N
4757	1794	3	\N	\N	2	3
4758	1525	4	\N	4	4	\N
4759	2508	2	\N	\N	1	1
4760	4063	1	\N	1	1	1
4761	1063	1	2	\N	\N	\N
4762	3196	1	1	\N	\N	\N
4763	800	2	\N	4	\N	2
4764	319	1	1	4	4	4
4765	3343	3	3	\N	\N	4
4766	4172	1	\N	\N	4	\N
4767	444	1	\N	3	\N	\N
4768	1750	1	\N	\N	\N	\N
4769	2743	3	\N	1	3	\N
4770	3838	1	\N	\N	3	1
4771	4685	3	2	2	1	1
4772	2865	2	4	2	1	4
4773	1708	1	1	4	2	\N
4774	1394	2	\N	\N	\N	\N
4775	1030	1	3	\N	\N	\N
4776	5310	2	\N	\N	\N	\N
4777	962	4	1	\N	\N	\N
4778	2210	3	\N	\N	3	4
4779	4326	2	\N	3	1	\N
4780	1069	2	\N	\N	1	\N
4781	4912	4	\N	\N	\N	\N
4782	1218	4	\N	3	2	\N
4783	1555	3	1	4	2	1
4784	860	4	\N	1	2	\N
4785	2675	4	\N	\N	4	2
4786	905	1	\N	\N	2	4
4787	1780	4	1	2	\N	3
4788	2383	3	\N	\N	1	\N
4789	2841	1	1	4	1	4
4790	3065	2	4	\N	\N	4
4791	1555	4	\N	\N	\N	2
4792	4106	3	\N	\N	\N	2
4793	5052	1	1	3	1	\N
4794	5274	1	\N	3	3	3
4795	1561	4	\N	\N	\N	4
4796	4585	2	1	4	\N	\N
4797	2562	2	\N	\N	2	2
4798	3591	3	\N	2	\N	\N
4799	2351	1	3	\N	2	\N
4800	300	1	\N	\N	\N	\N
4801	3492	2	\N	\N	\N	2
4802	4594	2	\N	\N	\N	4
4803	752	4	\N	\N	\N	\N
4804	709	1	3	\N	\N	\N
4805	4306	1	\N	\N	4	\N
4806	4745	3	\N	\N	\N	\N
4807	1653	4	3	3	\N	\N
4808	3753	4	3	\N	1	1
4809	1092	1	\N	\N	\N	\N
4810	5121	2	4	\N	\N	\N
4811	4829	4	1	4	\N	\N
4812	2723	3	\N	\N	\N	\N
4813	3218	4	2	4	\N	1
4814	3139	2	3	3	\N	3
4815	5275	2	4	\N	\N	\N
4816	1573	2	\N	\N	2	3
4817	1217	3	\N	2	\N	\N
4818	5343	4	\N	4	\N	\N
4819	837	2	1	3	4	3
4820	4055	4	4	\N	\N	4
4821	732	3	\N	\N	2	4
4822	2439	3	\N	\N	\N	2
4823	4478	4	3	3	2	4
4824	766	3	\N	\N	\N	\N
4825	1835	2	\N	\N	1	\N
4826	5375	1	\N	\N	2	\N
4827	748	4	\N	3	4	4
4828	1147	2	3	4	3	\N
4829	1781	3	\N	2	2	\N
4830	1444	2	\N	\N	1	\N
4831	936	3	4	\N	\N	\N
4832	5476	2	3	\N	\N	1
4833	3970	4	2	\N	2	\N
4834	1706	3	1	\N	4	\N
4835	4349	4	2	\N	2	\N
4836	2077	1	3	\N	\N	1
4837	1456	1	1	4	\N	\N
4838	1636	3	4	2	2	\N
4839	2910	1	\N	2	\N	\N
4840	313	1	4	\N	\N	\N
4841	4671	2	\N	\N	\N	1
4842	320	1	\N	2	\N	\N
4843	2190	2	\N	\N	\N	\N
4844	4602	2	\N	\N	3	3
4845	3366	4	\N	1	4	4
4846	4231	4	4	\N	1	3
4847	5208	1	\N	2	\N	1
4848	741	2	\N	1	\N	3
4849	630	4	3	2	\N	\N
4850	4692	2	2	\N	\N	\N
4851	3276	4	\N	\N	2	2
4852	640	4	\N	2	2	\N
4853	3274	2	4	\N	3	\N
4854	2029	4	\N	\N	\N	\N
4855	2986	4	1	\N	\N	\N
4856	3866	4	\N	\N	\N	1
4857	3653	4	4	1	1	\N
4858	4048	1	1	2	\N	2
4859	1114	3	\N	\N	\N	\N
4860	1544	1	\N	\N	\N	2
4861	1656	2	\N	2	3	1
4862	1600	2	4	2	\N	\N
4863	3691	1	\N	\N	4	\N
4864	1547	4	2	4	2	3
4865	1958	4	\N	\N	\N	\N
4866	1791	1	\N	\N	\N	\N
4867	2904	3	2	\N	\N	\N
4868	1834	4	1	\N	3	\N
4869	1392	2	\N	2	3	\N
4870	2526	2	\N	3	1	\N
4871	2939	2	\N	\N	2	\N
4872	4349	3	3	1	\N	\N
4873	5295	2	\N	\N	\N	\N
4874	5288	3	\N	\N	\N	\N
4875	2983	2	\N	1	\N	1
4876	4986	3	\N	3	1	3
4877	4561	2	\N	\N	3	\N
4878	1461	4	4	\N	\N	4
4879	1043	1	\N	\N	\N	2
4880	5356	4	\N	1	1	3
4881	1368	4	2	\N	\N	\N
4882	3718	4	\N	2	\N	1
4883	4601	4	1	2	\N	1
4884	4668	1	\N	2	\N	\N
4885	4279	3	\N	3	\N	\N
4886	4652	1	\N	\N	\N	2
4887	3950	2	2	3	\N	\N
4888	525	2	\N	4	\N	3
4889	4124	4	\N	\N	2	3
4890	912	4	\N	\N	3	\N
4891	2460	3	\N	\N	\N	2
4892	3182	3	\N	\N	1	\N
4893	1842	3	\N	\N	1	1
4894	3461	1	1	3	\N	\N
4895	4505	2	\N	4	\N	\N
4896	4761	4	\N	4	4	\N
4897	3874	3	4	3	\N	\N
4898	2690	2	\N	4	\N	\N
4899	1101	2	\N	\N	\N	\N
4900	3632	1	\N	\N	2	\N
4901	1427	4	\N	\N	1	\N
4902	2229	1	\N	\N	2	2
4903	348	2	\N	4	1	4
4904	2844	1	\N	2	\N	4
4905	21	3	\N	\N	\N	2
4906	671	4	\N	\N	\N	\N
4907	430	4	3	\N	\N	\N
4908	1875	4	\N	2	\N	\N
4909	1523	2	2	\N	\N	1
4910	4234	4	\N	\N	\N	\N
4911	5330	4	\N	1	\N	\N
4912	3289	1	4	\N	\N	3
4913	4193	3	2	1	1	\N
4914	1142	2	\N	2	\N	\N
4915	383	1	1	\N	1	2
4916	2558	3	\N	\N	\N	\N
4917	3694	3	3	4	3	\N
4918	2146	4	3	\N	1	\N
4919	136	4	\N	2	4	\N
4920	2765	4	4	3	3	\N
4921	2726	3	\N	2	2	4
4922	4844	3	1	2	\N	2
4923	2266	2	1	\N	1	\N
4924	314	1	4	\N	\N	\N
4925	3981	1	\N	2	1	\N
4926	1919	3	\N	\N	\N	3
4927	5433	4	3	\N	2	\N
4928	4278	2	1	\N	2	\N
4929	5360	1	3	\N	\N	\N
4930	497	4	\N	\N	\N	\N
4931	3380	3	2	\N	1	\N
4932	3844	2	3	4	\N	3
4933	1630	3	\N	\N	\N	\N
4934	970	4	\N	\N	\N	1
4935	4697	2	\N	3	\N	1
4936	509	3	\N	3	2	\N
4937	1411	3	3	\N	2	4
4938	3412	3	2	\N	\N	4
4939	3350	3	\N	1	\N	1
4940	4668	3	2	\N	3	2
4941	50	4	\N	\N	\N	\N
4942	5335	2	2	3	3	\N
4943	2539	2	4	\N	\N	\N
4944	1868	4	3	1	4	4
4945	946	1	2	3	\N	1
4946	3797	4	\N	\N	\N	\N
4947	5004	4	1	\N	\N	1
4948	3052	1	\N	2	\N	\N
4949	3703	3	3	\N	\N	\N
4950	5132	2	3	1	\N	3
4951	2929	3	2	\N	3	2
4952	4597	1	4	\N	2	\N
4953	755	3	1	2	4	\N
4954	3265	3	2	\N	\N	\N
4955	996	4	1	\N	\N	\N
4956	4123	1	\N	1	\N	2
4957	3820	2	3	2	1	\N
4958	1870	3	\N	1	\N	4
4959	1278	2	2	\N	\N	\N
4960	4858	4	\N	1	\N	2
4961	4297	3	\N	\N	4	3
4962	2484	3	4	\N	\N	2
4963	60	1	2	4	\N	1
4964	5265	2	3	\N	4	\N
4965	3519	2	1	1	\N	\N
4966	4232	2	\N	2	\N	\N
4967	3904	2	\N	\N	\N	\N
4968	1716	3	1	1	\N	4
4969	3657	4	1	\N	\N	\N
4970	4481	1	\N	1	\N	4
4971	3343	4	2	\N	2	4
4972	954	3	1	3	\N	\N
4973	3337	3	\N	2	\N	\N
4974	427	1	3	\N	3	\N
4975	4968	3	\N	1	3	1
4976	4213	2	2	\N	\N	2
4977	3093	3	\N	4	1	\N
4978	3747	3	1	\N	1	\N
4979	2201	2	1	\N	4	\N
4980	3	3	3	4	\N	\N
4981	5314	2	3	3	3	\N
4982	536	4	1	\N	\N	3
4983	4192	3	2	\N	\N	\N
4984	1195	3	1	\N	3	\N
4985	3101	4	\N	3	\N	\N
4986	1705	2	\N	\N	4	2
4987	1880	3	1	1	\N	\N
4988	501	4	\N	\N	\N	\N
4989	2779	2	\N	3	\N	1
4990	2765	1	\N	\N	\N	3
4991	4560	1	\N	\N	3	1
4992	1045	2	\N	1	\N	\N
4993	1711	1	\N	\N	\N	\N
4994	4064	4	1	\N	1	1
4995	3903	4	\N	\N	1	\N
4996	140	1	\N	\N	2	\N
4997	1380	4	\N	\N	\N	\N
4998	293	1	\N	4	\N	\N
4999	3093	2	\N	1	1	\N
5000	2942	1	\N	\N	2	1
5001	5168	3	\N	3	2	\N
5002	719	1	2	4	\N	\N
5003	2784	1	\N	\N	3	\N
5004	4044	4	\N	3	\N	1
5005	4506	3	4	1	\N	\N
5006	1372	2	2	\N	\N	\N
5007	4301	3	\N	\N	4	\N
5008	5377	3	2	\N	\N	\N
5009	1758	2	1	\N	\N	\N
5010	2198	2	\N	\N	\N	\N
5011	4535	1	\N	\N	\N	1
5012	1786	2	\N	4	4	\N
5013	1697	1	2	3	3	4
5014	560	3	\N	\N	2	\N
5015	1496	1	\N	\N	2	\N
5016	327	1	4	\N	\N	\N
5017	5091	3	4	\N	\N	\N
5018	1924	3	\N	1	2	\N
5019	2978	3	1	\N	\N	\N
5020	3907	3	\N	\N	\N	\N
5021	1706	2	\N	1	\N	\N
5022	3782	3	3	\N	\N	\N
5023	1180	4	\N	\N	3	1
5024	1933	1	\N	\N	\N	\N
5025	4599	4	1	\N	1	2
5026	4811	1	\N	\N	1	\N
5027	2744	1	2	1	\N	4
5028	1362	2	\N	\N	1	\N
5029	763	2	\N	1	1	2
5030	727	3	1	\N	\N	\N
5031	1189	2	3	\N	1	3
5032	1259	3	\N	\N	\N	\N
5033	1057	1	3	\N	3	2
5034	2326	2	\N	\N	\N	1
5035	4857	2	\N	\N	2	\N
5036	4901	3	4	1	3	\N
5037	2562	4	\N	4	3	2
5038	3192	3	1	4	\N	\N
5039	1359	2	2	\N	\N	\N
5040	1969	3	4	\N	\N	\N
5041	1901	3	2	\N	\N	\N
5042	3588	4	\N	\N	\N	1
5043	2452	4	1	2	\N	\N
5044	1423	1	\N	\N	2	\N
5045	2603	2	\N	\N	\N	3
5046	2619	2	4	\N	3	\N
5047	1650	4	\N	\N	\N	\N
5048	3832	3	\N	4	\N	\N
5049	911	3	\N	\N	2	\N
5050	2982	2	4	3	\N	1
5051	3638	3	3	4	4	2
5052	5255	4	4	\N	2	\N
5053	5395	4	4	\N	4	2
5054	1866	4	\N	\N	\N	\N
5055	5478	3	\N	\N	2	\N
5056	3132	3	\N	4	\N	3
5057	4024	4	4	\N	3	\N
5058	2248	3	\N	\N	\N	2
5059	1496	4	\N	4	2	1
5060	1172	2	3	\N	3	2
5061	980	2	\N	\N	2	\N
5062	2822	2	\N	\N	3	3
5063	1848	1	4	2	\N	\N
5064	3381	1	4	1	\N	\N
5065	3388	4	\N	2	\N	2
5066	2557	1	\N	\N	\N	3
5067	2476	2	\N	\N	2	\N
5068	2552	4	\N	4	4	\N
5069	2407	2	\N	2	1	4
5070	1078	1	\N	\N	\N	2
5071	3604	4	\N	\N	\N	\N
5072	4491	2	\N	\N	4	\N
5073	1263	2	\N	\N	3	4
5074	4033	3	\N	\N	4	\N
5075	579	4	\N	3	\N	3
5076	3254	3	\N	2	4	\N
5077	4245	3	\N	3	\N	\N
5078	765	1	\N	\N	\N	\N
5079	5248	1	\N	\N	2	2
5080	1836	4	\N	\N	3	\N
5081	4529	2	\N	1	1	\N
5082	2017	2	2	4	\N	\N
5083	1169	1	3	1	3	\N
5084	384	4	\N	\N	\N	\N
5085	4968	4	\N	\N	\N	\N
5086	618	3	1	\N	4	\N
5087	190	1	\N	2	1	\N
5088	3269	1	3	\N	4	\N
5089	3448	2	2	2	\N	\N
5090	3476	2	\N	4	\N	\N
5091	2545	4	\N	\N	2	\N
5092	2953	1	4	\N	\N	2
5093	4595	1	4	\N	\N	\N
5094	3025	1	\N	\N	\N	\N
5095	4066	1	\N	1	3	2
5096	438	4	\N	\N	\N	2
5097	4538	2	\N	\N	4	3
5098	2705	2	\N	2	1	\N
5099	851	3	2	\N	\N	\N
5100	3742	1	4	\N	\N	\N
5101	5101	1	\N	1	1	\N
5102	4376	2	\N	\N	4	\N
5103	4799	4	1	2	\N	\N
5104	2256	1	\N	2	\N	\N
5105	4895	1	\N	3	\N	2
5106	2799	3	2	\N	2	2
5107	3671	2	3	3	\N	\N
5108	1736	1	3	2	1	4
5109	3814	2	1	2	4	4
5110	5238	3	2	\N	\N	\N
5111	4798	1	\N	\N	1	3
5112	814	1	\N	3	\N	1
5113	151	3	\N	1	1	\N
5114	1793	2	3	2	\N	3
5115	4609	3	\N	\N	2	\N
5116	4009	3	\N	4	\N	\N
5117	4317	4	\N	\N	\N	\N
5118	3146	4	4	\N	\N	1
5119	4922	3	\N	\N	\N	\N
5120	4063	4	\N	2	3	\N
5121	5457	4	\N	\N	3	\N
5122	3246	3	\N	\N	3	\N
5123	5450	2	\N	1	3	4
5124	1807	3	3	\N	\N	\N
5125	170	2	4	\N	4	\N
5126	5135	2	1	3	2	\N
5127	3685	3	4	\N	\N	\N
5128	2860	3	\N	1	\N	\N
5129	871	3	\N	\N	3	4
5130	1226	1	4	\N	\N	\N
5131	2188	2	\N	3	2	\N
5132	4605	4	\N	\N	\N	\N
5133	859	3	\N	\N	\N	\N
5134	55	1	2	\N	\N	\N
5135	4400	3	\N	\N	1	\N
5136	1580	3	\N	\N	\N	3
5137	4043	4	\N	1	4	\N
5138	4245	1	\N	\N	\N	\N
5139	3057	4	\N	3	4	1
5140	4149	3	3	2	\N	1
5141	4641	2	4	\N	\N	4
5142	2541	4	2	\N	1	2
5143	1898	2	\N	4	\N	1
5144	5471	3	4	4	\N	3
5145	1617	1	4	4	\N	\N
5146	3959	1	\N	2	3	4
5147	1351	2	\N	3	\N	\N
5148	3964	4	\N	\N	\N	4
5149	4824	4	4	\N	\N	2
5150	1637	2	4	\N	\N	\N
5151	1841	2	\N	\N	\N	2
5152	2980	2	4	\N	\N	\N
5153	2680	4	\N	\N	\N	2
5154	4382	3	1	\N	2	2
5155	4219	4	\N	2	\N	\N
5156	3503	3	\N	\N	2	3
5157	2420	3	\N	2	\N	4
5158	992	2	\N	\N	1	\N
5159	4809	3	\N	1	2	4
5160	5426	3	2	1	\N	\N
5161	4578	2	\N	\N	\N	\N
5162	2090	1	1	1	\N	\N
5163	4324	3	\N	\N	\N	\N
5164	1751	1	2	2	3	\N
5165	3951	4	\N	1	\N	\N
5166	3999	1	4	\N	4	3
5167	2817	1	\N	\N	\N	2
5168	3368	3	\N	\N	2	\N
5169	967	1	3	\N	\N	1
5170	5296	1	\N	3	4	\N
5171	4824	4	3	2	\N	\N
5172	4439	3	\N	\N	\N	\N
5173	1720	3	2	\N	\N	3
5174	2075	4	2	\N	\N	\N
5175	1352	2	\N	1	\N	\N
5176	4729	3	\N	\N	\N	\N
5177	3248	4	\N	4	3	\N
5178	4649	3	3	\N	\N	\N
5179	4895	2	4	\N	\N	\N
5180	4636	2	\N	4	\N	\N
5181	4115	1	\N	4	3	\N
5182	1419	2	\N	\N	\N	\N
5183	405	4	3	\N	\N	\N
5184	4802	1	3	\N	1	\N
5185	5014	2	3	\N	\N	\N
5186	2367	1	\N	4	\N	\N
5187	3165	4	2	\N	3	3
5188	3306	1	\N	3	\N	\N
5189	1223	1	\N	4	\N	4
5190	3005	4	1	\N	4	3
5191	3891	3	4	2	\N	4
5192	3072	3	2	\N	4	1
5193	4939	2	\N	\N	\N	\N
5194	887	4	\N	\N	3	\N
5195	2077	4	2	1	\N	1
5196	165	3	\N	3	\N	\N
5197	639	4	4	\N	3	3
5198	376	2	3	4	\N	\N
5199	1374	2	\N	\N	\N	\N
5200	5231	3	4	2	4	\N
5201	211	4	3	\N	\N	1
5202	4923	4	4	4	4	1
5203	977	4	\N	1	\N	1
5204	4436	4	\N	4	2	3
5205	967	3	2	4	\N	3
5206	5472	3	2	\N	2	\N
5207	11	1	\N	\N	3	4
5208	5151	3	\N	3	2	4
5209	1525	1	\N	1	4	2
5210	1252	1	3	1	\N	2
5211	2190	3	\N	\N	3	3
5212	2785	3	\N	4	\N	\N
5213	270	3	\N	\N	\N	\N
5214	2535	3	\N	\N	\N	\N
5215	2985	4	4	\N	3	1
5216	2460	4	\N	\N	\N	\N
5217	2653	1	\N	\N	1	3
5218	2011	3	4	4	\N	4
5219	2957	2	2	\N	\N	2
5220	4320	1	\N	3	\N	\N
5221	4660	4	\N	1	2	2
5222	34	3	\N	2	1	\N
5223	3398	1	\N	\N	\N	1
5224	5102	2	2	2	4	1
5225	5436	1	1	3	\N	\N
5226	2773	4	4	\N	\N	4
5227	5265	4	\N	2	\N	4
5228	4392	1	4	\N	2	\N
5229	2457	4	\N	\N	\N	\N
5230	4261	2	\N	\N	\N	1
5231	3865	1	\N	\N	4	\N
5232	3227	1	\N	\N	4	\N
5233	1880	4	2	\N	\N	\N
5234	2092	1	\N	\N	4	\N
5235	2199	4	\N	4	4	3
5236	302	1	2	\N	\N	3
5237	2476	2	4	1	\N	\N
5238	3203	3	\N	\N	4	\N
5239	1234	2	2	\N	2	\N
5240	4158	4	\N	\N	\N	\N
5241	1473	3	\N	1	\N	2
5242	3425	3	3	4	1	2
5243	3628	4	2	\N	2	\N
5244	517	1	\N	2	\N	\N
5245	4519	1	\N	\N	2	\N
5246	3619	2	4	4	2	2
5247	3881	4	4	\N	4	1
5248	145	1	1	\N	\N	4
5249	159	1	\N	3	\N	2
5250	2304	1	\N	\N	3	\N
5251	1837	1	\N	\N	1	2
5252	1379	1	3	\N	\N	4
5253	5272	2	1	3	\N	\N
5254	3925	1	\N	\N	\N	\N
5255	5062	3	4	\N	2	\N
5256	2974	3	\N	3	\N	\N
5257	170	1	4	\N	1	\N
5258	5054	3	2	\N	3	4
5259	1832	3	\N	3	\N	\N
5260	594	2	4	\N	\N	4
5261	3096	4	1	\N	\N	1
5262	220	1	2	2	\N	3
5263	2740	2	\N	\N	4	2
5264	3800	2	\N	\N	\N	3
5265	2514	4	3	\N	\N	\N
5266	5084	2	\N	\N	\N	1
5267	2925	1	1	3	\N	\N
5268	2247	1	\N	\N	\N	\N
5269	4917	1	\N	\N	\N	1
5270	4299	3	\N	2	\N	2
5271	176	1	\N	\N	\N	\N
5272	4706	2	\N	\N	1	\N
5273	3122	4	\N	2	\N	\N
5274	957	1	\N	\N	2	\N
5275	3404	3	\N	2	4	\N
5276	1821	1	3	\N	\N	\N
5277	2746	2	1	\N	1	\N
5278	4982	4	4	4	\N	\N
5279	1159	4	3	3	\N	1
5280	2978	3	\N	\N	4	3
5281	3380	2	\N	\N	1	\N
5282	1500	4	1	\N	\N	\N
5283	3480	4	\N	\N	1	\N
5284	5317	4	4	2	\N	\N
5285	4698	2	1	\N	\N	1
5286	5392	3	4	\N	3	\N
5287	473	2	\N	\N	\N	1
5288	3235	1	\N	\N	2	\N
5289	43	4	\N	3	2	\N
5290	3097	4	\N	2	\N	3
5291	753	1	\N	\N	4	3
5292	4636	3	1	\N	3	1
5293	1315	3	\N	\N	3	2
5294	2661	4	1	\N	\N	2
5295	3675	2	\N	\N	2	\N
5296	2043	1	2	3	\N	\N
5297	1526	1	\N	\N	\N	\N
5298	3711	3	4	2	\N	\N
5299	494	3	\N	\N	\N	2
5300	2086	4	3	\N	1	\N
5301	3193	4	\N	3	\N	4
5302	52	4	2	2	1	3
5303	5176	1	3	4	\N	\N
5304	1780	2	2	4	1	3
5305	3308	1	\N	\N	3	\N
5306	5069	4	1	2	1	\N
5307	942	3	\N	\N	\N	\N
5308	276	2	\N	\N	1	\N
5309	2709	3	\N	\N	\N	\N
5310	971	3	4	\N	\N	\N
5311	4888	1	2	4	1	\N
5312	4567	1	4	\N	\N	\N
5313	2999	4	1	\N	\N	4
5314	451	3	\N	1	\N	\N
5315	1340	4	\N	3	2	3
5316	1569	2	\N	\N	\N	4
5317	947	3	4	\N	\N	2
5318	993	2	\N	\N	\N	\N
5319	3497	1	\N	\N	\N	\N
5320	2411	3	3	\N	4	\N
5321	3443	1	3	1	\N	3
5322	4985	2	4	\N	2	2
5323	1283	4	\N	\N	\N	\N
5324	4179	1	\N	\N	\N	3
5325	5438	4	4	4	\N	\N
5326	5424	2	\N	2	\N	\N
5327	251	2	4	2	\N	\N
5328	4815	4	\N	\N	\N	\N
5329	2776	2	\N	\N	\N	\N
5330	1231	4	2	\N	\N	\N
5331	4920	4	3	\N	1	\N
5332	5428	4	3	4	\N	1
5333	4918	1	1	1	3	\N
5334	3355	4	\N	1	\N	\N
5335	2880	4	1	\N	2	2
5336	5064	2	\N	\N	2	\N
5337	3392	3	\N	\N	\N	1
5338	2451	2	1	1	2	\N
5339	1344	1	\N	1	4	4
5340	151	2	\N	2	\N	\N
5341	3869	2	2	1	\N	\N
5342	4831	3	\N	4	4	\N
5343	1541	3	2	\N	1	\N
5344	4729	2	\N	\N	4	\N
5345	320	4	\N	1	\N	3
5346	4461	1	\N	\N	\N	2
5347	1696	3	\N	\N	\N	\N
5348	5226	2	1	\N	\N	3
5349	4757	4	1	4	2	\N
5350	1319	3	\N	\N	\N	\N
5351	732	1	\N	\N	\N	\N
5352	3271	1	1	4	2	\N
5353	106	2	2	\N	\N	\N
5354	5119	1	\N	3	3	\N
5355	2359	3	3	3	\N	\N
5356	2730	1	\N	2	4	\N
5357	4421	4	\N	4	\N	\N
5358	1842	1	4	4	4	\N
5359	792	1	\N	\N	\N	\N
5360	1173	1	\N	\N	\N	\N
5361	4994	4	\N	3	\N	3
5362	2703	4	\N	\N	1	\N
5363	5119	2	\N	2	2	\N
5364	4791	2	\N	\N	2	2
5365	137	2	\N	\N	3	\N
5366	4185	4	1	\N	4	\N
5367	4349	3	1	4	\N	\N
5368	310	4	\N	\N	1	\N
5369	2513	1	\N	\N	3	\N
5370	3561	3	\N	2	\N	4
5371	4067	1	\N	\N	3	2
5372	747	3	3	\N	\N	\N
5373	538	4	\N	\N	\N	\N
5374	2796	1	1	\N	\N	\N
5375	4796	3	\N	\N	\N	\N
5376	1335	1	2	\N	4	1
5377	536	3	\N	\N	4	\N
5378	2683	2	\N	\N	\N	\N
5379	5301	3	\N	2	\N	\N
5380	9	4	2	1	2	2
5381	4510	3	\N	\N	1	\N
5382	926	3	\N	3	3	\N
5383	2601	2	\N	\N	\N	3
5384	2306	3	4	\N	1	\N
5385	2634	2	\N	4	4	3
5386	5146	4	3	\N	\N	4
5387	2093	3	3	4	3	1
5388	3356	4	1	\N	\N	\N
5389	5199	2	2	2	2	4
5390	2930	2	4	\N	\N	\N
5391	2592	4	4	3	4	4
5392	1266	1	\N	\N	2	\N
5393	1953	1	1	\N	3	4
5394	968	2	2	2	\N	\N
5395	2684	3	\N	\N	\N	2
5396	11	2	\N	\N	\N	1
5397	3202	2	4	\N	\N	\N
5398	4639	1	\N	3	\N	3
5399	2996	2	2	\N	\N	\N
5400	4472	3	\N	\N	4	\N
5401	1485	2	\N	\N	3	\N
5402	4806	4	\N	3	\N	4
5403	3745	1	4	2	2	1
5404	2320	1	\N	4	3	1
5405	1572	4	\N	1	\N	3
5406	1338	3	\N	3	1	\N
5407	2549	4	\N	3	\N	\N
5408	4959	4	\N	\N	\N	\N
5409	582	1	1	\N	4	\N
5410	858	3	1	\N	\N	\N
5411	4774	4	\N	\N	\N	4
5412	1816	3	4	1	\N	\N
5413	3993	4	\N	3	\N	\N
5414	4276	3	4	\N	\N	2
5415	663	4	\N	1	4	\N
5416	5013	4	4	2	\N	\N
5417	210	1	\N	1	\N	\N
5418	2239	3	1	3	\N	2
5419	5209	1	\N	\N	\N	2
5420	3555	4	\N	\N	\N	\N
5421	4162	3	\N	4	3	\N
5422	1064	3	\N	1	\N	3
5423	172	4	\N	\N	\N	\N
5424	1820	2	1	1	1	\N
5425	5025	2	\N	2	\N	2
5426	4058	2	1	\N	4	\N
5427	2369	2	\N	2	\N	\N
5428	2548	3	\N	\N	3	3
5429	3609	2	4	2	\N	4
5430	3314	3	\N	\N	\N	3
5431	850	2	\N	\N	3	\N
5432	1279	4	1	\N	\N	\N
5433	2910	4	1	3	\N	\N
5434	1461	3	\N	3	\N	4
5435	484	2	\N	2	\N	4
5436	3883	4	1	\N	3	\N
5437	1623	4	\N	\N	\N	\N
5438	1149	4	2	4	2	4
5439	223	4	2	\N	\N	1
5440	1607	4	\N	1	\N	\N
5441	2106	4	\N	\N	4	4
5442	174	2	1	\N	3	\N
5443	4297	4	3	\N	3	1
5444	2490	1	\N	\N	\N	4
5445	2193	1	\N	2	1	\N
5446	199	2	\N	2	2	\N
5447	3211	3	2	1	\N	4
5448	5453	4	\N	4	\N	\N
5449	2043	3	3	\N	\N	\N
5450	4542	3	\N	\N	\N	\N
5451	5214	4	\N	3	4	\N
5452	1800	4	\N	\N	3	3
5453	4158	2	\N	\N	\N	\N
5454	1324	2	\N	3	1	2
5455	4240	1	1	\N	4	\N
5456	3819	1	\N	\N	\N	2
5457	3547	3	\N	\N	4	\N
5458	1717	1	4	4	\N	4
5459	3465	3	1	\N	\N	\N
5460	4371	3	3	\N	\N	\N
5461	1005	3	\N	4	\N	\N
5462	595	3	\N	\N	\N	\N
5463	335	2	\N	\N	2	\N
5464	5213	2	\N	\N	4	\N
5465	4522	3	\N	\N	1	1
5466	1207	4	\N	\N	2	2
5467	3327	1	\N	\N	2	\N
5468	1638	4	\N	\N	\N	1
5469	2396	2	\N	\N	\N	\N
5470	3481	4	\N	2	3	2
5471	321	1	\N	\N	\N	2
5472	10	1	4	\N	3	2
5473	2637	2	1	1	\N	3
5474	3427	3	\N	1	1	\N
5475	394	1	4	2	\N	1
5476	2708	3	\N	2	\N	4
5477	4952	4	\N	\N	1	\N
5478	1308	2	\N	\N	\N	\N
5479	3711	2	\N	3	1	\N
5480	4084	4	\N	\N	\N	\N
5481	4690	3	3	4	3	\N
5482	1163	3	\N	\N	2	1
5483	799	1	\N	3	2	2
5484	4524	2	\N	\N	1	\N
5485	929	4	\N	1	\N	3
5486	1288	2	\N	\N	3	3
5487	5157	4	3	3	1	2
5488	184	1	\N	\N	3	\N
5489	3663	4	4	\N	2	\N
5490	641	1	3	\N	3	1
5491	4484	3	2	\N	\N	4
5492	1708	2	\N	\N	2	1
5493	4123	2	2	3	4	\N
5494	3870	2	3	\N	4	\N
5495	4936	3	\N	\N	\N	\N
5496	4950	2	2	\N	\N	4
5497	4001	2	\N	\N	4	\N
5498	200	4	\N	\N	2	\N
5499	2513	2	\N	3	\N	\N
5500	2046	2	\N	\N	2	3
\.


--
-- Data for Name: grants; Type: TABLE DATA; Schema: public; Owner: postgres
--

COPY public.grants (grantid, grantname, grantamount) FROM stdin;
1	Federal Pell	2404
2	State Grant	1801
3	Private Grant	1341
4	Research Grant	3343
5	Minority Grant	732
\.


--
-- Data for Name: loans; Type: TABLE DATA; Schema: public; Owner: postgres
--

COPY public.loans (loanid, loanprovider, loanamount, interestrate) FROM stdin;
1	Federal Loan	9111	1
2	Private Loan	9333	2
3	State Loan	2991	2
4	Subsidized Loan	1608	5
5	Unsubsidized Loan	8767	3
\.


--
-- Data for Name: monthly_income; Type: TABLE DATA; Schema: public; Owner: postgres
--

COPY public.monthly_income (monthlyincomeid, studentid, monthlyincome, month, year) FROM stdin;
1	4900	1436	July	2023
2	4903	1261	February	2021
3	2431	1576	February	2021
4	948	1678	January	2023
5	83	1231	October	2020
6	1497	1182	October	2022
7	331	1884	December	2023
8	2850	1367	May	2021
9	2834	1304	June	2022
10	2096	955	December	2022
11	612	1971	May	2022
12	3891	1727	May	2023
13	2230	529	April	2022
14	4064	942	August	2021
15	4072	1865	February	2023
16	104	607	July	2021
17	1612	570	June	2023
18	452	1254	May	2022
19	3887	791	February	2021
20	3618	1604	March	2020
21	1346	1950	November	2020
22	2015	1164	October	2022
23	757	1551	May	2020
24	3959	505	November	2023
25	3266	979	May	2022
26	189	1933	November	2020
27	936	1723	July	2023
28	300	1139	July	2021
29	4848	1760	January	2021
30	3331	1037	February	2023
31	41	906	May	2021
32	553	1443	June	2023
33	1168	1539	September	2021
34	540	1001	July	2023
35	5355	931	February	2023
36	3698	1438	March	2022
37	5057	1153	January	2022
38	1899	1035	September	2021
39	1180	1573	February	2021
40	3498	1504	January	2023
41	2593	1576	October	2023
42	2939	901	September	2020
43	4829	636	June	2023
44	1225	1033	December	2020
45	5482	1240	September	2023
46	4492	1793	August	2022
47	4404	580	June	2020
48	2097	1049	November	2022
49	786	1985	June	2020
50	985	661	May	2021
51	397	1410	June	2023
52	920	1567	May	2021
53	150	1420	April	2020
54	3179	1615	July	2022
55	2144	1282	September	2022
56	5020	1184	July	2023
57	2469	594	November	2021
58	2230	644	April	2021
59	2371	1139	September	2023
60	4517	884	October	2022
61	2135	1188	April	2023
62	2473	927	January	2022
63	1225	632	August	2022
64	5355	696	March	2021
65	2782	1158	August	2020
66	4701	1414	September	2022
67	1045	1909	June	2020
68	2013	789	August	2021
69	4486	1952	July	2022
70	346	1352	October	2022
71	4941	669	July	2020
72	5482	916	January	2022
73	2774	1307	November	2022
74	1662	507	June	2022
75	3764	1255	August	2022
76	3204	1577	October	2022
77	3123	781	June	2020
78	860	690	April	2021
79	3934	1481	February	2021
80	4002	1322	June	2021
81	1841	797	February	2021
82	1820	788	August	2023
83	5118	1378	November	2021
84	3586	1021	May	2020
85	1367	1139	February	2020
86	2075	1761	April	2023
87	770	1949	May	2020
88	3100	1837	August	2022
89	5093	805	April	2020
90	3136	608	March	2020
91	1610	1300	May	2020
92	1656	588	July	2023
93	1048	1292	February	2023
94	4163	1098	August	2021
95	3519	1238	September	2021
96	4579	1066	November	2021
97	4981	1107	April	2021
98	781	998	September	2023
99	3642	1063	October	2023
100	4210	1163	December	2021
101	159	1311	December	2022
102	2063	1708	July	2022
103	5014	887	November	2022
104	4638	1467	August	2023
105	448	1021	December	2020
106	3214	638	October	2021
107	3806	1781	April	2021
108	1586	1928	March	2020
109	1220	1734	January	2021
110	3818	1138	April	2023
111	5436	1825	June	2020
112	3813	793	October	2023
113	2041	523	December	2022
114	3098	1970	December	2022
115	488	748	May	2023
116	4769	1440	March	2020
117	1639	941	July	2020
118	4881	846	March	2020
119	3151	881	December	2020
120	3809	929	September	2023
121	2057	1160	October	2020
122	727	1573	February	2023
123	4161	826	April	2023
124	2027	1831	January	2020
125	2318	1721	May	2020
126	64	641	February	2020
127	1636	1911	January	2022
128	5025	596	March	2020
129	4604	553	June	2021
130	3765	784	May	2023
131	1367	1317	October	2021
132	5021	1011	May	2020
133	3712	652	August	2022
134	3213	1968	August	2020
135	4136	818	August	2020
136	4244	815	July	2020
137	716	1057	September	2023
138	748	1057	July	2021
139	4834	1749	June	2020
140	4256	1885	July	2020
141	4615	1392	August	2022
142	5382	1031	July	2021
143	1819	1557	March	2022
144	4538	1579	December	2021
145	2526	1063	September	2023
146	3604	801	August	2021
147	782	1259	April	2022
148	1632	1658	March	2022
149	3087	1360	January	2021
150	1903	1076	December	2021
151	5077	1193	March	2021
152	3219	1759	May	2023
153	1205	700	September	2021
154	3426	1134	December	2020
155	3729	701	May	2021
156	3632	1723	February	2021
157	4585	1833	August	2021
158	2556	1499	April	2021
159	4189	1926	December	2022
160	2260	535	July	2021
161	4216	1358	January	2021
162	4320	669	June	2022
163	3570	564	August	2023
164	2719	1363	May	2023
165	706	1368	April	2023
166	5425	1685	May	2020
167	4797	1978	June	2023
168	804	861	February	2021
169	3609	1089	September	2020
170	3282	819	July	2020
171	88	780	December	2023
172	3656	726	June	2021
173	3320	1736	April	2021
174	2829	1668	February	2022
175	3658	898	August	2023
176	2581	1024	April	2023
177	5101	772	September	2021
178	1653	1000	May	2021
179	4463	609	September	2023
180	5140	848	November	2020
181	4114	1266	October	2020
182	2420	898	March	2022
183	750	1584	May	2023
184	3186	1632	November	2020
185	5219	984	September	2020
186	3678	1546	March	2021
187	443	1226	August	2023
188	1913	1658	August	2022
189	356	995	December	2021
190	2995	1082	December	2022
191	1304	1668	June	2021
192	2105	1469	August	2022
193	39	812	September	2022
194	2928	792	November	2020
195	384	1545	February	2023
196	2857	995	January	2022
197	4353	1326	March	2022
198	2750	753	March	2022
199	4022	1998	February	2022
200	4772	701	July	2023
201	2801	1331	October	2023
202	1932	1848	December	2021
203	974	1657	June	2021
204	2831	1947	April	2020
205	932	1143	October	2020
206	1656	800	April	2023
207	3353	623	December	2022
208	37	1174	July	2021
209	4248	1770	April	2020
210	4090	1853	January	2023
211	4883	931	June	2022
212	5014	920	December	2023
213	1763	1938	May	2021
214	3056	1946	November	2023
215	2174	1014	June	2021
216	4141	1453	July	2021
217	3671	1322	March	2020
218	2574	743	February	2020
219	2991	844	July	2022
220	5103	1740	August	2023
221	1535	683	July	2021
222	2241	1437	August	2021
223	3859	1253	July	2022
224	2747	1601	October	2021
225	5417	671	August	2020
226	1831	1907	June	2020
227	1891	607	January	2022
228	1976	1699	July	2022
229	3178	1976	April	2022
230	3500	774	October	2022
231	5019	1977	December	2020
232	415	762	June	2022
233	106	1600	June	2023
234	2735	1880	April	2023
235	5432	543	November	2021
236	5200	1214	July	2020
237	3812	1519	July	2020
238	3925	726	April	2023
239	609	1813	July	2021
240	2416	1735	June	2023
241	60	1926	November	2021
242	4907	641	August	2021
243	5384	988	February	2020
244	5473	1577	September	2020
245	5243	901	February	2020
246	1049	946	September	2023
247	2622	681	November	2021
248	4077	629	February	2020
249	936	1726	June	2021
250	2323	1387	January	2022
251	2478	1284	September	2022
252	4901	1187	January	2022
253	5476	903	August	2022
254	4216	1318	March	2023
255	4831	929	September	2021
256	317	1354	December	2023
257	3239	1140	January	2023
258	3532	762	November	2021
259	1440	1782	May	2023
260	5269	1950	February	2021
261	1815	1643	November	2022
262	2829	548	May	2020
263	758	1845	November	2022
264	4519	677	February	2020
265	4252	1099	July	2021
266	821	1625	January	2021
267	3893	1039	September	2022
268	1688	1616	January	2022
269	2501	690	December	2023
270	4300	751	March	2023
271	3974	1881	November	2020
272	4272	1309	October	2022
273	1027	1251	April	2021
274	3030	1206	August	2022
275	4987	1447	July	2022
276	3358	1076	November	2020
277	3041	1368	February	2023
278	1298	692	February	2021
279	306	1515	October	2022
280	4473	1037	November	2023
281	442	1551	April	2023
282	3583	1624	September	2023
283	4943	1700	August	2022
284	3298	821	August	2023
285	4671	1260	April	2020
286	3798	1365	February	2022
287	4235	1168	February	2023
288	3229	1946	January	2021
289	3239	1116	May	2021
290	1681	1073	April	2022
291	1193	537	December	2023
292	1421	599	September	2022
293	4675	965	March	2020
294	1937	1711	January	2023
295	3046	590	September	2021
296	2407	1062	September	2022
297	2472	819	August	2020
298	1792	769	May	2023
299	4234	1042	February	2021
300	4378	583	March	2022
301	4785	1800	July	2023
302	975	1826	April	2023
303	4430	1536	January	2020
304	116	1824	October	2022
305	2995	1009	March	2023
306	4399	1511	April	2022
307	752	688	June	2022
308	650	1770	May	2021
309	1499	801	March	2022
310	4465	1032	July	2020
311	4180	818	November	2023
312	904	1103	July	2021
313	3227	1931	July	2022
314	3651	1686	July	2020
315	2893	1686	April	2023
316	1976	1477	June	2021
317	2690	986	June	2020
318	3656	848	January	2020
319	1074	564	September	2021
320	4622	1968	September	2022
321	3029	1326	April	2021
322	1269	1517	October	2023
323	1890	1760	March	2021
324	3672	935	November	2021
325	4463	923	November	2022
326	2995	1347	October	2023
327	2909	1879	March	2023
328	1008	1791	January	2022
329	2795	944	September	2020
330	4079	1836	February	2020
331	2404	1793	March	2020
332	3995	1778	June	2023
333	656	1904	August	2021
334	1962	1565	April	2020
335	4658	747	June	2020
336	1918	892	May	2021
337	2291	1755	June	2021
338	2156	1037	December	2021
339	1306	1428	May	2022
340	1645	1029	December	2021
341	4162	1225	September	2023
342	105	864	June	2020
343	4778	1206	November	2023
344	1170	512	April	2022
345	1384	984	October	2020
346	1356	1524	August	2022
347	716	1719	February	2021
348	944	1624	October	2023
349	4818	1458	July	2022
350	4461	1641	September	2020
351	1510	1006	November	2023
352	628	693	July	2020
353	2165	1851	April	2021
354	4798	1468	October	2022
355	5172	1488	January	2023
356	1094	1816	March	2023
357	3906	1523	May	2020
358	3279	1481	October	2022
359	4227	1137	January	2021
360	1337	988	November	2023
361	2609	642	April	2023
362	2122	682	May	2020
363	1479	534	December	2020
364	1825	1187	January	2023
365	2114	1231	January	2021
366	2220	640	October	2020
367	94	723	July	2023
368	2973	1075	May	2023
369	2143	1987	October	2022
370	3298	1599	December	2020
371	4071	1760	April	2020
372	4033	677	July	2022
373	3898	869	June	2021
374	5302	1940	February	2020
375	533	1858	February	2023
376	1646	981	July	2022
377	3262	719	June	2021
378	994	1327	December	2023
379	3010	1097	June	2020
380	5479	751	April	2020
381	5203	853	July	2020
382	4560	1758	May	2021
383	4258	519	February	2021
384	4291	1919	May	2021
385	3458	1277	April	2022
386	2923	1295	September	2020
387	5381	1347	July	2022
388	2084	1205	December	2023
389	5068	1367	September	2023
390	3596	500	December	2022
391	109	1860	November	2021
392	2602	1797	November	2023
393	4339	1242	March	2021
394	5407	550	February	2022
395	1776	1780	July	2020
396	655	779	August	2020
397	2703	1057	April	2021
398	1585	837	August	2020
399	850	1125	July	2023
400	1899	1724	May	2022
401	2919	1533	November	2022
402	5218	1871	September	2023
403	3651	1341	March	2023
404	1837	1894	July	2023
405	2029	678	November	2020
406	4124	1811	November	2022
407	4823	891	July	2023
408	3360	1521	January	2021
409	4481	1982	May	2021
410	4491	1761	September	2020
411	2378	698	September	2021
412	407	627	January	2020
413	1415	1722	September	2023
414	2641	1391	December	2023
415	3765	1063	April	2021
416	379	966	October	2020
417	211	927	September	2020
418	165	1875	July	2022
419	4168	1485	December	2020
420	1661	1060	December	2020
421	4429	1305	November	2021
422	3814	932	January	2023
423	2051	1740	December	2023
424	3462	1975	December	2023
425	2473	1394	April	2022
426	1378	990	September	2023
427	2098	1980	August	2023
428	4477	1161	September	2020
429	5131	1777	August	2021
430	1803	843	February	2020
431	1961	869	December	2022
432	2468	877	May	2020
433	3957	1717	April	2021
434	4466	870	July	2022
435	2488	891	June	2022
436	2468	829	December	2022
437	4600	1307	November	2020
438	2908	1510	May	2022
439	2193	737	July	2023
440	1393	1808	March	2022
441	3405	760	December	2020
442	2934	1943	August	2021
443	4838	1327	August	2023
444	920	733	April	2021
445	5415	963	May	2021
446	803	1122	March	2022
447	2946	855	March	2020
448	5051	1856	April	2020
449	4281	1730	August	2022
450	1412	1702	May	2023
451	3497	889	February	2022
452	406	1427	October	2020
453	2369	550	October	2022
454	1812	576	October	2020
455	4782	1204	July	2022
456	2561	526	December	2021
457	2752	1611	December	2023
458	2488	1538	April	2020
459	4562	1293	February	2020
460	4250	1084	July	2020
461	3718	1167	September	2020
462	5001	663	February	2023
463	4199	1393	October	2023
464	1736	779	June	2020
465	4155	1215	April	2023
466	3618	607	June	2023
467	3825	1401	October	2022
468	4375	1270	October	2020
469	5002	1704	November	2022
470	4791	1797	June	2020
471	2429	1752	March	2022
472	3398	1691	June	2022
473	328	1467	October	2021
474	3039	597	June	2021
475	1882	1171	August	2023
476	2086	1407	November	2020
477	1207	688	July	2021
478	334	1384	June	2020
479	218	784	May	2020
480	160	1167	February	2022
481	3653	587	October	2021
482	4085	995	September	2022
483	4351	1736	November	2021
484	2633	946	July	2021
485	2177	1111	May	2022
486	2444	1774	June	2023
487	4114	1236	November	2020
488	1578	880	January	2023
489	3880	1783	May	2021
490	380	1216	June	2023
491	1136	1643	February	2020
492	268	1685	October	2023
493	802	986	May	2023
494	2048	815	January	2020
495	3814	562	January	2021
496	2352	1040	November	2022
497	658	615	July	2021
498	4007	1349	July	2021
499	3034	686	December	2023
500	3115	1038	January	2020
501	937	1999	October	2020
502	387	1590	November	2021
503	4371	1838	July	2023
504	5187	1392	May	2020
505	1282	1876	August	2022
506	1875	1229	May	2022
507	877	1487	August	2023
508	5269	1024	September	2021
509	2588	1848	February	2021
510	4601	1529	July	2023
511	955	1066	July	2022
512	4440	1928	October	2023
513	2250	1911	April	2023
514	564	692	July	2022
515	1493	598	October	2020
516	585	869	October	2021
517	4507	1981	January	2021
518	376	1177	January	2021
519	2245	501	June	2021
520	5100	1953	November	2021
521	896	974	July	2022
522	292	1036	September	2023
523	2442	1675	June	2023
524	2443	1365	February	2023
525	2073	1426	April	2022
526	554	636	September	2021
527	1106	659	December	2021
528	3477	952	March	2022
529	5479	1474	May	2023
530	2884	1233	July	2021
531	4087	1629	July	2020
532	3770	952	July	2022
533	326	896	September	2021
534	3954	1146	November	2023
535	2967	1409	January	2021
536	1662	871	June	2021
537	2032	1954	January	2020
538	4409	763	November	2022
539	4730	993	September	2020
540	2794	1098	November	2023
541	5342	1628	February	2023
542	4792	1631	July	2020
543	3078	566	January	2021
544	3197	1195	May	2021
545	4152	1420	October	2022
546	1070	1918	June	2022
547	45	745	October	2022
548	5325	1618	March	2021
549	1969	1533	November	2023
550	429	1267	December	2023
551	1097	1318	June	2021
552	3919	1642	October	2021
553	4457	1761	March	2022
554	531	1342	August	2020
555	1758	1440	October	2021
556	4903	1444	March	2022
557	3611	1205	April	2023
558	4691	1776	July	2020
559	1163	1942	April	2020
560	3290	1436	April	2023
561	4920	1718	April	2020
562	4835	1831	March	2022
563	1399	1951	October	2023
564	3079	1628	November	2022
565	291	1597	May	2021
566	1604	1159	November	2022
567	1553	608	June	2022
568	1941	1722	February	2023
569	626	1384	April	2023
570	104	981	December	2020
571	5351	1098	May	2020
572	2013	1856	April	2020
573	4791	1851	February	2021
574	3487	1852	November	2021
575	5173	1511	August	2022
576	4300	1271	May	2020
577	5453	1012	June	2020
578	4987	1350	December	2020
579	4397	708	March	2023
580	4400	756	June	2023
581	5330	1807	May	2023
582	1348	712	December	2020
583	3186	552	July	2020
584	3129	1031	November	2020
585	3836	839	October	2022
586	2639	838	May	2022
587	1190	996	April	2023
588	4251	1337	June	2023
589	4134	998	July	2022
590	977	1033	July	2020
591	2426	603	October	2020
592	3097	1302	July	2020
593	1608	1310	September	2020
594	3147	719	May	2020
595	3959	1778	January	2022
596	490	1050	April	2020
597	4926	1165	January	2020
598	1244	1375	August	2023
599	1920	705	December	2022
600	3411	802	June	2022
601	3656	1619	July	2020
602	3938	1343	July	2020
603	2217	833	July	2020
604	1740	1842	April	2020
605	3792	1051	July	2021
606	5134	1143	March	2020
607	2319	1552	October	2023
608	3587	1997	December	2023
609	2663	1274	May	2021
610	2704	953	November	2023
611	4622	1793	February	2020
612	3049	1062	October	2021
613	4522	1364	June	2020
614	651	1951	April	2022
615	1953	1225	September	2023
616	3823	1616	November	2021
617	40	541	June	2022
618	4136	906	October	2021
619	1046	705	March	2020
620	4527	544	August	2022
621	3702	1049	November	2021
622	150	1034	September	2020
623	2006	1076	November	2021
624	5224	1081	June	2021
625	3285	1628	October	2021
626	4338	995	August	2023
627	1357	1552	September	2023
628	3441	1161	August	2020
629	2768	1124	March	2023
630	68	1311	March	2020
631	3917	1458	March	2022
632	939	1540	March	2023
633	2215	1295	February	2023
634	4208	1308	December	2020
635	2201	1479	September	2022
636	4352	1998	August	2023
637	1892	703	April	2023
638	852	1292	November	2021
639	628	1697	October	2022
640	5084	883	May	2023
641	1553	1698	February	2020
642	105	547	August	2020
643	3838	1133	July	2021
644	1005	765	May	2021
645	108	1887	August	2021
646	84	1113	August	2021
647	815	580	April	2021
648	3733	1276	March	2020
649	1065	1932	November	2022
650	2310	750	May	2021
651	116	1583	November	2022
652	1047	1909	December	2020
653	1055	1677	August	2023
654	3300	823	December	2022
655	2088	704	September	2022
656	3922	807	August	2022
657	4529	966	December	2020
658	4516	1069	November	2020
659	4675	1228	June	2022
660	5105	1834	November	2022
661	5253	809	September	2023
662	185	899	October	2021
663	5269	1234	March	2022
664	318	1030	July	2021
665	350	1960	May	2023
666	505	1538	May	2023
667	5328	1660	August	2021
668	4525	1990	January	2021
669	2515	1857	February	2021
670	5165	1002	December	2021
671	549	1230	January	2021
672	2114	1069	March	2020
673	5092	1618	August	2023
674	525	1901	November	2021
675	4929	1438	September	2020
676	4495	1749	September	2022
677	319	924	October	2023
678	611	1802	October	2023
679	816	597	September	2021
680	4668	814	August	2023
681	2953	1633	April	2020
682	2566	1552	November	2021
683	262	553	June	2021
684	164	1008	June	2023
685	2568	1917	January	2023
686	2196	682	April	2022
687	99	669	December	2021
688	1360	1420	November	2021
689	3486	1308	July	2021
690	3889	1786	September	2022
691	692	725	June	2022
692	5470	876	May	2021
693	3931	1585	September	2021
694	4936	1983	October	2022
695	5207	731	November	2023
696	2774	1325	May	2021
697	2790	617	December	2021
698	1437	1897	January	2021
699	3415	669	January	2023
700	2562	1364	May	2022
701	3198	509	October	2023
702	4549	912	December	2023
703	2775	1436	August	2023
704	2757	829	March	2020
705	2927	1151	July	2022
706	3341	782	September	2021
707	1740	992	June	2020
708	1247	650	October	2023
709	3096	1724	February	2020
710	3215	604	January	2020
711	1139	553	January	2023
712	860	643	May	2023
713	3004	910	December	2023
714	4703	1698	May	2022
715	5192	1407	July	2023
716	109	1966	July	2023
717	3790	687	March	2021
718	633	773	March	2021
719	2847	1253	April	2021
720	4882	1826	April	2022
721	2756	1691	July	2023
722	2767	1712	May	2020
723	1391	635	June	2020
724	401	1209	February	2023
725	5280	1774	December	2020
726	4773	1029	April	2022
727	678	764	May	2021
728	4743	1938	October	2020
729	2955	1764	June	2020
730	709	1393	April	2023
731	4478	1878	May	2021
732	1758	1248	March	2021
733	5118	561	February	2021
734	1586	1657	December	2020
735	2776	529	November	2023
736	1977	1141	May	2021
737	2781	1627	September	2021
738	3339	1432	July	2021
739	3640	1682	March	2022
740	4729	578	February	2022
741	268	1276	December	2020
742	4882	1756	March	2021
743	192	1617	September	2023
744	2996	1654	November	2022
745	2355	1676	December	2023
746	2136	798	July	2021
747	4307	1974	January	2020
748	3686	1718	September	2023
749	1424	1227	December	2021
750	381	1114	September	2023
751	3206	624	July	2020
752	613	1853	November	2020
753	2323	1042	May	2022
754	1086	1014	January	2023
755	1349	932	September	2023
756	3989	1413	April	2022
757	259	1936	December	2020
758	622	903	August	2022
759	899	997	June	2022
760	3314	1025	March	2021
761	3066	1380	September	2020
762	5471	1592	September	2021
763	4450	672	February	2020
764	960	1150	January	2023
765	1930	1212	September	2021
766	1548	1533	May	2022
767	4559	1769	August	2020
768	4627	638	January	2023
769	326	875	September	2021
770	3933	1064	October	2020
771	445	1466	December	2022
772	3681	1448	August	2020
773	4976	1425	June	2021
774	4099	1148	November	2022
775	3140	730	February	2023
776	4188	1274	September	2020
777	2910	834	January	2023
778	3136	805	June	2022
779	3909	1217	July	2022
780	4189	1437	February	2022
781	3912	1494	October	2023
782	4033	1732	March	2021
783	2220	1506	February	2020
784	2060	1873	December	2020
785	1204	693	May	2022
786	780	1580	September	2023
787	3671	1260	November	2020
788	3001	1179	November	2021
789	5413	890	December	2022
790	4364	1216	June	2022
791	2644	1968	October	2021
792	5263	693	July	2023
793	3736	1330	July	2022
794	5075	1361	May	2021
795	5091	974	November	2022
796	2304	687	December	2021
797	2	1618	September	2020
798	934	705	February	2022
799	3152	739	October	2023
800	1907	1027	September	2021
801	1324	1062	October	2022
802	186	1676	May	2021
803	3105	1812	December	2020
804	5024	870	December	2020
805	3924	1338	November	2023
806	2000	1674	June	2021
807	1899	774	March	2021
808	10	994	May	2023
809	4350	836	August	2023
810	1577	1327	November	2023
811	2268	1840	May	2022
812	3972	1964	September	2023
813	4029	510	September	2022
814	1372	1568	December	2020
815	3860	1443	August	2022
816	42	1203	January	2023
817	3052	599	October	2022
818	820	1390	April	2022
819	4873	1738	November	2022
820	187	1341	October	2022
821	4606	1341	May	2023
822	4997	1971	October	2022
823	1349	860	October	2020
824	1957	521	June	2021
825	4146	1389	November	2020
826	448	610	August	2021
827	1146	1228	May	2021
828	5334	1977	January	2023
829	5373	1050	January	2022
830	1052	721	October	2020
831	1574	799	February	2022
832	458	1853	March	2021
833	4461	1467	April	2021
834	2106	639	November	2022
835	2732	1550	October	2020
836	3201	1112	March	2021
837	5403	1888	July	2023
838	5121	619	June	2022
839	1563	794	July	2022
840	340	1258	December	2021
841	2276	1348	February	2023
842	4166	1269	August	2022
843	877	1510	May	2022
844	487	1817	October	2020
845	2837	1079	April	2021
846	2966	1573	August	2020
847	4061	843	March	2023
848	5397	1431	April	2021
849	4397	1037	February	2021
850	1390	1638	December	2021
851	4997	849	January	2021
852	4958	1467	October	2021
853	1591	1728	January	2022
854	3711	1236	March	2020
855	1061	572	December	2020
856	2898	1743	October	2021
857	1954	1188	June	2021
858	4292	587	December	2023
859	681	998	December	2020
860	847	1131	October	2023
861	1799	549	September	2020
862	1815	772	October	2020
863	2335	1894	December	2023
864	1108	1052	October	2020
865	2152	919	November	2022
866	4411	1394	May	2022
867	346	1988	February	2022
868	5346	1119	October	2022
869	2032	543	July	2020
870	4246	1615	May	2021
871	2348	640	April	2021
872	4415	1597	December	2021
873	3919	1881	April	2021
874	4275	1648	May	2022
875	578	959	June	2021
876	2113	1108	June	2022
877	4924	1910	June	2020
878	1549	593	January	2020
879	2998	1776	April	2021
880	5353	1934	February	2023
881	2501	580	February	2021
882	2097	1979	September	2021
883	4219	989	February	2023
884	3399	1085	March	2021
885	4602	1463	July	2020
886	4013	1083	August	2020
887	3278	617	July	2020
888	3705	1559	August	2023
889	3256	1903	September	2021
890	1504	1909	August	2022
891	2975	720	February	2022
892	4074	1095	July	2020
893	4680	1512	May	2021
894	3429	1935	May	2020
895	2620	1258	June	2020
896	2839	1020	August	2022
897	3347	1184	July	2021
898	4720	1837	October	2021
899	4554	1055	May	2022
900	2789	1273	December	2021
901	2323	1508	January	2021
902	3411	912	June	2023
903	3629	781	August	2023
904	1842	951	July	2023
905	3590	1494	September	2023
906	4020	729	September	2020
907	3121	1031	September	2021
908	1139	1729	February	2023
909	5404	1970	September	2020
910	3715	1121	April	2021
911	2127	1928	November	2020
912	305	1233	June	2023
913	3232	1865	September	2020
914	3812	1620	August	2021
915	3959	1510	August	2020
916	3606	1396	September	2023
917	1224	1719	July	2020
918	559	909	May	2020
919	843	1007	May	2020
920	5431	876	April	2021
921	2588	1203	July	2021
922	1544	1092	December	2022
923	2175	1829	May	2023
924	1424	1079	November	2022
925	595	873	August	2021
926	1614	1900	October	2023
927	99	1367	September	2021
928	1261	684	April	2021
929	416	1669	January	2020
930	3499	1807	October	2020
931	5300	560	August	2023
932	3259	878	June	2022
933	5415	776	February	2020
934	4260	1321	July	2020
935	5162	1538	May	2021
936	4676	914	October	2023
937	3451	1445	November	2021
938	2990	1759	December	2023
939	3556	1674	October	2023
940	1915	1525	September	2020
941	2291	1453	April	2020
942	2819	1553	September	2020
943	531	618	February	2020
944	4324	985	October	2023
945	5276	1404	February	2020
946	5120	657	May	2022
947	705	919	February	2021
948	4375	1950	March	2023
949	2896	542	November	2020
950	1815	1565	March	2021
951	4332	1092	June	2023
952	1678	843	July	2020
953	3667	1411	December	2020
954	1505	1603	March	2023
955	4646	867	April	2023
956	4830	925	May	2020
957	2781	928	April	2022
958	3546	1598	January	2023
959	4550	1386	June	2023
960	680	831	November	2021
961	1597	1136	May	2020
962	1983	991	April	2020
963	2278	1154	March	2021
964	176	717	April	2022
965	4092	1471	March	2021
966	2769	1601	January	2022
967	4260	1191	May	2021
968	1130	1331	February	2020
969	4189	822	November	2023
970	2137	1824	June	2021
971	4704	1576	April	2023
972	3210	1634	March	2023
973	252	1350	February	2022
974	428	1767	July	2022
975	5243	1423	January	2020
976	681	1021	October	2023
977	4694	1829	May	2020
978	3125	1481	January	2022
979	579	1197	July	2022
980	4702	1363	August	2023
981	3605	1543	November	2020
982	5300	1969	July	2022
983	5487	1901	January	2020
984	1855	713	April	2022
985	4579	666	May	2021
986	2383	641	February	2023
987	4909	1206	January	2020
988	4253	1556	July	2023
989	3320	1017	June	2022
990	4532	1819	June	2023
991	2885	1310	April	2020
992	4374	550	October	2021
993	2258	1123	April	2021
994	803	854	February	2022
995	1827	1630	December	2020
996	2533	1654	September	2022
997	727	1636	July	2021
998	3533	1677	June	2022
999	5281	918	March	2020
1000	2977	639	May	2022
1001	2570	1175	March	2022
1002	3528	1247	August	2021
1003	5260	1711	June	2020
1004	3236	988	August	2021
1005	5273	568	July	2020
1006	1226	1173	July	2022
1007	4054	1597	February	2020
1008	3119	749	August	2021
1009	2840	1422	December	2020
1010	2732	631	November	2021
1011	24	1267	February	2022
1012	1369	1686	May	2020
1013	2183	1344	April	2022
1014	2533	1684	October	2023
1015	1327	1777	July	2022
1016	417	1036	April	2023
1017	3988	1959	December	2023
1018	4543	621	July	2022
1019	86	1623	February	2022
1020	5305	1949	October	2022
1021	2720	666	June	2020
1022	3761	1872	December	2020
1023	2760	766	June	2022
1024	1202	666	September	2023
1025	3057	1256	November	2020
1026	5233	1850	September	2023
1027	1017	549	February	2021
1028	180	1335	June	2023
1029	3460	1868	November	2022
1030	5279	1279	January	2023
1031	91	1296	December	2021
1032	2712	1704	March	2023
1033	4474	849	September	2023
1034	4371	1618	May	2021
1035	1215	945	August	2020
1036	1765	807	January	2021
1037	4382	562	February	2023
1038	4266	1419	February	2023
1039	2494	794	September	2023
1040	4383	1299	June	2021
1041	4211	1269	July	2022
1042	3593	988	February	2022
1043	3975	1004	May	2020
1044	1626	815	September	2020
1045	933	1968	February	2023
1046	2417	875	May	2021
1047	4267	1193	February	2023
1048	1201	615	May	2022
1049	3529	1617	January	2023
1050	1427	1179	September	2022
1051	3091	862	February	2022
1052	4366	877	October	2020
1053	3437	1305	October	2022
1054	2790	593	March	2020
1055	3477	1549	March	2023
1056	235	1641	May	2021
1057	2739	1954	August	2022
1058	3641	1832	February	2022
1059	1275	1818	April	2022
1060	2385	615	June	2020
1061	1659	756	May	2021
1062	1999	1890	September	2023
1063	4332	1123	April	2022
1064	1978	1634	September	2021
1065	4493	937	August	2023
1066	2217	1848	April	2020
1067	756	702	March	2022
1068	490	1332	August	2020
1069	1850	946	September	2023
1070	5459	775	October	2023
1071	5012	933	April	2020
1072	4291	1203	December	2020
1073	1349	873	January	2020
1074	1066	980	February	2023
1075	2154	1927	April	2021
1076	5309	1306	March	2021
1077	3584	1833	May	2022
1078	1043	1115	December	2022
1079	132	1954	December	2023
1080	662	1134	August	2022
1081	1545	1256	July	2021
1082	1858	612	February	2023
1083	1766	1102	August	2020
1084	5281	1969	March	2020
1085	5047	572	May	2021
1086	3633	1424	October	2023
1087	3475	726	January	2021
1088	800	810	January	2020
1089	1635	1859	July	2020
1090	2749	1595	August	2020
1091	3939	822	June	2021
1092	3856	892	November	2023
1093	4373	803	May	2021
1094	5266	1167	August	2021
1095	3752	1927	November	2023
1096	1998	728	August	2020
1097	3135	1990	September	2020
1098	4709	1943	February	2020
1099	2061	996	May	2022
1100	1968	1438	December	2023
1101	1903	1772	June	2022
1102	1955	1651	November	2023
1103	1394	507	July	2022
1104	2654	1121	January	2021
1105	3960	1380	November	2021
1106	2452	1619	October	2023
1107	305	1016	March	2020
1108	4362	953	June	2021
1109	5020	1915	December	2020
1110	326	779	July	2022
1111	4671	1448	February	2023
1112	3465	720	April	2020
1113	2769	813	May	2020
1114	3638	1848	July	2021
1115	4077	1998	March	2021
1116	4903	1760	October	2022
1117	2057	1141	August	2021
1118	2173	1578	April	2022
1119	1337	1262	July	2022
1120	759	546	December	2023
1121	5131	1084	October	2021
1122	342	505	November	2020
1123	2856	696	October	2023
1124	2866	1152	December	2022
1125	2148	902	June	2021
1126	2210	1237	January	2021
1127	1649	630	August	2021
1128	3068	1873	July	2022
1129	4012	1971	June	2021
1130	4700	1827	October	2023
1131	2688	1869	January	2023
1132	1053	942	May	2020
1133	2882	1673	May	2022
1134	5471	1392	December	2022
1135	943	1422	September	2022
1136	241	1260	June	2021
1137	3572	728	September	2022
1138	2977	607	May	2023
1139	4218	657	February	2023
1140	2921	880	October	2020
1141	4750	959	December	2021
1142	139	724	June	2020
1143	3006	587	December	2023
1144	3505	1607	March	2021
1145	344	1268	February	2023
1146	77	1168	December	2021
1147	366	789	September	2023
1148	5086	1706	May	2021
1149	3089	1503	May	2023
1150	4342	1265	March	2023
1151	4204	1670	June	2023
1152	4874	756	March	2020
1153	4094	538	August	2020
1154	2029	1350	June	2023
1155	128	1486	August	2020
1156	4879	1191	January	2021
1157	2305	1207	March	2021
1158	2163	667	April	2021
1159	1244	1696	September	2020
1160	2760	915	July	2021
1161	3246	1531	May	2020
1162	1844	658	February	2023
1163	4149	1898	May	2021
1164	4294	1040	June	2020
1165	4403	682	May	2022
1166	3413	1828	December	2022
1167	224	718	May	2020
1168	3518	633	March	2020
1169	1161	1769	October	2020
1170	3681	1559	December	2021
1171	2332	1934	January	2022
1172	3198	1639	March	2022
1173	2810	552	August	2023
1174	3105	1369	May	2023
1175	2606	580	June	2020
1176	3247	941	September	2021
1177	2783	1495	November	2020
1178	4662	1244	July	2022
1179	2763	1024	July	2020
1180	2997	1424	October	2022
1181	4444	1273	May	2021
1182	48	1270	February	2022
1183	5189	550	July	2023
1184	1419	684	May	2021
1185	2801	1778	May	2020
1186	4825	1282	December	2022
1187	2661	1605	September	2023
1188	4481	590	December	2022
1189	3254	760	December	2022
1190	3463	674	May	2020
1191	1051	1020	September	2020
1192	480	1724	March	2021
1193	1002	1031	April	2023
1194	4017	515	October	2022
1195	4277	1671	October	2022
1196	3627	1894	March	2021
1197	4539	1030	October	2020
1198	5051	985	March	2022
1199	3264	1986	July	2023
1200	2879	1164	May	2021
1201	617	946	November	2022
1202	3677	1776	November	2020
1203	5123	953	November	2020
1204	5215	509	September	2021
1205	3163	1551	December	2020
1206	1174	590	January	2021
1207	3931	1217	July	2020
1208	4892	599	June	2021
1209	1704	1538	December	2021
1210	4013	742	September	2023
1211	3450	1972	January	2022
1212	4352	1981	August	2023
1213	2440	1958	September	2023
1214	1390	1889	May	2023
1215	1471	1077	December	2022
1216	4458	696	February	2021
1217	2789	1833	October	2020
1218	36	809	August	2023
1219	1049	600	June	2021
1220	1450	1735	January	2022
1221	538	1281	February	2021
1222	987	1996	December	2022
1223	2810	1509	June	2020
1224	996	675	January	2020
1225	3543	884	September	2023
1226	1205	1564	January	2021
1227	3073	1366	August	2021
1228	1111	1689	December	2021
1229	3150	610	October	2022
1230	2468	1048	September	2021
1231	129	982	November	2022
1232	2582	1668	February	2022
1233	5191	1112	October	2023
1234	4575	1835	July	2022
1235	1717	1869	February	2021
1236	4325	1125	August	2021
1237	2168	1728	June	2021
1238	4962	1837	July	2020
1239	812	920	April	2023
1240	1094	970	November	2020
1241	848	933	January	2020
1242	1187	1680	July	2021
1243	2797	890	August	2021
1244	1899	642	August	2020
1245	3229	1059	October	2023
1246	1772	999	October	2021
1247	4079	720	October	2021
1248	1450	1641	March	2020
1249	2662	513	December	2023
1250	2179	1843	June	2023
1251	2393	1001	September	2021
1252	2119	1850	March	2023
1253	3846	1324	September	2020
1254	1336	1270	March	2020
1255	4270	1806	May	2023
1256	4220	1092	August	2022
1257	2115	1369	October	2022
1258	3141	1718	June	2021
1259	3726	1441	March	2023
1260	5011	1619	July	2022
1261	4771	1896	January	2023
1262	1265	1655	December	2023
1263	4277	1241	June	2023
1264	4268	949	December	2023
1265	172	1379	February	2023
1266	4714	537	May	2023
1267	2272	622	January	2023
1268	3045	947	December	2020
1269	1054	697	August	2020
1270	3261	1798	May	2023
1271	481	1045	October	2021
1272	1575	1739	August	2021
1273	4135	1000	February	2020
1274	3996	565	September	2021
1275	4635	1894	May	2020
1276	1948	1571	March	2022
1277	4893	850	December	2020
1278	1654	648	August	2021
1279	2839	1676	November	2023
1280	4598	1027	April	2023
1281	2525	1972	November	2020
1282	335	903	October	2022
1283	4467	1782	December	2021
1284	2600	1167	March	2023
1285	695	1653	August	2023
1286	3382	560	August	2023
1287	3595	1907	February	2020
1288	1444	791	February	2020
1289	3476	1680	May	2023
1290	4002	1504	June	2023
1291	2704	539	November	2023
1292	3071	1284	November	2021
1293	566	1051	December	2022
1294	3178	1641	October	2023
1295	3911	1438	March	2021
1296	3757	1829	July	2020
1297	4369	565	March	2020
1298	4973	1091	October	2021
1299	955	849	May	2022
1300	606	718	February	2020
1301	2276	854	November	2021
1302	3557	1254	August	2023
1303	15	1225	October	2021
1304	4509	1608	December	2021
1305	4360	846	December	2021
1306	3001	857	May	2023
1307	347	1164	June	2022
1308	1343	1553	May	2021
1309	5032	805	December	2020
1310	1566	1712	September	2023
1311	909	1448	April	2023
1312	1381	1106	July	2022
1313	3941	1267	August	2023
1314	2794	1732	March	2020
1315	4290	1728	November	2021
1316	4626	1087	April	2021
1317	3044	646	July	2023
1318	2926	1330	February	2022
1319	4898	986	September	2023
1320	4957	1238	April	2020
1321	1397	1159	October	2020
1322	2590	1044	February	2023
1323	5499	512	September	2022
1324	254	518	February	2021
1325	3314	823	June	2020
1326	1481	1698	December	2021
1327	5034	1128	September	2022
1328	2646	1279	July	2023
1329	3219	1163	February	2020
1330	1080	1197	September	2021
1331	2889	1741	January	2021
1332	1844	1550	April	2022
1333	1938	949	September	2023
1334	2580	1914	September	2021
1335	3779	1225	October	2020
1336	552	1490	January	2022
1337	4668	983	July	2020
1338	4116	1874	April	2023
1339	2982	1324	December	2020
1340	181	767	August	2022
1341	3726	689	September	2021
1342	540	1944	April	2021
1343	3706	1126	November	2022
1344	4351	630	January	2022
1345	3921	1219	April	2023
1346	4882	1853	June	2023
1347	1947	1463	December	2021
1348	4504	1165	August	2020
1349	3429	1577	November	2020
1350	4029	1908	August	2020
1351	1496	829	January	2022
1352	2152	1062	October	2021
1353	4111	570	November	2022
1354	3586	1150	December	2022
1355	690	1300	April	2021
1356	18	614	May	2022
1357	3371	1947	August	2021
1358	1162	882	September	2022
1359	1932	759	January	2020
1360	4428	1735	December	2023
1361	1671	1128	May	2023
1362	454	1276	December	2021
1363	1849	752	December	2021
1364	1821	1838	September	2021
1365	2539	1822	November	2021
1366	1482	1041	January	2022
1367	939	1105	May	2022
1368	1146	731	May	2022
1369	168	1014	December	2023
1370	111	1012	June	2020
1371	5029	1152	July	2022
1372	3032	1198	July	2021
1373	2414	1024	July	2022
1374	2785	1028	September	2023
1375	3318	1242	November	2020
1376	2958	1233	August	2021
1377	3361	1845	March	2023
1378	4164	996	July	2022
1379	1522	1529	December	2021
1380	3248	1104	May	2022
1381	2910	1030	August	2020
1382	73	848	July	2023
1383	264	1974	May	2021
1384	2068	641	September	2020
1385	4556	1207	July	2023
1386	3333	1216	May	2020
1387	5046	1661	September	2023
1388	707	977	March	2023
1389	722	1648	April	2022
1390	3809	1852	April	2023
1391	4191	1531	May	2023
1392	1572	1873	July	2023
1393	4549	637	September	2020
1394	2325	1767	September	2023
1395	2224	1188	May	2020
1396	5093	743	September	2020
1397	4331	915	February	2023
1398	926	1560	October	2023
1399	3621	1425	January	2020
1400	188	1137	October	2022
1401	4005	1789	November	2022
1402	2137	514	June	2022
1403	3279	594	January	2022
1404	3124	504	October	2022
1405	1413	1586	November	2023
1406	464	1549	December	2023
1407	3833	562	December	2020
1408	5258	709	June	2021
1409	3552	543	November	2023
1410	2230	980	March	2020
1411	3932	754	December	2020
1412	5414	1429	June	2023
1413	1900	1116	November	2022
1414	2187	1675	May	2023
1415	4412	627	March	2021
1416	4495	1158	October	2022
1417	61	689	October	2020
1418	1841	609	October	2022
1419	1280	609	April	2020
1420	28	1237	September	2021
1421	467	1176	October	2022
1422	2310	632	August	2023
1423	1198	1677	March	2022
1424	1157	1864	August	2023
1425	1418	1964	December	2022
1426	3106	859	August	2023
1427	3157	1468	July	2022
1428	1368	919	September	2021
1429	428	1946	August	2023
1430	1461	1806	May	2021
1431	3792	956	January	2020
1432	1544	967	November	2020
1433	2215	980	June	2021
1434	921	1257	May	2020
1435	3014	1995	January	2022
1436	4478	1957	February	2020
1437	213	1924	May	2020
1438	1791	1171	June	2023
1439	3421	1005	August	2020
1440	548	515	June	2020
1441	295	727	August	2023
1442	1973	1901	June	2022
1443	2130	1400	May	2021
1444	1208	568	October	2023
1445	253	1172	May	2020
1446	501	887	July	2020
1447	5300	1435	February	2022
1448	3853	1705	June	2020
1449	9	955	October	2023
1450	4670	1066	January	2022
1451	3749	1420	April	2023
1452	2776	1327	September	2021
1453	2376	1518	August	2022
1454	4703	1181	September	2021
1455	1829	1087	June	2021
1456	3915	1478	January	2021
1457	3715	1210	December	2023
1458	4372	504	February	2021
1459	1540	1585	September	2020
1460	1531	843	August	2021
1461	601	715	November	2021
1462	1428	1680	December	2020
1463	3452	950	January	2021
1464	3230	1322	July	2020
1465	2071	502	November	2022
1466	1161	1368	July	2021
1467	4975	1639	September	2021
1468	682	1949	October	2021
1469	5086	1264	July	2021
1470	2772	600	June	2020
1471	1047	1619	January	2020
1472	1770	1972	November	2022
1473	3762	1905	December	2022
1474	4680	1232	April	2022
1475	4161	542	January	2022
1476	2452	765	February	2021
1477	2312	931	February	2022
1478	4669	1149	August	2023
1479	2855	1762	October	2021
1480	4457	515	August	2023
1481	5082	1649	June	2023
1482	4742	1115	March	2020
1483	1828	892	July	2023
1484	4313	1645	May	2021
1485	523	1241	February	2021
1486	5228	1457	August	2020
1487	202	600	March	2021
1488	699	1784	July	2022
1489	790	1572	July	2023
1490	273	1258	September	2021
1491	1070	1970	July	2021
1492	1652	800	August	2020
1493	3045	1333	May	2021
1494	903	1212	December	2021
1495	4534	1630	February	2023
1496	1818	1006	September	2023
1497	245	643	December	2022
1498	68	1666	March	2022
1499	3324	582	November	2021
1500	1687	980	October	2023
1501	4505	1810	January	2022
1502	1970	1905	July	2022
1503	2850	1485	August	2021
1504	2020	511	September	2021
1505	3367	1333	January	2020
1506	1100	1753	October	2020
1507	703	966	February	2023
1508	619	1062	February	2021
1509	4004	1956	February	2020
1510	4517	1434	March	2020
1511	4102	1231	January	2020
1512	890	660	December	2021
1513	683	1679	September	2021
1514	2319	1551	June	2023
1515	5207	1754	March	2020
1516	1319	1378	July	2021
1517	1314	1479	April	2020
1518	1060	1763	October	2023
1519	3	940	October	2021
1520	21	1312	September	2023
1521	2158	576	March	2021
1522	330	1506	December	2022
1523	2019	1751	January	2020
1524	741	1528	March	2022
1525	292	1563	March	2023
1526	4287	1514	December	2023
1527	2794	1166	December	2023
1528	3787	1719	April	2021
1529	1612	1392	May	2022
1530	582	1554	August	2020
1531	4923	1635	March	2021
1532	357	1146	October	2021
1533	2919	1695	December	2022
1534	4772	1332	April	2021
1535	3939	1841	July	2022
1536	1869	805	July	2022
1537	4350	933	June	2023
1538	1002	1707	May	2020
1539	3709	761	October	2020
1540	3656	1838	December	2020
1541	1520	1406	November	2021
1542	1804	1797	May	2021
1543	5334	1773	March	2022
1544	3958	1709	July	2021
1545	1622	1646	July	2022
1546	140	1974	December	2021
1547	5378	1014	July	2022
1548	2701	652	May	2021
1549	4651	1504	March	2021
1550	2246	989	January	2023
1551	4976	811	January	2020
1552	3622	1003	September	2023
1553	1165	1742	September	2023
1554	1363	1255	November	2022
1555	2585	1236	August	2020
1556	1553	1453	September	2021
1557	4966	1966	July	2022
1558	2213	1954	May	2023
1559	2429	1030	March	2023
1560	2392	643	April	2020
1561	311	1847	September	2020
1562	2155	1209	March	2020
1563	4352	1982	June	2023
1564	1224	725	October	2021
1565	5310	1381	September	2020
1566	1141	1684	October	2023
1567	1960	973	March	2020
1568	1909	1769	January	2022
1569	2315	1036	September	2020
1570	3228	1233	August	2023
1571	437	1518	October	2021
1572	612	1705	June	2022
1573	2414	765	November	2020
1574	4641	1237	September	2022
1575	4232	715	November	2022
1576	634	1541	December	2023
1577	1199	708	September	2022
1578	4503	564	February	2021
1579	3305	1921	February	2020
1580	69	1839	April	2023
1581	767	1065	January	2020
1582	2007	1470	April	2022
1583	5281	1805	February	2022
1584	3729	1589	November	2020
1585	3372	667	May	2023
1586	1482	1775	July	2023
1587	3396	698	January	2023
1588	3153	1681	June	2020
1589	3570	911	March	2023
1590	720	1241	June	2020
1591	722	1332	May	2021
1592	4941	1933	June	2022
1593	4908	1360	July	2021
1594	4409	1867	March	2021
1595	2969	1654	April	2023
1596	3905	1475	September	2023
1597	1953	783	June	2023
1598	2441	826	April	2023
1599	1636	1597	August	2023
1600	2033	669	November	2020
1601	3558	692	March	2020
1602	793	1871	January	2020
1603	3669	1513	July	2020
1604	560	577	November	2020
1605	979	1733	February	2022
1606	1269	1422	August	2020
1607	310	1654	March	2023
1608	5233	1504	April	2020
1609	3765	1936	April	2022
1610	4956	1844	April	2021
1611	844	1992	December	2020
1612	2637	1396	October	2023
1613	4984	1545	May	2022
1614	634	662	March	2023
1615	1513	1073	January	2020
1616	2223	1776	February	2022
1617	4878	1170	June	2020
1618	3611	1671	October	2023
1619	4396	1321	June	2022
1620	4578	1511	February	2020
1621	3754	1349	November	2020
1622	4135	736	October	2023
1623	2067	646	March	2022
1624	3462	1964	October	2020
1625	3901	1154	July	2021
1626	3296	1479	September	2021
1627	5058	867	July	2020
1628	283	1259	August	2023
1629	1462	1020	November	2023
1630	86	667	December	2022
1631	1024	1764	April	2020
1632	2512	1662	February	2023
1633	1073	1689	May	2023
1634	2981	1099	June	2020
1635	2872	1483	February	2021
1636	4439	1709	May	2021
1637	968	689	September	2022
1638	3759	1007	January	2021
1639	2546	675	December	2021
1640	4682	1907	June	2021
1641	2761	565	September	2022
1642	2061	1232	March	2020
1643	957	1105	March	2021
1644	3332	1021	March	2023
1645	5014	836	November	2021
1646	78	1410	February	2022
1647	3495	975	June	2023
1648	1253	752	June	2021
1649	571	1267	November	2023
1650	3765	1707	April	2021
1651	4836	1074	February	2023
1652	108	1206	November	2020
1653	5045	1476	March	2023
1654	3409	1501	April	2023
1655	1739	924	January	2022
1656	2062	803	March	2022
1657	2569	1358	February	2021
1658	4329	1695	January	2021
1659	752	1548	May	2020
1660	3964	1425	January	2020
1661	3251	645	February	2020
1662	4003	984	February	2023
1663	4832	1755	August	2023
1664	4391	1305	March	2023
1665	3923	1991	September	2022
1666	5063	1455	July	2022
1667	1900	938	March	2022
1668	759	621	September	2023
1669	2477	1969	March	2020
1670	594	1562	July	2023
1671	1857	1326	September	2023
1672	4363	1917	January	2020
1673	2387	1996	July	2021
1674	932	772	August	2021
1675	951	1251	October	2023
1676	4213	1650	July	2021
1677	941	1439	May	2021
1678	3215	1930	August	2020
1679	2513	1036	April	2023
1680	2209	1407	February	2021
1681	477	839	February	2021
1682	5047	1873	September	2022
1683	1266	675	July	2021
1684	692	880	February	2020
1685	5017	844	April	2021
1686	5483	682	November	2023
1687	2454	598	March	2022
1688	2030	574	May	2023
1689	780	914	January	2023
1690	3618	1503	May	2022
1691	5399	1253	February	2023
1692	103	1958	January	2020
1693	2459	823	November	2021
1694	78	669	December	2020
1695	591	743	October	2022
1696	801	1853	March	2021
1697	497	806	April	2022
1698	3829	1066	December	2021
1699	136	1103	July	2023
1700	1485	1394	July	2022
1701	4241	1528	September	2021
1702	2345	629	February	2020
1703	4266	1490	January	2023
1704	2518	1637	May	2022
1705	330	1229	December	2022
1706	3767	1422	June	2023
1707	1865	840	March	2020
1708	3910	1849	November	2020
1709	1555	768	August	2022
1710	2341	1760	September	2023
1711	2604	1539	September	2021
1712	4454	914	August	2020
1713	2373	807	May	2021
1714	2760	1237	June	2023
1715	4085	1934	October	2021
1716	2666	610	June	2020
1717	3166	1728	February	2022
1718	649	1895	October	2020
1719	423	1059	September	2021
1720	657	566	March	2021
1721	299	1636	September	2023
1722	1668	632	November	2023
1723	5467	1154	June	2020
1724	2740	1815	January	2021
1725	4499	763	January	2021
1726	200	1921	October	2023
1727	3997	1972	August	2020
1728	1128	1819	June	2022
1729	1269	1773	September	2020
1730	3924	819	April	2022
1731	5495	1910	December	2020
1732	3615	638	June	2022
1733	5078	1954	November	2023
1734	867	636	February	2023
1735	197	1324	February	2023
1736	1315	1140	July	2021
1737	1079	595	May	2023
1738	603	1722	October	2022
1739	2029	1369	January	2023
1740	2538	516	July	2023
1741	3096	1715	February	2022
1742	4486	1362	August	2021
1743	287	521	May	2022
1744	2799	946	May	2023
1745	3737	1872	November	2023
1746	2338	1557	September	2022
1747	3229	1787	September	2022
1748	2236	898	November	2020
1749	4449	1508	February	2021
1750	858	1667	May	2023
1751	3082	1934	December	2020
1752	3611	1023	April	2022
1753	5364	812	January	2022
1754	3191	1804	April	2020
1755	4184	886	August	2022
1756	3229	543	November	2023
1757	2512	1639	May	2021
1758	864	1149	October	2021
1759	2041	1711	September	2022
1760	2774	789	February	2020
1761	4174	1807	April	2021
1762	1689	870	August	2023
1763	1085	722	March	2023
1764	2657	1506	August	2023
1765	5317	1329	January	2020
1766	4709	654	December	2022
1767	3126	1300	July	2020
1768	2883	581	October	2020
1769	497	1248	August	2020
1770	3670	940	December	2022
1771	1951	1818	May	2021
1772	1563	1756	June	2021
1773	2960	1401	July	2021
1774	4775	789	March	2023
1775	4534	788	July	2020
1776	3567	614	June	2021
1777	4459	1949	August	2021
1778	4731	1190	October	2023
1779	4170	783	February	2023
1780	1305	804	November	2022
1781	2906	1279	July	2021
1782	1847	1063	March	2023
1783	4292	1979	May	2022
1784	3767	1536	October	2022
1785	1371	1620	August	2022
1786	931	1066	August	2022
1787	76	683	October	2023
1788	4579	511	January	2021
1789	2788	943	November	2023
1790	586	590	June	2021
1791	4922	1383	November	2020
1792	1979	505	July	2022
1793	3278	670	May	2023
1794	2602	764	December	2023
1795	960	1033	March	2022
1796	4588	1210	January	2021
1797	2184	1228	August	2021
1798	5284	1244	January	2023
1799	1079	1753	April	2020
1800	4510	1281	January	2022
1801	2350	1047	December	2021
1802	5187	1529	February	2023
1803	4921	1512	August	2020
1804	4371	617	November	2023
1805	746	1729	December	2020
1806	2273	1108	September	2020
1807	1228	1974	June	2021
1808	1185	552	June	2022
1809	5429	577	June	2022
1810	627	618	October	2020
1811	4586	1455	December	2020
1812	1003	881	January	2020
1813	487	1926	October	2021
1814	2415	1955	February	2020
1815	5089	1924	July	2023
1816	726	543	August	2020
1817	1620	1731	August	2020
1818	4461	521	May	2023
1819	3546	1770	May	2022
1820	5362	1119	September	2022
1821	4969	1458	January	2020
1822	4928	994	December	2021
1823	2856	1677	May	2021
1824	2986	809	February	2020
1825	4671	715	April	2022
1826	5409	847	July	2022
1827	5126	1625	November	2021
1828	5211	656	April	2020
1829	1818	1379	March	2022
1830	1185	1237	November	2022
1831	4845	1473	January	2022
1832	2258	807	January	2023
1833	4357	1756	September	2022
1834	2630	1989	April	2022
1835	4197	1438	March	2020
1836	5044	1299	November	2021
1837	2066	1010	January	2023
1838	2099	1277	April	2022
1839	768	1862	June	2021
1840	2036	1099	April	2021
1841	4365	837	April	2022
1842	1037	583	July	2020
1843	3891	1079	September	2021
1844	3814	1497	April	2021
1845	313	1917	December	2021
1846	1799	1719	July	2021
1847	1226	954	July	2022
1848	3798	1604	February	2021
1849	3932	1884	November	2022
1850	1911	1759	November	2023
1851	2385	1483	March	2022
1852	5351	1624	December	2020
1853	4444	974	September	2020
1854	1402	1549	October	2023
1855	3454	1239	September	2023
1856	5071	544	April	2020
1857	4653	1749	February	2020
1858	2078	1060	May	2020
1859	3814	1592	November	2020
1860	4124	1877	April	2021
1861	5405	1538	March	2023
1862	2007	716	June	2022
1863	5096	1509	August	2022
1864	3925	635	May	2021
1865	1978	545	February	2020
1866	1438	742	August	2020
1867	3195	1240	October	2021
1868	4528	1111	March	2020
1869	4940	580	November	2021
1870	5399	1494	September	2021
1871	3402	868	October	2021
1872	3384	762	September	2021
1873	1005	1468	October	2022
1874	4626	1633	July	2020
1875	4759	1002	February	2023
1876	199	637	June	2023
1877	4176	765	November	2020
1878	4187	1761	April	2020
1879	1368	1922	September	2020
1880	2876	740	September	2023
1881	3536	1594	December	2021
1882	3413	1534	April	2021
1883	1970	1977	January	2022
1884	3502	1379	October	2022
1885	5293	1932	January	2021
1886	1890	970	January	2021
1887	1537	1806	August	2020
1888	1744	614	June	2020
1889	5483	1972	January	2023
1890	1373	686	October	2020
1891	392	791	February	2021
1892	2270	551	September	2023
1893	1806	1589	August	2022
1894	2629	1326	October	2023
1895	2788	635	October	2020
1896	1634	838	February	2021
1897	2991	1113	September	2023
1898	4618	1892	June	2021
1899	2887	1540	December	2023
1900	548	1577	September	2021
1901	4917	712	October	2020
1902	2976	1187	September	2022
1903	2446	1022	February	2020
1904	1909	1017	January	2023
1905	2246	849	July	2020
1906	3924	1666	April	2021
1907	5293	1669	April	2020
1908	590	1618	May	2023
1909	4927	1539	July	2021
1910	1781	1266	February	2023
1911	4790	930	August	2023
1912	3484	675	May	2021
1913	1305	1267	December	2022
1914	674	1450	January	2020
1915	5047	881	September	2020
1916	1274	930	November	2021
1917	4397	1164	August	2021
1918	4173	549	September	2021
1919	1820	964	March	2020
1920	334	1036	July	2023
1921	4687	1493	April	2020
1922	66	743	April	2022
1923	2747	1968	June	2023
1924	4356	1521	March	2021
1925	1332	1976	March	2020
1926	1853	648	February	2021
1927	2919	1833	June	2020
1928	749	1965	June	2023
1929	3900	569	October	2022
1930	287	628	April	2020
1931	779	1152	November	2023
1932	5280	1625	July	2020
1933	5296	1482	May	2021
1934	2169	1698	June	2020
1935	4009	1485	December	2023
1936	2112	1611	July	2022
1937	26	1248	October	2022
1938	1502	1227	August	2021
1939	2807	1232	October	2020
1940	1485	528	June	2021
1941	1028	1916	August	2020
1942	1253	1881	February	2020
1943	2	1240	February	2020
1944	1670	1285	November	2023
1945	108	707	February	2022
1946	4237	1961	October	2023
1947	2360	1864	September	2021
1948	3324	1845	June	2020
1949	1658	1768	November	2023
1950	438	1539	May	2023
1951	4524	1766	September	2022
1952	5257	816	December	2020
1953	487	1706	February	2021
1954	4704	1988	January	2021
1955	3015	1731	February	2021
1956	2730	1949	June	2021
1957	1657	1141	November	2023
1958	2056	732	November	2020
1959	5169	1139	September	2021
1960	2486	1459	November	2022
1961	872	1138	March	2020
1962	3278	642	August	2023
1963	2222	776	March	2021
1964	3591	656	June	2023
1965	3580	1876	December	2020
1966	3980	1196	December	2020
1967	2210	661	October	2023
1968	4749	1938	January	2022
1969	3572	847	April	2022
1970	2800	1547	April	2022
1971	4595	1061	May	2021
1972	1920	1201	April	2022
1973	3331	754	August	2023
1974	3548	1977	March	2020
1975	4472	1375	April	2020
1976	1913	1641	June	2021
1977	3114	1171	February	2021
1978	1831	1527	April	2023
1979	4393	538	October	2020
1980	3314	1638	January	2021
1981	2185	1573	July	2020
1982	685	578	June	2020
1983	5091	1782	November	2020
1984	2249	599	April	2022
1985	2883	1761	August	2023
1986	1169	512	July	2021
1987	1420	1341	May	2022
1988	397	1834	May	2023
1989	1043	1107	March	2022
1990	630	1012	October	2022
1991	2164	1301	September	2022
1992	2997	1879	January	2020
1993	1158	535	September	2022
1994	4931	672	November	2022
1995	1069	849	April	2020
1996	4470	1568	May	2020
1997	4136	1138	December	2020
1998	2066	950	February	2020
1999	4976	887	November	2021
2000	1462	547	January	2021
2001	3925	1545	June	2022
2002	1231	657	August	2020
2003	3925	1775	June	2023
2004	290	1709	July	2021
2005	5066	1186	January	2020
2006	3721	964	March	2022
2007	2777	1269	December	2023
2008	3226	529	January	2023
2009	4515	1295	September	2023
2010	3091	1670	August	2021
2011	3324	746	August	2023
2012	2745	1696	July	2021
2013	418	1278	August	2020
2014	5283	820	April	2020
2015	542	942	March	2022
2016	3656	917	July	2021
2017	4933	1089	June	2020
2018	3649	1136	December	2020
2019	5185	1954	December	2020
2020	2855	1349	August	2021
2021	2226	1481	July	2020
2022	4810	1424	September	2022
2023	2261	1794	December	2023
2024	3633	1462	January	2020
2025	1909	1446	August	2020
2026	4885	747	July	2021
2027	3074	1907	July	2023
2028	5482	1557	April	2023
2029	1797	1214	January	2022
2030	4445	1651	September	2021
2031	2783	1262	January	2020
2032	5443	1116	September	2020
2033	2449	729	April	2020
2034	4345	1741	May	2022
2035	4684	1571	August	2023
2036	1429	1437	August	2020
2037	2251	1131	October	2021
2038	3433	1045	August	2022
2039	634	1785	November	2023
2040	4263	1118	July	2022
2041	2700	1695	November	2023
2042	1583	1294	May	2020
2043	937	1053	November	2022
2044	3080	1295	March	2020
2045	397	1026	May	2023
2046	1149	758	March	2023
2047	4866	1543	July	2022
2048	45	1664	September	2020
2049	1348	1380	June	2023
2050	919	787	May	2020
2051	637	1050	October	2022
2052	1526	978	November	2022
2053	1947	1269	February	2022
2054	4542	1134	February	2023
2055	3347	1301	March	2022
2056	2211	933	January	2022
2057	5115	614	May	2023
2058	4420	512	November	2023
2059	4906	1679	April	2023
2060	2929	1610	August	2021
2061	5104	1634	April	2020
2062	2334	1216	November	2023
2063	982	615	July	2021
2064	1602	1665	April	2021
2065	2101	1130	December	2021
2066	2204	1339	August	2021
2067	4992	1431	December	2020
2068	521	1248	December	2020
2069	2706	1458	April	2023
2070	281	1585	June	2023
2071	4103	714	May	2020
2072	3163	735	October	2023
2073	4541	968	December	2020
2074	496	1329	May	2022
2075	5325	1522	March	2022
2076	3168	1767	April	2022
2077	3808	915	November	2022
2078	2385	681	July	2022
2079	1000	1862	August	2022
2080	728	731	August	2022
2081	3182	1967	July	2021
2082	1317	1063	December	2021
2083	4337	1406	December	2022
2084	3930	1754	July	2021
2085	1939	592	December	2021
2086	4782	814	February	2020
2087	5239	784	July	2022
2088	1431	1092	October	2021
2089	2364	861	June	2020
2090	3942	1125	January	2020
2091	3247	1797	November	2022
2092	3803	1860	July	2021
2093	1546	718	November	2020
2094	2729	1978	June	2023
2095	4531	645	March	2021
2096	5276	764	August	2021
2097	2477	971	November	2022
2098	3307	1051	January	2023
2099	1966	1806	July	2023
2100	2381	591	September	2023
2101	1799	1686	March	2022
2102	112	787	December	2021
2103	3281	690	June	2023
2104	84	1874	July	2021
2105	1077	925	March	2020
2106	3625	723	May	2021
2107	3248	842	April	2020
2108	4978	1535	October	2021
2109	672	856	March	2023
2110	1216	1607	August	2021
2111	4089	1499	April	2020
2112	4212	1063	May	2023
2113	5134	1298	September	2023
2114	2186	523	May	2023
2115	1962	559	September	2022
2116	2415	1863	November	2021
2117	5476	1385	September	2023
2118	2883	1109	November	2022
2119	3386	1327	November	2021
2120	5477	505	September	2020
2121	4813	671	June	2023
2122	270	526	August	2021
2123	4389	1894	September	2022
2124	2028	1569	August	2023
2125	4395	1161	April	2022
2126	3495	686	April	2021
2127	3500	1763	October	2021
2128	4932	1077	January	2021
2129	2765	1055	June	2023
2130	3679	961	November	2022
2131	2747	932	October	2021
2132	3413	1850	August	2023
2133	4142	1090	May	2020
2134	4385	544	June	2023
2135	4467	979	January	2021
2136	4357	1561	April	2021
2137	4388	1101	February	2020
2138	4008	1234	March	2020
2139	181	1749	January	2023
2140	59	818	June	2021
2141	3603	1158	July	2020
2142	4816	1076	November	2021
2143	384	1439	November	2022
2144	2714	1610	March	2023
2145	311	1846	October	2021
2146	2767	1989	August	2023
2147	4129	1958	August	2023
2148	5401	1215	January	2021
2149	2557	1781	January	2020
2150	5125	828	August	2021
2151	1873	675	January	2023
2152	1386	981	August	2021
2153	1252	551	January	2022
2154	3845	791	December	2023
2155	2552	1365	December	2023
2156	728	961	October	2022
2157	503	571	April	2023
2158	2089	1766	September	2022
2159	2781	926	September	2021
2160	3406	1120	February	2021
2161	1936	926	January	2020
2162	5171	626	January	2020
2163	4809	1068	October	2020
2164	4020	968	November	2022
2165	1980	1485	January	2020
2166	2798	1640	September	2021
2167	880	1524	June	2022
2168	1870	1137	January	2021
2169	3725	1717	May	2022
2170	3579	930	August	2022
2171	1492	1392	January	2021
2172	2629	951	January	2021
2173	5388	1078	June	2021
2174	3872	1727	March	2023
2175	4122	1442	October	2021
2176	4713	1869	September	2020
2177	3489	818	April	2023
2178	1643	1246	May	2020
2179	3422	1385	December	2020
2180	390	1778	May	2021
2181	1281	1752	October	2023
2182	2501	1873	May	2021
2183	5296	1994	March	2020
2184	1142	1890	April	2023
2185	4370	856	August	2023
2186	4019	1921	June	2021
2187	2676	1052	October	2022
2188	305	737	January	2021
2189	2433	1055	August	2023
2190	4480	1029	November	2023
2191	4955	810	August	2023
2192	461	737	April	2020
2193	2683	1212	May	2021
2194	4140	1155	August	2020
2195	4634	1676	August	2021
2196	4951	1475	November	2021
2197	685	1310	January	2021
2198	2915	1895	April	2023
2199	5197	1730	March	2023
2200	87	511	November	2023
2201	1110	1970	July	2023
2202	1291	738	August	2021
2203	3651	926	June	2020
2204	1213	593	January	2020
2205	3659	1103	June	2022
2206	3871	1488	January	2023
2207	4593	737	December	2022
2208	2376	1828	June	2022
2209	3952	617	August	2023
2210	3741	1854	August	2020
2211	3339	880	February	2023
2212	3672	576	December	2023
2213	4228	730	August	2023
2214	3954	1767	May	2020
2215	2397	832	January	2022
2216	5252	892	December	2022
2217	3625	1868	March	2020
2218	2429	1451	February	2021
2219	984	942	October	2022
2220	644	1119	November	2023
2221	5025	990	April	2023
2222	5358	1114	October	2020
2223	5374	1202	September	2020
2224	5013	1354	November	2023
2225	705	848	May	2022
2226	5352	1319	October	2023
2227	2336	1269	June	2020
2228	3432	1804	April	2022
2229	1809	553	September	2021
2230	573	1036	November	2022
2231	215	1463	May	2023
2232	4911	555	November	2021
2233	988	1439	July	2021
2234	3146	1491	November	2020
2235	2272	659	November	2020
2236	1527	666	August	2020
2237	2277	1350	December	2020
2238	1424	961	June	2021
2239	1653	850	April	2023
2240	4504	1208	March	2021
2241	966	1277	February	2020
2242	3552	593	December	2022
2243	2690	1294	February	2021
2244	2030	1510	October	2020
2245	4487	1815	March	2020
2246	5001	1171	February	2023
2247	2563	1797	February	2023
2248	163	1468	March	2020
2249	2671	1232	July	2022
2250	4464	1564	September	2022
2251	5264	1393	August	2021
2252	1457	680	March	2021
2253	4688	1494	September	2021
2254	4010	947	April	2023
2255	1909	710	June	2023
2256	1851	1652	April	2021
2257	4386	611	September	2023
2258	1632	1664	October	2023
2259	4281	1417	December	2022
2260	4428	521	August	2023
2261	2930	827	April	2020
2262	5148	1390	August	2021
2263	2328	870	July	2022
2264	4555	1021	February	2023
2265	4652	692	March	2022
2266	2035	889	July	2020
2267	3445	1088	August	2021
2268	823	1828	February	2020
2269	3881	1781	January	2022
2270	2230	1201	December	2022
2271	1478	1403	February	2023
2272	4143	1616	January	2022
2273	3453	1325	December	2021
2274	1155	1348	May	2020
2275	1646	657	April	2023
2276	3921	1110	April	2020
2277	730	693	April	2023
2278	3772	1796	August	2022
2279	3647	720	December	2020
2280	1933	1398	May	2023
2281	339	1652	June	2022
2282	3095	647	October	2020
2283	4528	1246	April	2021
2284	2335	1803	November	2021
2285	3140	1670	March	2023
2286	5296	888	April	2021
2287	926	1271	April	2020
2288	1459	1400	July	2021
2289	1998	609	February	2021
2290	2905	753	January	2020
2291	4941	1870	March	2021
2292	204	731	February	2020
2293	1316	835	February	2021
2294	4163	1651	February	2020
2295	5450	1013	October	2023
2296	3885	570	August	2022
2297	651	1300	May	2021
2298	2578	673	August	2021
2299	3498	1097	February	2022
2300	2194	1209	September	2020
2301	3233	513	July	2021
2302	102	1499	January	2020
2303	3206	1650	September	2022
2304	1098	1678	October	2021
2305	2977	526	October	2020
2306	791	1290	August	2023
2307	2186	1089	January	2023
2308	2449	1576	August	2020
2309	1435	1884	January	2021
2310	4756	524	March	2020
2311	2926	1024	June	2021
2312	2206	577	January	2022
2313	1024	1368	June	2020
2314	1795	716	December	2021
2315	3667	1691	September	2023
2316	3242	1521	October	2023
2317	2838	878	October	2022
2318	2710	737	December	2023
2319	1222	1081	April	2021
2320	627	696	April	2023
2321	4417	860	May	2022
2322	584	1131	March	2022
2323	5346	774	October	2021
2324	3914	501	February	2023
2325	3251	750	August	2023
2326	2952	1174	November	2023
2327	5049	1208	February	2021
2328	4080	1760	June	2022
2329	663	716	November	2023
2330	329	551	February	2023
2331	3137	1229	September	2022
2332	4827	1264	October	2023
2333	5169	1213	June	2021
2334	2787	1771	February	2023
2335	4685	1925	October	2022
2336	4042	1299	July	2021
2337	3220	995	July	2023
2338	3480	1290	March	2020
2339	2933	1673	October	2022
2340	354	1076	January	2020
2341	4237	1377	May	2021
2342	1328	1523	February	2022
2343	2788	588	April	2020
2344	468	1671	August	2022
2345	879	1368	November	2023
2346	670	885	October	2022
2347	4842	623	February	2021
2348	3230	1823	May	2021
2349	3509	1425	November	2020
2350	2590	778	March	2020
2351	4019	1936	November	2020
2352	2631	1096	September	2023
2353	1365	1863	April	2022
2354	339	1829	August	2021
2355	3798	1533	July	2021
2356	74	1495	November	2021
2357	1246	582	February	2021
2358	1144	605	January	2023
2359	1002	1181	February	2021
2360	226	1599	July	2022
2361	5176	1449	March	2021
2362	3840	1099	September	2022
2363	1066	962	January	2020
2364	1331	1667	September	2023
2365	2424	1765	March	2021
2366	3574	1354	November	2023
2367	5275	1017	November	2020
2368	3419	1177	August	2023
2369	3466	1680	September	2021
2370	2436	1038	November	2022
2371	2498	1369	June	2023
2372	4718	1403	June	2020
2373	3754	751	February	2023
2374	5321	874	June	2021
2375	4724	886	November	2020
2376	599	1001	January	2021
2377	766	1057	September	2023
2378	3769	1633	July	2023
2379	1388	1916	October	2022
2380	670	1309	October	2022
2381	3929	1656	March	2022
2382	1836	1686	March	2021
2383	3916	1723	December	2023
2384	990	1669	May	2021
2385	4800	634	May	2021
2386	2745	1646	December	2022
2387	1256	1672	January	2021
2388	661	1211	October	2021
2389	496	1796	August	2022
2390	486	1521	May	2023
2391	2134	1864	February	2020
2392	4779	830	July	2020
2393	3137	718	June	2020
2394	3348	1997	July	2023
2395	4795	1857	August	2022
2396	2573	1357	April	2023
2397	455	1034	February	2022
2398	3563	1261	June	2023
2399	1899	982	December	2022
2400	2449	1038	October	2023
2401	143	536	January	2021
2402	62	1435	September	2020
2403	4382	1536	February	2023
2404	4914	1050	March	2020
2405	4244	1367	January	2021
2406	5142	952	October	2023
2407	921	931	March	2022
2408	2270	850	August	2020
2409	628	1639	January	2020
2410	4647	1927	October	2020
2411	4678	1323	October	2023
2412	2642	706	November	2021
2413	2223	1002	May	2022
2414	1376	825	March	2023
2415	3948	751	March	2022
2416	4694	1350	August	2022
2417	3238	1714	November	2023
2418	304	1710	July	2023
2419	2521	1554	October	2023
2420	1843	1136	November	2021
2421	3067	737	August	2021
2422	4748	620	September	2023
2423	4480	1429	January	2020
2424	4768	562	June	2020
2425	880	1076	February	2022
2426	539	822	November	2020
2427	2469	1945	November	2021
2428	3049	1751	April	2020
2429	3195	954	August	2022
2430	3690	724	August	2023
2431	2623	1400	April	2020
2432	1302	1382	August	2023
2433	2143	1662	March	2020
2434	2882	1700	February	2023
2435	2972	1848	October	2022
2436	2349	985	December	2020
2437	4622	1747	December	2021
2438	2963	1381	May	2021
2439	2884	1483	February	2023
2440	3057	1511	June	2023
2441	5500	938	July	2021
2442	1136	549	January	2023
2443	3298	1974	August	2022
2444	2836	832	June	2023
2445	120	1548	May	2020
2446	4575	1978	July	2023
2447	4407	981	July	2022
2448	1680	883	May	2022
2449	2207	605	October	2020
2450	257	613	July	2023
2451	939	747	February	2021
2452	3708	1498	January	2021
2453	17	1954	April	2021
2454	728	1519	January	2021
2455	1489	1500	December	2022
2456	4301	1755	April	2022
2457	3690	1080	May	2021
2458	2735	589	April	2022
2459	449	850	July	2021
2460	2552	532	November	2020
2461	2667	941	June	2022
2462	257	501	July	2020
2463	3906	1254	July	2020
2464	2716	975	January	2021
2465	1571	816	December	2021
2466	535	1553	January	2023
2467	4961	1748	June	2020
2468	3053	1661	October	2020
2469	4808	1341	December	2023
2470	5469	1636	January	2021
2471	3700	1985	January	2020
2472	4257	1017	August	2023
2473	5218	895	April	2022
2474	5018	1278	April	2022
2475	375	1913	December	2022
2476	3206	1029	May	2022
2477	3171	1496	March	2020
2478	3495	809	January	2020
2479	4357	1175	July	2020
2480	5117	1342	November	2021
2481	3123	620	December	2020
2482	4525	1012	May	2020
2483	2775	1356	September	2021
2484	4124	1986	November	2021
2485	3003	1639	September	2022
2486	5441	922	March	2021
2487	3459	1562	September	2021
2488	4245	1780	February	2023
2489	2361	1593	November	2020
2490	3028	1002	July	2021
2491	3101	1031	March	2022
2492	3169	958	September	2020
2493	5424	907	September	2022
2494	480	1366	December	2020
2495	3941	867	July	2021
2496	741	644	May	2021
2497	2891	1630	April	2020
2498	2410	706	October	2023
2499	3245	1969	March	2023
2500	3875	979	August	2023
2501	3958	1097	February	2023
2502	285	553	November	2022
2503	2495	773	December	2020
2504	715	1665	December	2023
2505	905	1196	May	2020
2506	4158	950	January	2021
2507	204	1503	June	2021
2508	2834	1870	December	2021
2509	2087	1016	August	2022
2510	2489	1609	February	2020
2511	595	1917	September	2023
2512	1497	993	June	2021
2513	3831	1770	August	2020
2514	3181	1118	April	2021
2515	230	556	February	2020
2516	2161	957	March	2021
2517	1366	1313	April	2020
2518	1855	1765	March	2021
2519	637	1767	July	2020
2520	3265	1800	November	2020
2521	5069	1573	February	2023
2522	4196	667	September	2023
2523	1330	985	May	2020
2524	3529	927	January	2022
2525	3533	1103	March	2022
2526	2417	1403	April	2020
2527	4119	590	March	2021
2528	1122	705	November	2022
2529	1741	594	September	2021
2530	519	992	January	2021
2531	2518	569	August	2023
2532	4526	787	December	2023
2533	1165	1130	September	2021
2534	4476	1742	July	2023
2535	1388	1476	April	2021
2536	1582	1472	January	2023
2537	1199	621	April	2023
2538	5201	1038	March	2020
2539	670	942	April	2021
2540	1922	1472	August	2022
2541	2620	1292	December	2020
2542	1207	1024	December	2020
2543	5482	1813	May	2020
2544	3750	1417	December	2020
2545	93	1699	March	2023
2546	3631	1512	May	2021
2547	138	1905	May	2023
2548	3994	537	May	2021
2549	226	1621	September	2020
2550	4312	1393	March	2021
2551	2242	1183	April	2023
2552	5229	543	October	2020
2553	1759	1872	September	2020
2554	3518	542	July	2021
2555	2588	1721	May	2022
2556	3628	772	September	2022
2557	461	1471	April	2021
2558	994	993	November	2022
2559	4786	1416	October	2022
2560	3839	748	November	2020
2561	4426	1823	June	2021
2562	174	502	March	2023
2563	2695	892	January	2020
2564	1487	1193	June	2022
2565	600	727	May	2023
2566	202	1706	September	2022
2567	1539	1785	March	2023
2568	1394	1323	May	2020
2569	2869	1143	April	2022
2570	1779	925	February	2021
2571	3887	1646	July	2021
2572	2644	870	February	2023
2573	2878	1748	April	2021
2574	3285	1383	September	2022
2575	5375	1392	February	2020
2576	1627	1513	April	2021
2577	3998	1242	September	2021
2578	318	1929	May	2020
2579	2060	1949	October	2023
2580	5057	1840	April	2021
2581	3487	1311	May	2022
2582	1425	1028	September	2021
2583	566	1399	August	2021
2584	5270	615	November	2023
2585	4921	1835	November	2023
2586	2025	1217	March	2021
2587	2201	1449	July	2021
2588	4656	1784	May	2020
2589	2868	588	November	2022
2590	3410	1195	July	2023
2591	880	1483	September	2022
2592	657	906	December	2022
2593	3367	1962	February	2023
2594	2915	678	May	2020
2595	5495	780	May	2020
2596	4051	1015	September	2023
2597	691	566	July	2022
2598	4002	532	June	2022
2599	4271	947	March	2020
2600	784	843	January	2021
2601	1920	1672	February	2022
2602	3893	998	August	2023
2603	624	1176	July	2020
2604	315	711	June	2021
2605	3571	1197	November	2021
2606	2049	1814	August	2021
2607	3572	1499	August	2021
2608	2923	503	March	2021
2609	921	1328	September	2022
2610	1239	1961	February	2020
2611	986	726	November	2020
2612	5034	813	January	2023
2613	3144	591	June	2023
2614	2036	1437	August	2020
2615	4753	973	October	2021
2616	3791	1543	October	2023
2617	2072	1220	June	2020
2618	3198	1823	October	2021
2619	5261	1837	December	2023
2620	4662	767	July	2020
2621	3731	1185	May	2021
2622	2643	1438	January	2020
2623	4773	1062	March	2023
2624	2261	639	November	2022
2625	836	1263	July	2021
2626	3685	1030	September	2022
2627	1896	1466	March	2021
2628	4479	611	March	2023
2629	372	572	April	2023
2630	4951	1542	December	2023
2631	3283	1076	March	2022
2632	4388	1882	September	2020
2633	5093	719	February	2023
2634	5155	848	January	2020
2635	1541	771	September	2022
2636	1579	1884	December	2020
2637	5174	1431	September	2022
2638	4450	1480	June	2020
2639	4216	1504	December	2023
2640	1512	1159	September	2020
2641	3356	1123	October	2022
2642	3142	1921	March	2020
2643	2392	881	February	2023
2644	468	640	January	2023
2645	634	1975	May	2021
2646	4366	1525	February	2021
2647	2168	1995	July	2021
2648	1594	1464	October	2023
2649	3483	1225	March	2020
2650	1376	1926	November	2021
2651	2704	1552	July	2021
2652	2514	1936	November	2021
2653	4435	644	October	2023
2654	4007	1101	January	2020
2655	218	1658	April	2023
2656	3342	1183	January	2021
2657	2799	1218	August	2021
2658	3376	1432	December	2023
2659	1164	1216	May	2021
2660	2451	609	April	2023
2661	3730	1916	October	2021
2662	4063	1404	November	2021
2663	5477	550	August	2022
2664	1242	544	January	2020
2665	1205	536	June	2022
2666	2981	781	January	2022
2667	4612	1720	November	2023
2668	2691	786	September	2022
2669	2013	793	May	2021
2670	1812	601	December	2022
2671	4339	704	April	2023
2672	4894	565	November	2022
2673	247	1050	February	2021
2674	554	898	January	2021
2675	3685	538	May	2020
2676	95	1502	July	2021
2677	941	1177	July	2021
2678	3905	1746	September	2023
2679	1120	1819	December	2021
2680	4991	1535	June	2022
2681	4182	1779	January	2022
2682	1500	1557	August	2022
2683	2545	873	September	2021
2684	3396	675	November	2021
2685	769	1132	July	2023
2686	1887	1819	June	2021
2687	2352	611	December	2023
2688	74	989	January	2020
2689	5223	523	June	2022
2690	502	1524	June	2022
2691	4317	1892	February	2020
2692	2184	617	February	2022
2693	5475	1646	November	2022
2694	2221	1514	March	2021
2695	1022	1567	August	2021
2696	974	835	December	2022
2697	4827	701	June	2023
2698	4753	1024	July	2020
2699	4029	1335	May	2020
2700	1396	1469	April	2020
2701	2310	782	September	2020
2702	5358	931	November	2021
2703	5118	1867	September	2020
2704	3182	1284	February	2022
2705	2119	1600	August	2023
2706	2477	1836	January	2020
2707	4814	900	January	2020
2708	4503	788	October	2023
2709	4664	1846	February	2020
2710	4249	635	July	2020
2711	2821	1180	May	2021
2712	17	728	November	2021
2713	445	940	November	2021
2714	5192	534	October	2021
2715	3035	1402	April	2022
2716	474	1382	March	2022
2717	2807	1059	May	2023
2718	4991	871	August	2021
2719	4506	986	May	2021
2720	2651	1275	June	2023
2721	736	674	September	2020
2722	1675	1959	September	2020
2723	3495	1413	July	2023
2724	771	1540	November	2021
2725	274	1418	December	2023
2726	2869	1801	August	2021
2727	1540	929	June	2020
2728	4563	1053	September	2022
2729	5068	1331	February	2023
2730	516	568	January	2021
2731	520	1331	October	2023
2732	5247	666	December	2022
2733	1484	1759	July	2023
2734	2351	1534	April	2022
2735	3007	891	May	2020
2736	4709	1098	June	2020
2737	4387	1298	August	2021
2738	1400	970	April	2020
2739	5427	1832	March	2022
2740	758	1190	June	2022
2741	697	822	June	2021
2742	3214	512	September	2022
2743	560	1809	November	2020
2744	1528	1071	June	2023
2745	1180	775	February	2021
2746	777	1804	October	2023
2747	1882	1896	January	2020
2748	1486	1800	September	2023
2749	3714	1072	January	2022
2750	544	1068	July	2023
2751	2849	1949	May	2020
2752	4603	1429	March	2023
2753	2982	1298	November	2021
2754	2713	1251	May	2023
2755	274	1499	September	2023
2756	1148	1165	May	2023
2757	5051	522	December	2023
2758	5339	937	April	2020
2759	973	835	May	2022
2760	4398	685	September	2021
2761	1538	1721	October	2023
2762	1155	1129	August	2022
2763	3284	1758	November	2020
2764	2086	1820	January	2023
2765	3784	670	June	2023
2766	1221	1450	May	2021
2767	2422	1270	December	2023
2768	5339	1260	April	2021
2769	3816	1208	December	2020
2770	3371	1650	August	2020
2771	3397	557	May	2022
2772	2903	1565	January	2022
2773	2597	682	December	2021
2774	1356	1688	April	2021
2775	1676	1296	March	2022
2776	1481	1448	August	2020
2777	5112	853	October	2022
2778	4015	1021	February	2023
2779	1068	1651	November	2022
2780	5223	1271	June	2020
2781	3689	1106	June	2023
2782	1385	1471	April	2022
2783	3196	1796	May	2020
2784	1631	1171	August	2021
2785	5336	1069	August	2020
2786	2319	799	December	2022
2787	4347	885	October	2020
2788	2411	1829	April	2021
2789	2706	1731	February	2022
2790	1269	805	April	2022
2791	4207	1017	July	2022
2792	3701	1526	December	2022
2793	4403	1526	April	2022
2794	4901	1285	March	2020
2795	1358	1210	August	2023
2796	5058	1171	February	2021
2797	4361	1276	September	2020
2798	2494	1613	June	2023
2799	3327	1387	November	2022
2800	526	1614	December	2020
2801	4626	1946	June	2022
2802	4923	757	May	2023
2803	3051	1291	August	2021
2804	1063	1283	June	2020
2805	911	1083	September	2021
2806	1456	1214	April	2023
2807	3893	680	November	2020
2808	3496	943	August	2022
2809	394	671	June	2022
2810	1344	864	November	2020
2811	1014	1561	November	2023
2812	3848	959	December	2023
2813	3026	697	July	2020
2814	1983	878	May	2021
2815	226	676	January	2021
2816	5021	1300	December	2022
2817	720	1349	January	2023
2818	1078	600	November	2021
2819	770	1983	January	2021
2820	790	1869	December	2022
2821	1110	1643	January	2023
2822	1197	638	December	2022
2823	3036	1319	May	2020
2824	4856	1860	March	2023
2825	4961	1602	August	2023
2826	548	1314	November	2021
2827	271	662	July	2020
2828	1233	1716	June	2021
2829	2731	860	August	2023
2830	3242	1922	August	2022
2831	4042	1040	September	2022
2832	1270	1618	June	2022
2833	2133	784	June	2021
2834	4636	864	June	2023
2835	567	1085	December	2023
2836	2993	911	January	2023
2837	666	1677	November	2022
2838	2641	1616	March	2023
2839	3521	1136	September	2022
2840	5326	881	December	2020
2841	2042	1385	March	2020
2842	4452	1746	June	2021
2843	2439	1858	November	2022
2844	4840	1086	December	2021
2845	384	1055	September	2021
2846	1689	852	March	2020
2847	4129	998	June	2023
2848	1266	855	September	2020
2849	4649	599	October	2020
2850	1209	1770	August	2021
2851	4325	1749	June	2022
2852	698	1907	October	2020
2853	1230	842	December	2020
2854	772	1420	July	2020
2855	2762	1193	February	2023
2856	1421	1403	November	2022
2857	5155	650	December	2023
2858	3919	700	May	2021
2859	2280	1400	February	2021
2860	5070	1046	September	2022
2861	3328	891	December	2023
2862	2369	1802	February	2021
2863	2670	1445	July	2022
2864	3855	1047	March	2023
2865	2458	1720	January	2023
2866	4571	1848	June	2020
2867	3952	1293	January	2022
2868	1204	1120	July	2023
2869	2043	981	June	2021
2870	2551	1464	December	2020
2871	1725	1905	July	2023
2872	3194	1681	January	2020
2873	1431	1368	November	2020
2874	1380	1431	September	2020
2875	5199	682	July	2023
2876	4561	1551	August	2023
2877	3855	1013	July	2023
2878	1148	906	May	2022
2879	4242	1330	October	2021
2880	3666	988	August	2023
2881	381	1116	August	2021
2882	4149	838	January	2020
2883	4497	1123	November	2022
2884	1598	1557	July	2023
2885	2851	1541	October	2021
2886	3683	1258	May	2022
2887	381	1257	October	2022
2888	2382	1818	March	2023
2889	521	736	September	2022
2890	4412	816	May	2021
2891	1372	1512	March	2022
2892	74	1705	October	2023
2893	2754	1090	February	2022
2894	1000	819	June	2021
2895	1828	1265	June	2023
2896	1956	1439	June	2022
2897	230	612	April	2022
2898	1815	934	October	2020
2899	2534	925	March	2023
2900	1221	961	December	2020
2901	895	928	January	2023
2902	4430	1066	October	2021
2903	5463	1016	May	2022
2904	4247	1169	December	2023
2905	4777	1687	November	2020
2906	1000	1358	October	2022
2907	292	1208	May	2022
2908	4621	1882	April	2022
2909	4497	1500	May	2021
2910	4568	582	March	2020
2911	1981	1097	February	2021
2912	4548	706	June	2020
2913	4520	1700	July	2021
2914	3346	944	April	2021
2915	1368	1880	January	2023
2916	1304	765	December	2023
2917	3899	1743	March	2020
2918	4575	1160	December	2023
2919	1035	1795	June	2022
2920	4106	1846	February	2023
2921	5382	647	May	2021
2922	3935	1290	November	2021
2923	2782	1642	February	2023
2924	1939	1908	October	2021
2925	756	1129	March	2023
2926	328	1742	July	2022
2927	3919	1561	March	2021
2928	2689	746	March	2023
2929	5108	1507	February	2022
2930	5249	1034	October	2021
2931	4235	1581	September	2020
2932	2065	1183	March	2020
2933	2132	1047	December	2023
2934	689	1984	February	2023
2935	1231	1735	May	2021
2936	1323	527	April	2021
2937	4329	904	December	2023
2938	5379	671	May	2023
2939	4400	1636	December	2022
2940	2945	1395	September	2023
2941	1542	810	September	2020
2942	1587	776	December	2021
2943	3414	1380	September	2021
2944	3161	1782	November	2021
2945	4270	1378	September	2022
2946	2405	749	July	2023
2947	1088	1803	May	2020
2948	301	662	June	2022
2949	5418	942	March	2020
2950	1930	1224	March	2020
2951	5086	1012	November	2023
2952	2142	639	July	2023
2953	3035	1780	November	2020
2954	3447	693	September	2023
2955	4027	583	March	2023
2956	902	557	May	2020
2957	477	1160	December	2022
2958	2804	943	May	2023
2959	2204	942	October	2021
2960	2712	1572	November	2020
2961	2759	1899	November	2020
2962	1245	700	December	2022
2963	205	1380	February	2020
2964	3700	1304	June	2023
2965	3991	813	February	2022
2966	3541	984	July	2020
2967	550	1428	June	2021
2968	4064	697	April	2023
2969	2040	777	March	2020
2970	1184	1402	February	2023
2971	5385	1674	January	2021
2972	4513	1976	August	2020
2973	1983	604	November	2022
2974	5342	1440	February	2020
2975	3695	904	December	2023
2976	5470	1487	December	2021
2977	1499	569	October	2020
2978	622	1338	April	2023
2979	4678	829	December	2023
2980	1209	1648	July	2022
2981	4719	716	September	2020
2982	5036	1791	December	2021
2983	1762	1893	April	2022
2984	4023	1606	June	2020
2985	451	610	February	2023
2986	110	1785	January	2022
2987	4745	1178	June	2022
2988	1190	522	June	2023
2989	20	1876	March	2023
2990	2883	1374	December	2020
2991	3720	1817	January	2023
2992	548	1521	December	2022
2993	819	563	September	2021
2994	872	1274	January	2021
2995	783	1892	March	2022
2996	2082	913	February	2020
2997	968	1119	March	2022
2998	4280	659	December	2022
2999	2193	664	May	2022
3000	25	1583	December	2021
3001	1581	1047	February	2022
3002	102	802	June	2021
3003	4842	1065	June	2023
3004	5101	1652	June	2022
3005	212	1347	May	2022
3006	4496	621	January	2020
3007	3410	1165	June	2022
3008	4192	1431	April	2021
3009	61	1887	May	2022
3010	1911	1334	February	2023
3011	2486	1822	November	2022
3012	4189	1545	May	2021
3013	1536	1923	February	2023
3014	4587	1411	October	2021
3015	2822	936	December	2022
3016	1499	1445	December	2022
3017	3234	1863	March	2023
3018	2806	655	September	2022
3019	4223	1351	June	2021
3020	3196	1635	April	2020
3021	5030	593	October	2020
3022	1995	540	November	2022
3023	3185	1804	October	2021
3024	1031	1083	November	2023
3025	1382	1690	June	2020
3026	2846	653	July	2020
3027	1624	736	March	2022
3028	4654	662	September	2020
3029	1150	1915	January	2020
3030	3535	1286	July	2020
3031	3847	1331	July	2020
3032	3733	1023	January	2021
3033	3413	735	July	2020
3034	2454	839	July	2021
3035	2606	1858	July	2022
3036	3089	1171	February	2021
3037	318	890	December	2022
3038	5379	1564	October	2021
3039	3108	730	March	2020
3040	4775	1481	November	2020
3041	2786	877	May	2021
3042	3030	733	March	2023
3043	306	1575	July	2023
3044	1867	902	April	2022
3045	4719	677	March	2022
3046	4540	1765	August	2022
3047	5318	1061	February	2023
3048	5398	968	November	2021
3049	680	1011	November	2021
3050	3382	608	August	2020
3051	2814	1753	March	2020
3052	462	682	June	2020
3053	3537	1405	August	2022
3054	2525	1965	April	2023
3055	5163	1452	August	2023
3056	3470	1143	June	2021
3057	5236	1003	March	2020
3058	3013	757	February	2023
3059	2232	1099	July	2023
3060	1728	998	October	2023
3061	2066	947	March	2020
3062	991	1943	March	2020
3063	1996	980	March	2022
3064	402	872	July	2020
3065	5257	1439	October	2021
3066	5178	1273	June	2022
3067	17	1690	October	2022
3068	682	973	August	2022
3069	5297	1117	October	2020
3070	3355	983	May	2021
3071	5498	1692	January	2023
3072	1125	1301	July	2020
3073	700	929	November	2022
3074	449	1062	November	2021
3075	942	517	February	2022
3076	1266	526	April	2023
3077	1161	1164	November	2020
3078	3200	1125	September	2021
3079	3620	1640	January	2022
3080	4110	1830	May	2020
3081	3541	764	April	2022
3082	866	1957	May	2020
3083	850	656	December	2023
3084	1979	801	July	2020
3085	1095	666	September	2022
3086	5485	772	March	2023
3087	931	515	January	2022
3088	1440	537	April	2020
3089	85	1143	May	2022
3090	3160	537	June	2021
3091	2515	1266	December	2023
3092	2122	876	November	2022
3093	4722	926	December	2022
3094	2685	1373	December	2022
3095	3358	1467	June	2020
3096	1660	561	September	2022
3097	3296	1133	March	2020
3098	4055	1582	December	2023
3099	90	1279	August	2021
3100	6	1636	September	2021
3101	3710	618	November	2021
3102	3886	1065	October	2022
3103	5395	710	October	2022
3104	2786	732	April	2021
3105	3944	1629	June	2022
3106	4775	973	April	2021
3107	390	1556	January	2020
3108	3078	636	October	2021
3109	487	724	January	2023
3110	4265	1574	August	2021
3111	1389	960	March	2021
3112	4226	1396	May	2020
3113	1493	524	January	2021
3114	725	755	October	2021
3115	4524	1638	December	2021
3116	1108	1413	October	2020
3117	2540	1968	February	2020
3118	4413	1503	November	2021
3119	4102	1836	December	2023
3120	473	964	August	2021
3121	4955	1995	August	2021
3122	3363	1238	June	2022
3123	4853	1741	December	2020
3124	2389	1229	October	2020
3125	2031	1595	September	2022
3126	824	1815	January	2020
3127	2033	1641	June	2020
3128	3828	1030	May	2021
3129	5359	1870	March	2021
3130	2117	1179	June	2020
3131	5385	1767	August	2022
3132	2324	758	March	2023
3133	2372	1480	April	2021
3134	3489	1696	February	2022
3135	3652	1181	July	2020
3136	616	547	January	2020
3137	3134	696	October	2022
3138	1229	1863	November	2022
3139	4993	1709	May	2023
3140	5078	1054	August	2021
3141	2866	1045	January	2020
3142	2428	1029	August	2022
3143	2155	737	November	2022
3144	3329	693	August	2020
3145	3617	1848	September	2023
3146	3249	834	November	2023
3147	2154	1920	April	2022
3148	3495	1459	October	2023
3149	2355	1529	September	2022
3150	1721	621	March	2022
3151	5345	979	December	2023
3152	1753	538	May	2023
3153	5057	648	May	2020
3154	3465	1007	March	2022
3155	3426	1695	October	2020
3156	435	786	September	2020
3157	1596	1253	August	2023
3158	4556	1849	March	2022
3159	3641	978	May	2022
3160	2562	1027	December	2023
3161	2602	1569	July	2023
3162	5147	1352	June	2020
3163	2905	1894	November	2023
3164	1013	1948	June	2021
3165	2544	1294	April	2021
3166	1477	1007	August	2021
3167	4494	561	July	2020
3168	5111	979	December	2021
3169	2357	1075	November	2022
3170	3173	1768	August	2022
3171	1747	1158	August	2021
3172	1726	1096	February	2022
3173	2906	1636	December	2021
3174	3969	1937	December	2021
3175	4610	1728	November	2022
3176	3232	1743	May	2021
3177	1804	806	July	2022
3178	3988	708	October	2023
3179	2217	678	November	2022
3180	3466	1715	July	2022
3181	250	1853	February	2022
3182	4944	1855	August	2023
3183	2421	1370	November	2022
3184	661	1432	April	2020
3185	4873	1011	March	2022
3186	5328	1898	April	2023
3187	1747	1099	April	2020
3188	4874	1270	March	2023
3189	3203	626	December	2022
3190	1806	1725	July	2023
3191	896	1741	May	2022
3192	951	1372	January	2021
3193	2947	1372	February	2021
3194	3640	1745	August	2020
3195	378	1057	May	2021
3196	1369	589	January	2022
3197	477	1822	July	2020
3198	2474	1965	October	2021
3199	1463	984	November	2021
3200	29	1313	November	2022
3201	3929	878	June	2022
3202	1294	831	April	2020
3203	2926	1894	December	2021
3204	1136	830	June	2020
3205	4340	1151	August	2021
3206	3062	643	November	2022
3207	343	1733	September	2022
3208	2775	1184	November	2020
3209	3878	1970	December	2022
3210	4246	1813	September	2020
3211	533	1405	June	2022
3212	3139	956	October	2021
3213	1646	1800	March	2020
3214	3120	1123	February	2020
3215	771	1649	January	2020
3216	1788	560	August	2021
3217	3719	577	August	2022
3218	4422	1951	June	2020
3219	2603	1098	February	2022
3220	5190	622	August	2021
3221	1981	1507	August	2020
3222	1354	531	April	2020
3223	2356	1882	April	2021
3224	5028	1148	March	2022
3225	691	1435	April	2021
3226	3461	770	May	2023
3227	3064	1841	November	2020
3228	1733	955	October	2023
3229	4654	1617	January	2023
3230	303	886	January	2022
3231	821	714	September	2022
3232	2233	1422	May	2022
3233	4684	1724	September	2022
3234	4757	1288	February	2021
3235	3465	1972	March	2023
3236	3450	1263	May	2021
3237	2785	1194	December	2022
3238	2467	1278	September	2021
3239	1638	1178	August	2020
3240	52	594	March	2021
3241	2900	1448	November	2021
3242	5184	1176	August	2020
3243	2978	1636	April	2022
3244	2674	779	August	2021
3245	976	1073	July	2023
3246	5362	1969	March	2023
3247	997	658	October	2023
3248	4920	1958	October	2023
3249	3161	1717	January	2022
3250	4133	527	November	2021
3251	4152	908	March	2023
3252	1006	1570	April	2023
3253	135	1304	July	2021
3254	556	1703	September	2022
3255	5016	1817	March	2022
3256	1711	1085	July	2020
3257	3036	1079	January	2022
3258	1332	1725	May	2020
3259	5060	1026	June	2022
3260	2476	1427	April	2021
3261	2014	879	May	2023
3262	621	1251	October	2022
3263	5239	569	February	2021
3264	321	590	January	2021
3265	5045	1184	May	2022
3266	4544	1089	March	2021
3267	3256	1736	April	2020
3268	3386	1998	March	2022
3269	1197	1812	January	2020
3270	242	1189	June	2020
3271	4083	1641	October	2022
3272	994	1323	September	2022
3273	1488	1950	September	2023
3274	315	1123	March	2023
3275	2695	1622	January	2023
3276	4097	1987	November	2021
3277	4182	1736	May	2021
3278	3441	1747	December	2021
3279	5115	759	May	2020
3280	2823	1285	December	2023
3281	4159	1676	November	2023
3282	3257	1901	September	2023
3283	2637	954	May	2021
3284	3082	1112	April	2021
3285	4039	808	March	2022
3286	4603	609	April	2020
3287	1651	1481	March	2023
3288	2528	1943	August	2023
3289	1730	773	December	2021
3290	1503	641	March	2020
3291	4917	1285	July	2021
3292	1764	1004	February	2022
3293	1301	600	May	2020
3294	3651	1835	December	2022
3295	1721	962	November	2022
3296	2893	734	October	2021
3297	4117	1082	August	2020
3298	1136	1978	February	2022
3299	5345	1134	November	2020
3300	1602	1399	March	2022
3301	3683	1762	December	2020
3302	4808	1953	June	2021
3303	4504	1456	January	2023
3304	5481	1554	March	2021
3305	1879	1813	December	2023
3306	654	1325	March	2022
3307	3113	1331	November	2023
3308	2243	1355	November	2022
3309	4912	1578	May	2022
3310	2662	1347	September	2023
3311	4931	1807	April	2021
3312	1312	1193	November	2021
3313	676	1809	April	2022
3314	2716	1298	August	2020
3315	5338	1776	January	2020
3316	1291	1611	January	2022
3317	5479	1442	September	2020
3318	2603	868	October	2023
3319	2521	659	May	2020
3320	1311	1177	January	2020
3321	4218	1364	January	2022
3322	1339	1486	November	2022
3323	1070	1289	April	2021
3324	4971	1231	January	2021
3325	2043	1986	September	2021
3326	1412	757	September	2023
3327	1927	1751	February	2020
3328	300	1091	October	2023
3329	3930	557	October	2021
3330	1489	1875	December	2021
3331	2281	1418	November	2023
3332	236	1361	October	2023
3333	4156	935	October	2021
3334	3649	879	March	2021
3335	1368	554	October	2020
3336	4212	1684	September	2020
3337	4144	1449	November	2021
3338	2075	1884	January	2023
3339	2611	1843	August	2023
3340	5427	777	January	2023
3341	3116	1832	March	2023
3342	4505	1654	March	2022
3343	4779	1465	May	2022
3344	5319	531	November	2020
3345	2645	1246	July	2020
3346	2096	1969	September	2022
3347	5490	1774	August	2023
3348	5242	1402	November	2020
3349	390	1524	April	2023
3350	1263	1787	May	2021
3351	3381	1480	December	2021
3352	328	1904	January	2021
3353	55	1290	April	2023
3354	2672	1789	December	2022
3355	3575	1761	August	2020
3356	4623	1503	September	2021
3357	2770	1290	September	2023
3358	1437	1961	February	2023
3359	2886	1133	November	2023
3360	2551	1138	November	2023
3361	862	1816	December	2023
3362	1582	1996	January	2020
3363	3246	1326	March	2020
3364	1641	845	July	2023
3365	1113	1212	February	2023
3366	761	1364	July	2022
3367	5232	996	August	2021
3368	5199	703	February	2020
3369	1883	1474	June	2021
3370	4575	1968	November	2021
3371	4743	1243	August	2021
3372	5437	1380	July	2021
3373	438	922	July	2023
3374	2686	865	June	2022
3375	4739	580	December	2023
3376	1574	1204	February	2020
3377	1768	694	December	2021
3378	1410	548	November	2022
3379	2939	1414	April	2022
3380	386	1732	September	2021
3381	3889	1433	May	2023
3382	3755	590	September	2021
3383	892	1146	December	2021
3384	495	1703	June	2021
3385	879	1087	July	2023
3386	1146	1255	March	2021
3387	4619	1397	May	2021
3388	2511	525	February	2022
3389	2293	840	December	2022
3390	1558	858	August	2023
3391	4022	1081	May	2022
3392	5084	1242	July	2022
3393	2904	1447	May	2020
3394	2751	1862	September	2021
3395	117	920	May	2022
3396	1599	1345	February	2020
3397	5478	655	December	2023
3398	4360	1159	July	2020
3399	780	949	January	2020
3400	4600	1819	April	2020
3401	880	1770	July	2022
3402	1412	1042	February	2022
3403	1364	1743	August	2020
3404	3049	538	January	2022
3405	52	1258	May	2022
3406	5448	1254	March	2023
3407	2920	574	April	2023
3408	2441	1829	March	2022
3409	3790	969	February	2023
3410	3039	1433	October	2023
3411	3934	1656	November	2021
3412	2843	1693	March	2020
3413	5247	1809	February	2021
3414	5076	689	October	2022
3415	4031	832	February	2021
3416	3863	519	March	2023
3417	4656	1149	May	2021
3418	299	1985	November	2021
3419	4635	1576	March	2022
3420	1050	970	June	2023
3421	1733	794	July	2023
3422	4519	1304	August	2020
3423	1811	1551	July	2021
3424	4467	1314	August	2023
3425	5088	1229	December	2023
3426	3245	1597	April	2023
3427	2799	1300	February	2022
3428	700	1848	September	2020
3429	4611	638	May	2021
3430	4122	1138	December	2021
3431	3490	1980	September	2021
3432	3586	793	February	2023
3433	2957	1506	November	2023
3434	2174	1983	January	2020
3435	4428	1939	May	2020
3436	258	1493	July	2021
3437	1348	1476	February	2023
3438	5152	1131	March	2022
3439	4736	1446	September	2020
3440	5314	1431	January	2021
3441	4160	1856	January	2022
3442	4609	1976	April	2023
3443	141	1371	August	2020
3444	341	1774	August	2020
3445	5403	1237	December	2022
3446	2395	1909	January	2023
3447	2370	1780	April	2020
3448	3768	762	June	2020
3449	4281	1310	January	2021
3450	4215	1564	January	2022
3451	2359	1169	November	2022
3452	694	1625	April	2020
3453	5090	1397	April	2020
3454	3998	1928	December	2020
3455	2623	1911	August	2022
3456	2034	1722	September	2022
3457	3413	1435	December	2022
3458	1535	1386	February	2021
3459	426	1665	June	2023
3460	3931	1289	February	2022
3461	815	924	May	2021
3462	4041	570	February	2023
3463	3133	637	January	2022
3464	3281	1865	December	2022
3465	4831	1136	April	2021
3466	5386	1358	September	2021
3467	5214	783	May	2022
3468	1030	919	December	2020
3469	3030	1156	March	2022
3470	5261	921	August	2022
3471	2641	880	July	2022
3472	3257	1852	March	2022
3473	2800	1623	February	2021
3474	285	1093	March	2023
3475	330	1904	March	2020
3476	2597	1641	March	2022
3477	2725	1082	July	2022
3478	2863	1532	February	2023
3479	4908	1496	October	2023
3480	3794	844	May	2021
3481	3829	1318	July	2022
3482	660	1648	April	2022
3483	5020	593	November	2021
3484	4367	1891	January	2021
3485	3473	700	July	2020
3486	3422	1251	July	2022
3487	333	777	April	2023
3488	577	796	November	2023
3489	4076	1941	February	2021
3490	552	1114	July	2023
3491	3668	560	September	2020
3492	4489	1381	January	2022
3493	3782	946	June	2023
3494	1032	1655	October	2020
3495	3300	753	January	2020
3496	2193	664	September	2021
3497	3692	1741	July	2021
3498	5307	1161	October	2023
3499	4823	1203	October	2021
3500	3685	626	August	2022
3501	4402	1527	December	2023
3502	2726	1571	August	2020
3503	4154	1222	May	2020
3504	1018	1867	January	2022
3505	555	1955	July	2020
3506	1864	1364	July	2022
3507	2694	686	December	2020
3508	2086	1747	February	2022
3509	3199	1950	August	2021
3510	5156	1220	April	2020
3511	571	1880	July	2020
3512	4879	952	February	2023
3513	3014	1018	November	2023
3514	406	677	March	2022
3515	1134	1225	October	2021
3516	923	1636	December	2022
3517	2523	631	November	2021
3518	2059	980	October	2023
3519	872	1458	October	2020
3520	4104	965	November	2023
3521	5051	1545	November	2021
3522	3891	865	November	2021
3523	854	634	February	2020
3524	939	1309	June	2021
3525	1389	1480	April	2021
3526	2554	633	March	2020
3527	1856	1062	January	2020
3528	2800	1553	November	2022
3529	1905	1765	January	2021
3530	4688	1591	May	2023
3531	5182	1510	October	2021
3532	4170	1488	October	2021
3533	3509	1503	March	2022
3534	552	647	April	2023
3535	791	886	September	2023
3536	2253	1542	October	2022
3537	421	1727	April	2023
3538	4827	1567	June	2021
3539	3060	562	July	2021
3540	985	1662	June	2022
3541	4233	1187	August	2023
3542	1538	1412	August	2023
3543	1712	976	August	2020
3544	4504	1745	February	2021
3545	5101	965	October	2022
3546	4422	1406	October	2023
3547	2220	949	October	2020
3548	1346	1179	August	2023
3549	3497	1232	November	2023
3550	4527	1649	July	2021
3551	4029	1148	March	2021
3552	4019	1492	June	2023
3553	1101	757	March	2022
3554	1779	1458	April	2023
3555	708	867	February	2022
3556	631	1311	December	2023
3557	3029	1567	August	2020
3558	2409	785	April	2023
3559	4623	1146	June	2021
3560	5134	1543	October	2022
3561	227	1290	February	2021
3562	1658	1180	January	2021
3563	4425	1866	January	2023
3564	3169	703	August	2021
3565	2930	1513	July	2023
3566	722	1794	December	2021
3567	4002	536	August	2022
3568	3444	829	December	2021
3569	5115	843	July	2022
3570	1874	1310	June	2021
3571	5331	1223	September	2023
3572	21	1612	July	2023
3573	5097	1652	February	2021
3574	5126	1611	January	2020
3575	3674	746	February	2023
3576	1887	1723	May	2020
3577	995	545	March	2021
3578	1455	738	December	2020
3579	800	841	November	2021
3580	3664	638	January	2022
3581	3770	1529	February	2021
3582	4421	604	November	2021
3583	3766	1673	February	2022
3584	3034	941	December	2021
3585	2971	1012	February	2023
3586	5365	880	December	2021
3587	5327	1579	March	2023
3588	69	557	March	2020
3589	1887	1566	November	2021
3590	408	1597	May	2020
3591	1647	1967	February	2020
3592	623	840	October	2020
3593	2593	1436	October	2022
3594	2549	501	November	2021
3595	987	1576	September	2021
3596	1608	856	January	2021
3597	717	1648	March	2021
3598	1073	1093	May	2021
3599	2532	1567	August	2020
3600	5480	1694	October	2021
3601	1510	1280	March	2020
3602	2274	1750	December	2021
3603	1545	1619	March	2021
3604	3270	1779	May	2020
3605	798	925	March	2021
3606	852	1332	December	2020
3607	337	787	July	2023
3608	4108	1611	January	2022
3609	5270	1875	October	2023
3610	2667	566	March	2023
3611	3721	1826	June	2022
3612	3656	516	October	2021
3613	330	1470	August	2021
3614	5234	1806	September	2020
3615	5257	1204	February	2022
3616	3366	1435	January	2023
3617	4589	1102	October	2023
3618	3922	959	February	2023
3619	2049	1157	April	2020
3620	4336	1645	July	2022
3621	1146	1398	July	2023
3622	4338	754	September	2020
3623	2044	784	April	2021
3624	4760	1140	June	2023
3625	4849	1191	February	2023
3626	1723	1337	July	2020
3627	4256	1959	April	2022
3628	3327	1778	February	2023
3629	4935	672	January	2022
3630	5301	787	July	2022
3631	2764	1700	July	2020
3632	3282	1421	April	2020
3633	2632	550	August	2021
3634	5464	1035	July	2021
3635	791	1274	June	2022
3636	665	1950	June	2020
3637	5431	1315	August	2020
3638	5352	768	February	2022
3639	499	1579	March	2020
3640	2228	1758	July	2022
3641	2022	1192	August	2022
3642	952	1566	September	2021
3643	1592	984	January	2022
3644	1249	1568	September	2020
3645	3395	1428	February	2020
3646	1821	991	June	2023
3647	1005	1415	June	2021
3648	3148	1672	December	2020
3649	510	1330	February	2021
3650	715	500	May	2023
3651	56	863	February	2020
3652	1876	1707	April	2022
3653	1017	1287	March	2020
3654	3213	1110	November	2020
3655	472	1808	June	2020
3656	3370	1297	November	2022
3657	2610	987	February	2020
3658	5208	1601	May	2022
3659	5315	1185	January	2022
3660	5491	1006	April	2022
3661	4310	654	April	2021
3662	387	1865	February	2020
3663	3612	1588	May	2022
3664	2551	1604	July	2023
3665	2564	1677	April	2023
3666	4294	1042	April	2020
3667	3651	1742	August	2023
3668	847	695	June	2022
3669	3489	1913	December	2022
3670	2829	1366	September	2023
3671	945	1058	February	2022
3672	4157	956	December	2020
3673	4027	574	December	2021
3674	4617	866	January	2023
3675	895	1380	August	2020
3676	4084	1629	September	2020
3677	206	870	October	2023
3678	3184	1138	February	2021
3679	2937	1473	March	2020
3680	2537	816	June	2022
3681	4573	838	September	2023
3682	3661	688	April	2021
3683	2159	1330	December	2022
3684	4594	768	March	2021
3685	3768	1687	February	2020
3686	34	508	February	2020
3687	50	1638	June	2021
3688	2914	913	June	2021
3689	3933	682	February	2023
3690	5123	888	February	2021
3691	2975	1745	November	2023
3692	4016	1444	September	2022
3693	133	555	July	2021
3694	2959	682	September	2020
3695	1861	1238	July	2023
3696	230	1371	November	2020
3697	1491	1140	August	2023
3698	2132	1628	April	2020
3699	4479	1344	April	2022
3700	4327	1521	March	2021
3701	1618	812	September	2020
3702	1335	1553	October	2023
3703	1154	1090	October	2020
3704	1127	1674	May	2020
3705	3007	584	July	2020
3706	1846	1141	August	2021
3707	4257	1955	December	2021
3708	4902	791	March	2020
3709	1354	1901	January	2023
3710	5126	1294	June	2023
3711	2077	553	November	2020
3712	2852	1309	January	2021
3713	293	999	April	2023
3714	3518	1343	May	2020
3715	713	1792	August	2022
3716	1208	1115	February	2020
3717	3379	611	October	2020
3718	2882	1080	March	2020
3719	776	1339	December	2021
3720	2058	1758	November	2020
3721	753	1343	June	2020
3722	593	671	August	2020
3723	1388	700	July	2023
3724	1292	1038	August	2021
3725	3346	692	March	2021
3726	1290	1147	June	2023
3727	2578	1770	October	2021
3728	3836	1656	December	2021
3729	2277	1624	March	2023
3730	4012	1059	November	2023
3731	284	681	September	2020
3732	850	514	December	2023
3733	1858	547	April	2023
3734	4823	1989	April	2022
3735	917	1993	March	2022
3736	4266	1436	October	2022
3737	402	1807	April	2023
3738	3052	1903	January	2020
3739	1696	1705	May	2022
3740	753	882	April	2020
3741	1057	1239	March	2022
3742	2464	846	January	2021
3743	4236	1802	May	2021
3744	4640	844	June	2023
3745	1783	1293	April	2022
3746	3472	1935	October	2022
3747	953	1220	March	2023
3748	340	1849	March	2020
3749	3732	1861	June	2022
3750	794	1643	November	2021
3751	172	1681	May	2022
3752	4955	902	February	2023
3753	4434	996	May	2021
3754	129	569	July	2022
3755	1408	647	April	2022
3756	4042	666	November	2022
3757	172	1631	March	2020
3758	2277	1391	April	2023
3759	1260	1578	January	2020
3760	5068	1979	April	2022
3761	686	1510	May	2020
3762	4886	1914	July	2022
3763	141	894	March	2020
3764	5251	1442	August	2023
3765	1016	1892	December	2022
3766	5379	1214	December	2022
3767	4298	1353	May	2020
3768	2157	777	March	2023
3769	1069	1425	November	2022
3770	5333	1558	January	2020
3771	1984	656	May	2022
3772	3133	1217	March	2023
3773	1711	1691	August	2022
3774	3286	1585	November	2022
3775	3747	504	June	2022
3776	1113	822	April	2022
3777	1703	1085	January	2023
3778	5169	1056	November	2022
3779	4325	1094	June	2020
3780	4519	1400	May	2021
3781	149	1904	February	2022
3782	5353	981	September	2021
3783	4372	728	September	2021
3784	3087	622	June	2021
3785	5314	1184	August	2020
3786	3071	1240	September	2023
3787	411	1893	March	2023
3788	4874	1881	October	2023
3789	2797	1114	November	2021
3790	5097	1795	April	2022
3791	2920	1203	June	2023
3792	4813	1458	February	2021
3793	1209	668	October	2022
3794	797	1540	August	2023
3795	5037	1230	December	2022
3796	858	674	February	2020
3797	4897	1056	December	2021
3798	1217	1119	December	2020
3799	2408	931	January	2022
3800	1719	980	March	2021
3801	3122	777	February	2022
3802	3837	662	January	2022
3803	4046	1341	July	2022
3804	1383	1777	August	2023
3805	4051	1632	August	2020
3806	933	540	January	2023
3807	3473	1297	August	2020
3808	4025	1872	June	2021
3809	5246	1227	February	2021
3810	1073	1206	October	2023
3811	1129	894	April	2023
3812	1506	1037	May	2020
3813	2755	1097	January	2020
3814	1887	1820	February	2023
3815	211	966	January	2020
3816	2920	1668	January	2022
3817	4322	639	May	2023
3818	3616	1185	May	2022
3819	4020	1290	January	2023
3820	1541	1455	June	2021
3821	67	567	March	2023
3822	795	1503	November	2021
3823	3956	594	June	2021
3824	1536	604	March	2022
3825	1606	1270	December	2021
3826	3899	1786	July	2022
3827	3940	1970	February	2022
3828	4867	590	January	2020
3829	2709	1269	August	2021
3830	4878	881	August	2020
3831	425	1118	March	2022
3832	3787	817	September	2022
3833	3960	867	April	2021
3834	1254	930	April	2022
3835	2772	1337	April	2023
3836	1335	1343	November	2021
3837	2752	1811	December	2020
3838	5155	1076	November	2022
3839	2701	1792	September	2021
3840	4315	928	October	2021
3841	3876	872	April	2020
3842	4472	1666	March	2020
3843	4344	1553	May	2023
3844	334	1361	February	2022
3845	4387	1322	March	2021
3846	749	1809	January	2020
3847	4219	710	October	2021
3848	5425	1039	February	2020
3849	2658	1725	January	2020
3850	5305	1055	September	2021
3851	667	588	April	2022
3852	4893	1884	July	2021
3853	3485	913	April	2020
3854	3793	768	July	2022
3855	330	1685	May	2021
3856	3945	958	July	2023
3857	4421	563	April	2020
3858	1286	1445	May	2020
3859	4550	634	October	2021
3860	4884	1978	September	2020
3861	1381	1554	July	2023
3862	5315	1118	February	2021
3863	1251	1368	September	2021
3864	1268	1553	August	2020
3865	374	1968	October	2022
3866	4257	1297	December	2020
3867	2516	518	June	2022
3868	4390	1160	July	2023
3869	1457	1100	September	2021
3870	3832	691	July	2022
3871	1785	1234	February	2023
3872	4851	1548	May	2023
3873	4086	1776	October	2020
3874	1096	1143	September	2020
3875	1153	1145	December	2021
3876	4547	897	January	2023
3877	3070	1759	December	2022
3878	5380	825	February	2023
3879	2079	1925	March	2020
3880	2355	1356	January	2021
3881	4267	1956	September	2022
3882	2027	1901	September	2023
3883	2086	1656	July	2022
3884	1319	645	February	2021
3885	976	1010	October	2021
3886	4339	1045	November	2022
3887	2106	856	January	2021
3888	4525	1240	August	2020
3889	177	1305	September	2022
3890	909	1043	October	2022
3891	4240	712	January	2022
3892	2188	1064	February	2022
3893	2454	1991	April	2020
3894	5198	1168	January	2023
3895	1554	1998	July	2023
3896	1190	878	May	2022
3897	1958	1219	May	2022
3898	3957	1244	December	2022
3899	378	501	September	2022
3900	910	1042	June	2020
3901	2353	879	December	2023
3902	1201	1477	April	2021
3903	1446	1832	July	2023
3904	4072	691	March	2023
3905	419	1689	July	2020
3906	2443	1178	February	2023
3907	3619	542	July	2021
3908	862	1880	April	2021
3909	4834	1500	September	2022
3910	3119	1989	May	2022
3911	5150	1900	March	2022
3912	2487	1796	October	2023
3913	4831	1070	July	2021
3914	39	1314	February	2020
3915	2753	706	April	2021
3916	2398	1983	May	2022
3917	3649	1656	August	2020
3918	1232	517	August	2021
3919	1473	1543	November	2021
3920	4583	1021	May	2021
3921	5127	764	August	2020
3922	673	990	May	2022
3923	3631	520	June	2023
3924	367	1115	November	2023
3925	3235	995	July	2020
3926	4598	622	February	2021
3927	4993	1508	February	2021
3928	2737	1482	August	2020
3929	3989	1658	September	2023
3930	974	615	May	2023
3931	436	1299	February	2020
3932	4582	1613	May	2020
3933	13	1754	May	2022
3934	1563	1543	March	2020
3935	2719	1968	March	2020
3936	670	1793	February	2020
3937	4730	1260	January	2021
3938	4656	1828	April	2020
3939	5336	695	June	2022
3940	3792	1279	February	2022
3941	2350	1646	June	2020
3942	2824	547	January	2020
3943	758	1603	June	2023
3944	4665	1084	April	2022
3945	5013	1318	January	2020
3946	1260	1733	December	2023
3947	5369	1680	July	2022
3948	3552	1994	October	2020
3949	376	1429	December	2022
3950	4411	1136	May	2021
3951	4865	1209	June	2023
3952	2469	566	May	2022
3953	2312	1355	August	2020
3954	1662	1459	June	2023
3955	2332	1428	January	2023
3956	3292	968	September	2021
3957	5039	1291	February	2023
3958	3875	770	November	2020
3959	3312	571	February	2020
3960	2419	1209	March	2021
3961	2561	1512	November	2022
3962	1630	1703	April	2021
3963	5114	1179	October	2020
3964	2040	1917	May	2020
3965	2845	534	September	2021
3966	144	1971	November	2021
3967	5315	1754	April	2021
3968	4871	1679	March	2023
3969	4721	1965	May	2021
3970	2670	1689	December	2020
3971	2714	803	November	2021
3972	1489	1714	July	2021
3973	4172	1824	September	2023
3974	490	1543	July	2022
3975	4933	1637	October	2021
3976	3835	1250	February	2020
3977	4469	1444	March	2022
3978	775	803	September	2023
3979	1207	1820	January	2022
3980	4408	1046	October	2023
3981	1651	938	October	2023
3982	481	1569	January	2021
3983	1382	1024	February	2023
3984	2885	1782	December	2022
3985	205	658	June	2020
3986	4799	1467	August	2021
3987	1570	1026	March	2023
3988	5322	575	May	2022
3989	1061	1900	June	2022
3990	2561	1869	July	2022
3991	529	529	January	2022
3992	4716	1028	November	2021
3993	5448	761	May	2023
3994	3891	1214	November	2022
3995	2354	1138	May	2021
3996	4307	1457	August	2021
3997	3461	1809	April	2021
3998	4250	1144	February	2020
3999	1121	1877	October	2023
4000	342	1250	August	2022
4001	3509	770	July	2023
4002	1311	1102	July	2022
4003	4171	720	June	2022
4004	4424	1892	July	2020
4005	3153	1752	September	2023
4006	4077	978	May	2023
4007	4124	957	April	2020
4008	1901	1812	May	2021
4009	1077	780	February	2023
4010	4513	1610	January	2020
4011	3496	1370	October	2023
4012	4728	1987	December	2022
4013	2046	663	November	2023
4014	3608	1156	May	2021
4015	4339	1769	September	2021
4016	830	1576	September	2023
4017	2887	1994	April	2021
4018	5261	1733	October	2020
4019	628	1066	May	2023
4020	4687	1734	September	2021
4021	2837	1752	November	2021
4022	5305	1452	July	2020
4023	1351	522	December	2020
4024	5357	668	January	2020
4025	30	1412	December	2023
4026	3196	896	January	2021
4027	3291	1691	November	2020
4028	387	778	March	2022
4029	2519	1466	July	2021
4030	614	1737	January	2023
4031	2095	1518	October	2021
4032	2786	1469	May	2020
4033	1203	878	May	2021
4034	42	1971	December	2021
4035	1427	552	December	2023
4036	2445	1413	November	2021
4037	1518	1826	February	2020
4038	285	1043	April	2023
4039	4457	1277	February	2022
4040	4346	1616	December	2023
4041	275	501	June	2021
4042	4688	649	February	2020
4043	3901	727	August	2020
4044	3457	1557	October	2022
4045	2679	854	May	2023
4046	1669	895	June	2023
4047	1455	1694	March	2022
4048	2798	1575	June	2022
4049	1228	1665	September	2022
4050	2716	1690	October	2022
4051	2796	803	January	2020
4052	4028	1538	October	2022
4053	5000	659	May	2020
4054	4790	561	December	2022
4055	4761	720	October	2022
4056	4108	1229	September	2023
4057	2843	743	August	2022
4058	5220	1334	July	2022
4059	960	1777	March	2023
4060	2704	1735	March	2022
4061	719	1569	June	2023
4062	2759	798	February	2021
4063	1299	1674	January	2023
4064	1396	655	February	2023
4065	509	1407	March	2023
4066	1641	877	April	2023
4067	2991	1425	August	2022
4068	2210	1119	November	2023
4069	4192	833	March	2022
4070	1676	1689	July	2023
4071	310	1704	November	2022
4072	5130	722	August	2022
4073	4205	1111	December	2021
4074	5409	581	April	2021
4075	4848	1186	February	2022
4076	1129	1402	September	2020
4077	342	1421	February	2021
4078	2699	973	October	2020
4079	1250	1723	February	2022
4080	4637	1939	November	2020
4081	5251	603	June	2021
4082	3726	1153	September	2021
4083	5371	1548	August	2023
4084	235	1733	October	2022
4085	4206	1936	August	2020
4086	986	1986	August	2021
4087	1025	1884	June	2021
4088	2009	1421	January	2020
4089	748	739	August	2022
4090	2504	776	March	2022
4091	2740	1463	April	2023
4092	898	1727	November	2023
4093	2855	753	October	2022
4094	3453	1921	June	2020
4095	5459	1524	July	2023
4096	3302	1286	March	2020
4097	1209	797	August	2023
4098	5386	1600	June	2020
4099	722	1685	March	2020
4100	4201	919	June	2022
4101	853	1550	March	2023
4102	2830	882	May	2022
4103	560	1348	March	2022
4104	283	1143	July	2023
4105	826	605	January	2020
4106	2322	1460	April	2021
4107	5068	1141	August	2023
4108	360	1787	March	2022
4109	5290	1106	November	2022
4110	1435	1868	September	2022
4111	569	915	September	2021
4112	4948	612	March	2022
4113	2707	1450	February	2023
4114	47	1263	December	2020
4115	33	1110	January	2021
4116	2418	1082	October	2021
4117	2489	1276	October	2022
4118	3523	1908	February	2020
4119	1021	1419	January	2020
4120	3141	524	September	2021
4121	3397	1627	June	2023
4122	2503	1102	October	2022
4123	5250	1561	July	2021
4124	3662	1568	January	2020
4125	515	642	February	2022
4126	1462	1201	January	2021
4127	849	1633	January	2023
4128	1039	642	November	2023
4129	115	1758	June	2020
4130	3336	702	January	2022
4131	3532	1427	September	2023
4132	595	1958	March	2021
4133	2680	513	September	2020
4134	4228	1108	September	2021
4135	3969	1444	July	2023
4136	3246	914	December	2022
4137	1717	1113	June	2022
4138	2792	716	November	2020
4139	2806	1138	August	2020
4140	1747	1923	May	2020
4141	4465	1564	April	2022
4142	4363	767	July	2020
4143	2286	984	February	2020
4144	5346	1139	June	2020
4145	1624	575	February	2022
4146	5145	573	November	2021
4147	2007	1972	May	2020
4148	1504	1357	October	2020
4149	2572	709	April	2020
4150	310	1076	October	2023
4151	547	667	March	2023
4152	4940	1582	October	2023
4153	5026	1571	December	2022
4154	2439	972	July	2021
4155	4505	526	March	2021
4156	867	1506	March	2022
4157	1056	1734	May	2022
4158	3420	605	September	2022
4159	255	1088	October	2022
4160	3732	1725	November	2022
4161	1781	1277	November	2023
4162	2392	501	November	2020
4163	2935	1195	June	2021
4164	1797	559	January	2020
4165	397	1183	December	2020
4166	842	1068	April	2022
4167	78	808	March	2021
4168	3220	1337	July	2021
4169	2048	1679	December	2022
4170	344	1169	November	2021
4171	2195	798	July	2022
4172	3648	1136	March	2020
4173	1517	1805	March	2022
4174	1230	865	June	2021
4175	370	1833	March	2021
4176	4411	1254	March	2021
4177	4011	1094	August	2022
4178	1410	1305	August	2020
4179	3511	1963	April	2023
4180	4532	1794	June	2023
4181	194	1426	February	2023
4182	3983	1870	June	2022
4183	2184	604	May	2021
4184	2573	568	December	2021
4185	4383	1196	June	2022
4186	3573	1417	March	2020
4187	3360	1620	October	2020
4188	5137	953	April	2020
4189	1222	1201	April	2021
4190	492	917	February	2022
4191	426	1970	October	2023
4192	1817	1805	October	2020
4193	4897	1254	June	2022
4194	652	1929	March	2023
4195	4149	1497	August	2021
4196	4989	1450	January	2020
4197	3238	1927	October	2022
4198	3432	1750	January	2022
4199	1885	655	October	2022
4200	4003	742	April	2023
4201	2206	536	April	2022
4202	3958	569	August	2021
4203	1224	663	May	2023
4204	3133	1785	July	2023
4205	2468	1494	March	2021
4206	4167	530	January	2023
4207	3715	821	May	2022
4208	4621	1492	November	2022
4209	3988	1655	July	2020
4210	3957	1450	July	2023
4211	1364	1466	March	2023
4212	1865	1483	September	2020
4213	952	517	October	2022
4214	4710	970	February	2022
4215	99	657	October	2021
4216	2642	877	August	2023
4217	2106	846	September	2020
4218	4222	1727	September	2023
4219	5354	1251	December	2020
4220	1609	1099	December	2020
4221	2784	1968	January	2020
4222	308	988	October	2023
4223	324	1950	February	2021
4224	818	980	December	2021
4225	4554	950	November	2021
4226	1758	1901	September	2022
4227	263	1602	March	2022
4228	60	769	January	2023
4229	5102	931	September	2020
4230	2468	1922	November	2021
4231	2830	951	March	2021
4232	2975	1378	October	2022
4233	5331	899	September	2021
4234	3993	840	July	2021
4235	2837	1541	November	2023
4236	979	1307	March	2021
4237	262	1889	September	2023
4238	2134	1461	December	2022
4239	3840	1988	September	2022
4240	4534	761	July	2020
4241	4576	1694	March	2020
4242	4818	1342	February	2021
4243	5290	1615	January	2022
4244	4378	1034	June	2023
4245	2324	862	January	2022
4246	2254	1955	November	2023
4247	3293	1347	December	2021
4248	3794	1411	June	2023
4249	5106	1153	December	2022
4250	3798	1657	August	2023
4251	4934	1293	March	2022
4252	1425	1408	October	2023
4253	1992	1160	July	2021
4254	3300	1807	December	2023
4255	3376	1394	September	2023
4256	731	528	November	2021
4257	3478	1359	August	2020
4258	1415	1290	May	2023
4259	5127	1124	March	2021
4260	3387	1765	February	2023
4261	2453	1678	January	2020
4262	3011	1700	February	2020
4263	4292	1895	October	2020
4264	4929	1267	May	2020
4265	1022	721	June	2021
4266	931	1844	December	2023
4267	2917	1243	May	2021
4268	3494	1100	May	2021
4269	1968	1047	July	2020
4270	2442	1073	November	2023
4271	655	1637	November	2021
4272	3006	1194	September	2023
4273	4157	1974	May	2021
4274	4879	589	September	2022
4275	5241	1170	January	2020
4276	4717	1188	October	2021
4277	2785	764	September	2020
4278	2720	644	May	2022
4279	3678	1644	November	2020
4280	2367	658	August	2020
4281	481	1719	June	2021
4282	3043	1890	November	2020
4283	4946	1571	August	2022
4284	4369	767	April	2020
4285	4192	1825	August	2020
4286	2905	591	January	2021
4287	1100	1688	February	2022
4288	3957	1779	March	2021
4289	1334	784	May	2022
4290	646	1275	March	2023
4291	1034	1900	June	2020
4292	4713	620	February	2020
4293	3285	1491	September	2022
4294	1914	582	May	2020
4295	5336	1941	September	2020
4296	1984	1504	August	2020
4297	5241	1873	August	2023
4298	1471	1882	April	2020
4299	406	1565	January	2021
4300	2804	1966	May	2020
4301	505	1983	September	2023
4302	5388	974	September	2023
4303	805	1485	June	2023
4304	2187	1358	August	2022
4305	4537	1230	January	2020
4306	711	1908	November	2022
4307	4732	1052	April	2022
4308	3819	1645	September	2020
4309	3770	1549	July	2020
4310	5064	1179	January	2022
4311	1633	1143	February	2020
4312	3986	1056	December	2022
4313	2093	1087	March	2021
4314	122	1694	September	2023
4315	347	1001	March	2021
4316	5429	1082	May	2023
4317	1159	1876	March	2022
4318	3478	1586	January	2022
4319	890	714	September	2023
4320	1738	907	September	2020
4321	4196	1590	September	2020
4322	1163	1440	June	2023
4323	744	1371	April	2020
4324	1960	685	September	2023
4325	2612	1843	October	2020
4326	1203	962	June	2020
4327	2261	1295	June	2023
4328	1934	609	September	2021
4329	1673	802	December	2022
4330	3021	1963	December	2020
4331	1243	1404	August	2020
4332	3098	1628	June	2020
4333	4954	1796	May	2021
4334	4853	874	April	2020
4335	3127	1558	December	2021
4336	1497	1305	November	2022
4337	4148	1484	June	2020
4338	1320	714	August	2022
4339	1395	1366	March	2021
4340	5072	1858	July	2022
4341	3874	767	September	2023
4342	3846	1908	March	2021
4343	3879	1425	September	2021
4344	3063	1768	May	2023
4345	730	1729	November	2023
4346	338	1802	December	2023
4347	3628	858	October	2020
4348	734	1166	July	2023
4349	3361	1390	May	2022
4350	4948	1638	November	2020
4351	269	1937	September	2023
4352	4846	1707	January	2020
4353	4498	1638	July	2021
4354	4614	1207	June	2023
4355	3722	968	August	2021
4356	1151	851	July	2023
4357	4491	739	May	2020
4358	3651	1531	January	2020
4359	1097	1388	June	2020
4360	1120	1730	February	2021
4361	3267	513	November	2022
4362	4350	1234	April	2023
4363	2266	878	October	2021
4364	3886	762	October	2020
4365	2462	719	January	2022
4366	936	1019	April	2021
4367	2622	1245	December	2023
4368	4415	633	October	2023
4369	1105	1879	June	2021
4370	853	544	June	2020
4371	3224	1471	December	2023
4372	2538	1001	September	2021
4373	4390	1173	December	2022
4374	4574	937	December	2022
4375	4179	1358	March	2021
4376	5340	1408	June	2023
4377	3681	1451	July	2020
4378	1	1980	July	2020
4379	908	1056	September	2023
4380	4289	1343	February	2021
4381	2731	1502	May	2021
4382	5384	1013	October	2021
4383	4565	1961	March	2023
4384	515	1030	July	2023
4385	5358	823	October	2022
4386	2100	1654	September	2021
4387	4792	1562	August	2022
4388	3880	970	April	2022
4389	5359	1720	August	2022
4390	361	1182	October	2022
4391	2047	1731	May	2023
4392	926	1285	March	2021
4393	3539	1202	July	2022
4394	4867	1881	September	2022
4395	335	1720	November	2023
4396	2475	1290	September	2022
4397	1123	1954	December	2022
4398	916	1658	February	2021
4399	503	1482	April	2021
4400	4908	1708	March	2021
4401	2826	1465	March	2020
4402	845	688	July	2022
4403	1154	798	December	2022
4404	2241	1486	April	2023
4405	154	1786	April	2020
4406	3454	1566	November	2023
4407	2757	1815	September	2022
4408	4137	1192	July	2022
4409	3336	1351	November	2022
4410	1611	1169	January	2021
4411	744	693	January	2021
4412	338	1938	September	2020
4413	1944	824	March	2020
4414	3103	812	January	2022
4415	5162	596	April	2023
4416	3902	1196	June	2020
4417	2387	1031	June	2021
4418	1242	588	July	2020
4419	5022	1508	November	2022
4420	4218	1965	June	2023
4421	3268	1255	February	2023
4422	3865	870	September	2020
4423	4014	1959	February	2022
4424	4126	502	October	2023
4425	5391	673	July	2020
4426	4695	785	April	2020
4427	3348	1281	July	2023
4428	1564	1270	November	2022
4429	1430	800	August	2022
4430	3520	612	May	2023
4431	3379	1909	November	2020
4432	9	1188	April	2020
4433	1215	1592	April	2022
4434	1874	727	March	2021
4435	3147	550	January	2023
4436	2958	1202	October	2023
4437	3218	648	February	2020
4438	2682	1046	May	2021
4439	3152	1718	November	2021
4440	2616	1299	November	2021
4441	1237	1138	June	2023
4442	2781	887	December	2020
4443	420	761	December	2023
4444	3339	713	September	2020
4445	2943	1075	November	2020
4446	4296	1781	November	2022
4447	3120	1095	August	2021
4448	4686	543	March	2023
4449	3706	748	January	2023
4450	3641	1024	July	2022
4451	3190	1775	April	2022
4452	5080	929	August	2022
4453	1720	1953	December	2021
4454	4762	1715	February	2023
4455	5406	1397	September	2022
4456	3295	1614	May	2023
4457	608	1116	July	2022
4458	2268	1331	October	2023
4459	322	1396	November	2021
4460	258	1662	June	2021
4461	4971	1179	February	2022
4462	1177	1673	June	2022
4463	1346	1472	December	2022
4464	1982	598	February	2020
4465	5265	896	December	2023
4466	3855	747	April	2022
4467	2004	1947	October	2020
4468	2574	1863	January	2023
4469	4882	1570	January	2023
4470	2844	1836	December	2023
4471	3886	1333	September	2021
4472	3146	1956	May	2021
4473	4402	1622	December	2022
4474	166	1180	March	2020
4475	1086	840	May	2020
4476	3857	1148	July	2023
4477	3506	1554	June	2020
4478	4555	1415	December	2021
4479	1661	1552	September	2022
4480	665	1883	June	2021
4481	5222	1825	February	2020
4482	3462	892	December	2023
4483	2107	1267	December	2020
4484	2177	737	January	2020
4485	3502	778	March	2021
4486	2995	809	February	2021
4487	1933	1449	May	2020
4488	1303	898	October	2023
4489	314	1318	April	2022
4490	3555	1079	April	2022
4491	4994	1590	July	2021
4492	3012	1146	December	2023
4493	1881	1682	February	2023
4494	302	1813	December	2023
4495	830	1386	July	2021
4496	5044	1380	June	2022
4497	3345	1767	March	2020
4498	4693	831	November	2023
4499	2679	591	May	2020
4500	1916	1896	April	2023
4501	4328	1076	February	2023
4502	5457	971	June	2022
4503	4117	1432	September	2022
4504	3386	1357	July	2020
4505	1276	1617	September	2022
4506	3019	587	September	2022
4507	4373	1200	August	2021
4508	460	1466	August	2023
4509	1165	728	October	2023
4510	1650	638	October	2020
4511	4822	1296	March	2021
4512	146	1143	November	2021
4513	62	680	August	2023
4514	4930	1102	January	2021
4515	1104	1131	October	2021
4516	2001	1226	December	2023
4517	2022	1225	February	2020
4518	3683	909	February	2022
4519	3164	1653	March	2021
4520	683	558	February	2021
4521	217	1460	November	2022
4522	4820	721	May	2023
4523	2629	723	August	2020
4524	5362	1802	July	2022
4525	1327	1761	July	2021
4526	4548	1141	August	2021
4527	3409	1833	December	2022
4528	1103	756	December	2023
4529	3442	569	June	2023
4530	2628	1684	April	2020
4531	2736	619	May	2020
4532	1751	984	May	2023
4533	4729	1028	July	2021
4534	625	1292	March	2021
4535	2402	1046	February	2023
4536	4596	1100	December	2022
4537	1963	936	November	2021
4538	3429	1975	March	2020
4539	2909	1771	September	2020
4540	1720	1229	December	2021
4541	4584	680	December	2020
4542	3527	1558	May	2020
4543	4318	1997	August	2020
4544	457	1602	April	2022
4545	3098	768	November	2022
4546	1303	1569	March	2022
4547	4102	1777	May	2022
4548	4468	829	November	2022
4549	4916	1002	December	2021
4550	3209	1069	September	2020
4551	1751	1355	December	2020
4552	5493	1342	February	2022
4553	3723	1155	March	2022
4554	24	700	January	2020
4555	1622	1323	August	2021
4556	508	507	July	2023
4557	4978	1142	May	2021
4558	4909	986	February	2023
4559	493	1063	October	2020
4560	265	1765	November	2021
4561	82	1128	August	2023
4562	368	1346	October	2023
4563	2972	1264	June	2020
4564	2226	789	October	2023
4565	3455	612	June	2023
4566	444	783	January	2023
4567	780	724	March	2023
4568	3535	1421	October	2021
4569	642	1368	April	2020
4570	102	787	October	2021
4571	3174	1639	March	2022
4572	2666	744	April	2021
4573	2228	507	March	2021
4574	5499	933	January	2022
4575	2673	1619	November	2022
4576	3635	1895	October	2023
4577	3994	1860	May	2021
4578	126	1137	January	2022
4579	3681	839	April	2023
4580	2684	1788	April	2022
4581	1239	1114	June	2020
4582	2936	871	October	2022
4583	81	1819	January	2023
4584	4500	1498	November	2023
4585	3394	1696	October	2023
4586	1549	1754	July	2023
4587	5380	612	November	2020
4588	5302	878	October	2023
4589	3867	1123	January	2020
4590	3249	501	February	2022
4591	2762	909	February	2021
4592	4047	564	May	2020
4593	2529	585	February	2021
4594	1280	1696	July	2021
4595	2769	1277	January	2021
4596	2289	614	July	2020
4597	1544	1620	August	2022
4598	3506	1250	December	2021
4599	3234	1485	November	2023
4600	4446	1856	September	2020
4601	1569	1598	April	2023
4602	5134	1113	March	2022
4603	4809	930	April	2023
4604	1603	1824	February	2022
4605	732	1060	August	2021
4606	664	1135	May	2020
4607	312	579	May	2020
4608	5279	650	March	2021
4609	1309	1660	May	2023
4610	325	1496	May	2021
4611	677	1580	May	2023
4612	4520	862	June	2021
4613	2217	1702	May	2020
4614	3584	1160	January	2023
4615	893	524	February	2020
4616	5171	1485	December	2022
4617	4907	571	September	2020
4618	947	580	April	2020
4619	1080	692	January	2021
4620	1300	636	September	2022
4621	4298	1350	January	2021
4622	4178	1034	August	2020
4623	4369	1754	May	2022
4624	4058	1002	December	2023
4625	2871	582	April	2023
4626	3260	817	May	2021
4627	1358	1064	October	2021
4628	191	1130	July	2021
4629	313	1870	April	2023
4630	630	1065	February	2023
4631	2290	1406	July	2023
4632	2556	1839	March	2022
4633	2499	611	September	2022
4634	504	1312	December	2020
4635	394	839	May	2022
4636	1613	1950	September	2022
4637	3110	1028	March	2020
4638	3155	731	December	2023
4639	3806	881	November	2022
4640	2242	960	May	2022
4641	945	719	November	2020
4642	1162	1540	April	2023
4643	4560	891	December	2020
4644	1997	1661	April	2023
4645	3432	1246	December	2023
4646	1301	1325	January	2022
4647	1041	762	June	2022
4648	5223	1047	August	2022
4649	2951	1124	May	2023
4650	2001	1156	February	2021
4651	2001	1083	September	2020
4652	2603	820	June	2021
4653	5218	1979	July	2023
4654	3739	1271	June	2021
4655	4283	547	April	2020
4656	2962	1399	May	2023
4657	3780	652	November	2021
4658	1467	1657	June	2020
4659	4914	1176	May	2023
4660	159	1162	February	2022
4661	2188	717	November	2023
4662	1958	1145	October	2023
4663	3048	1321	October	2020
4664	827	1410	July	2020
4665	2706	1651	February	2020
4666	3324	707	September	2021
4667	4071	665	February	2022
4668	731	1846	September	2022
4669	896	1489	October	2023
4670	3592	1319	November	2022
4671	4033	686	February	2020
4672	767	822	September	2023
4673	1934	1595	December	2020
4674	3021	1544	May	2023
4675	4630	1185	May	2020
4676	1893	1885	August	2020
4677	665	1882	April	2021
4678	381	1806	April	2022
4679	1278	1730	March	2023
4680	4421	846	June	2020
4681	4029	1776	September	2022
4682	3493	984	March	2021
4683	1009	1088	October	2023
4684	4923	766	May	2023
4685	5026	513	August	2023
4686	4465	1411	November	2023
4687	2508	1701	April	2023
4688	5175	1303	November	2022
4689	5352	630	November	2022
4690	2312	968	November	2022
4691	862	1243	March	2021
4692	1932	1148	March	2022
4693	161	1539	April	2020
4694	61	648	February	2020
4695	3713	1414	July	2021
4696	3481	1019	May	2023
4697	4912	1490	December	2022
4698	4447	1103	January	2022
4699	379	1772	March	2021
4700	3421	1727	June	2023
4701	1211	1014	October	2023
4702	1888	1827	December	2022
4703	1993	1460	October	2023
4704	1437	798	September	2021
4705	4058	983	September	2023
4706	76	1518	December	2022
4707	3003	582	July	2023
4708	4165	1177	February	2022
4709	222	509	December	2021
4710	1820	893	June	2020
4711	2961	737	September	2021
4712	4104	555	March	2022
4713	1307	1772	December	2021
4714	2652	1466	January	2023
4715	4027	579	January	2021
4716	5170	1481	March	2021
4717	3024	729	March	2023
4718	467	848	September	2022
4719	5279	1208	October	2020
4720	1076	1338	May	2022
4721	5204	1458	October	2021
4722	1594	1770	January	2022
4723	510	1875	January	2020
4724	73	1466	September	2021
4725	4485	1075	January	2023
4726	4508	1624	November	2021
4727	842	611	May	2023
4728	4534	612	June	2022
4729	5347	742	September	2022
4730	727	860	July	2021
4731	5155	1839	October	2022
4732	1892	1443	June	2021
4733	2521	1103	December	2022
4734	3933	1934	February	2022
4735	1911	1937	September	2023
4736	3719	1781	February	2023
4737	1169	1217	January	2023
4738	4818	1178	March	2023
4739	2490	1774	January	2020
4740	5187	1745	June	2020
4741	1801	919	September	2022
4742	105	1984	January	2020
4743	1593	789	December	2023
4744	4296	1379	January	2020
4745	5338	734	May	2021
4746	312	1398	November	2023
4747	4821	1842	June	2022
4748	620	563	August	2022
4749	4824	1193	July	2023
4750	5219	932	December	2023
4751	997	1440	February	2022
4752	642	665	March	2021
4753	1014	1540	May	2021
4754	2904	795	August	2020
4755	2034	1860	January	2023
4756	5231	1816	February	2022
4757	3973	593	February	2023
4758	3498	585	March	2020
4759	2959	961	December	2023
4760	2787	1845	May	2020
4761	5364	1684	March	2021
4762	1506	766	November	2021
4763	1155	1682	March	2021
4764	5032	947	February	2023
4765	4647	1858	June	2022
4766	435	711	April	2023
4767	3185	886	April	2021
4768	1599	1047	May	2021
4769	4330	1060	July	2021
4770	122	1203	August	2023
4771	3240	793	January	2023
4772	4756	914	September	2021
4773	116	661	July	2020
4774	1252	1025	May	2020
4775	1538	1033	October	2020
4776	5273	914	October	2020
4777	2012	935	April	2023
4778	2369	1742	August	2023
4779	3083	1603	November	2023
4780	1306	1553	January	2020
4781	2231	571	August	2023
4782	5210	1057	October	2023
4783	4858	739	May	2023
4784	1292	1219	March	2023
4785	1233	1918	November	2020
4786	343	1771	July	2020
4787	521	1139	September	2021
4788	4067	652	February	2023
4789	5141	1605	June	2020
4790	833	1487	May	2021
4791	478	1695	October	2021
4792	4540	823	July	2023
4793	3808	768	June	2021
4794	3686	936	March	2022
4795	167	1694	February	2023
4796	1327	1303	April	2022
4797	1673	1931	July	2023
4798	3961	1638	May	2022
4799	1076	551	December	2023
4800	100	1329	April	2021
4801	1240	592	July	2022
4802	93	1336	February	2022
4803	293	1446	June	2023
4804	1200	922	January	2023
4805	2902	697	October	2022
4806	5484	963	March	2023
4807	5023	898	October	2023
4808	2598	1370	June	2020
4809	26	1579	June	2023
4810	2309	585	October	2021
4811	2453	1984	December	2020
4812	3325	1884	June	2022
4813	1404	1607	August	2023
4814	794	1390	February	2023
4815	4933	935	September	2022
4816	3971	1183	March	2021
4817	4936	701	March	2022
4818	305	1145	July	2020
4819	451	1510	December	2022
4820	1248	1981	September	2020
4821	960	593	May	2023
4822	4992	1726	February	2022
4823	775	1481	November	2022
4824	2924	997	May	2021
4825	3438	529	January	2020
4826	5082	796	May	2022
4827	2108	685	June	2021
4828	1424	1165	November	2020
4829	5500	1821	November	2023
4830	1948	1589	October	2021
4831	3293	1198	April	2022
4832	1754	630	November	2023
4833	193	934	April	2021
4834	5415	1141	April	2022
4835	1212	1386	January	2021
4836	278	1954	October	2023
4837	4144	1125	September	2021
4838	5274	898	September	2022
4839	916	901	June	2022
4840	3379	631	January	2023
4841	4356	1993	November	2020
4842	609	1183	May	2022
4843	1427	1595	April	2022
4844	1694	1576	March	2020
4845	891	1925	February	2020
4846	1089	1039	April	2022
4847	2189	1180	September	2022
4848	4141	1288	December	2021
4849	2276	691	November	2023
4850	1337	745	March	2023
4851	2124	900	March	2020
4852	4868	991	April	2023
4853	1710	1809	June	2022
4854	1594	976	August	2020
4855	158	1211	October	2022
4856	3483	569	September	2020
4857	2697	1019	September	2023
4858	5058	1134	November	2020
4859	4608	1372	September	2020
4860	473	665	September	2023
4861	1099	718	April	2020
4862	1811	1636	December	2022
4863	629	1092	February	2023
4864	4311	1808	October	2020
4865	2730	1963	December	2021
4866	2890	1509	May	2020
4867	4418	1926	October	2020
4868	1990	829	December	2022
4869	5254	1847	June	2020
4870	4784	1141	August	2022
4871	1967	1879	October	2022
4872	1961	903	May	2022
4873	5331	1031	March	2021
4874	1612	550	December	2020
4875	5319	1783	February	2020
4876	5299	775	August	2021
4877	532	1961	January	2020
4878	3402	1001	August	2021
4879	4020	1022	November	2022
4880	2402	1112	January	2020
4881	3349	983	March	2023
4882	483	1094	November	2020
4883	4089	773	December	2022
4884	4429	1374	July	2020
4885	574	945	March	2022
4886	2506	1450	December	2022
4887	861	1112	June	2020
4888	3854	1155	July	2023
4889	1334	1433	September	2020
4890	3392	1258	June	2020
4891	175	1919	January	2020
4892	4278	734	September	2023
4893	1268	1322	June	2020
4894	2978	1212	February	2023
4895	1681	1101	June	2023
4896	297	1987	January	2022
4897	3646	1091	February	2020
4898	400	820	November	2020
4899	4945	675	October	2020
4900	3953	1736	February	2020
4901	3254	993	September	2021
4902	5004	1987	November	2021
4903	4230	1309	September	2021
4904	2240	1984	May	2020
4905	4560	964	March	2022
4906	5182	966	February	2022
4907	3835	1825	June	2021
4908	3415	591	September	2022
4909	1736	525	November	2021
4910	1067	610	March	2023
4911	1497	1816	June	2022
4912	855	834	November	2020
4913	2279	1424	August	2020
4914	4997	1821	January	2022
4915	2086	1298	June	2022
4916	2661	1656	June	2022
4917	4770	1986	August	2023
4918	5237	604	August	2023
4919	2990	1932	July	2021
4920	1558	1371	February	2022
4921	5161	1212	August	2020
4922	3035	841	June	2020
4923	5254	645	December	2023
4924	466	1630	April	2021
4925	1228	1659	May	2023
4926	774	1405	September	2021
4927	4056	1372	October	2023
4928	5476	1397	February	2023
4929	1654	915	February	2022
4930	4894	909	December	2020
4931	514	1324	June	2020
4932	2229	1194	February	2022
4933	666	720	December	2022
4934	4152	725	May	2023
4935	3419	1124	January	2021
4936	1795	1504	August	2023
4937	3098	704	November	2023
4938	1979	1270	November	2020
4939	1973	1418	June	2022
4940	2683	1622	June	2021
4941	53	1146	July	2021
4942	3607	1518	January	2020
4943	332	1032	May	2022
4944	2914	1102	June	2021
4945	2616	1575	October	2020
4946	1467	1391	July	2023
4947	3490	1130	October	2020
4948	3175	671	October	2023
4949	952	1975	June	2021
4950	3491	801	March	2023
4951	3135	1232	May	2022
4952	3977	884	July	2020
4953	97	1007	January	2023
4954	1316	1390	December	2021
4955	1183	930	October	2023
4956	128	870	May	2020
4957	360	1164	April	2022
4958	5105	886	April	2021
4959	4042	669	September	2020
4960	2414	1850	January	2022
4961	1429	810	October	2022
4962	721	1169	February	2023
4963	4368	1939	May	2021
4964	3161	988	April	2021
4965	180	1090	April	2020
4966	478	954	December	2022
4967	1516	619	March	2020
4968	465	1918	October	2021
4969	1291	945	March	2020
4970	3221	931	February	2020
4971	2166	1077	September	2022
4972	511	1307	September	2023
4973	812	526	December	2022
4974	4276	1753	July	2023
4975	107	686	January	2020
4976	1914	1108	October	2021
4977	643	1387	September	2022
4978	2374	590	December	2022
4979	3785	909	October	2020
4980	3223	1693	September	2020
4981	5347	1305	July	2021
4982	229	1241	July	2021
4983	5164	1812	April	2023
4984	3195	1920	November	2022
4985	4127	608	October	2022
4986	3115	864	April	2023
4987	1965	1052	September	2021
4988	1655	1556	May	2020
4989	2788	1067	March	2023
4990	50	1185	August	2023
4991	290	1769	August	2020
4992	357	918	March	2023
4993	3625	1322	January	2020
4994	1930	1831	September	2023
4995	5122	1187	August	2021
4996	3605	1249	December	2021
4997	903	1559	November	2020
4998	420	1632	December	2022
4999	4389	879	March	2021
5000	3458	1142	August	2021
5001	4012	1479	February	2022
5002	5190	1229	June	2021
5003	191	1261	November	2023
5004	2132	1533	December	2020
5005	3814	1404	August	2023
5006	1532	982	September	2022
5007	771	1013	February	2022
5008	1178	1656	February	2022
5009	3778	1849	October	2020
5010	962	1676	November	2020
5011	589	1401	March	2021
5012	2360	1575	November	2023
5013	634	1339	November	2021
5014	2772	1079	October	2023
5015	3890	1266	September	2020
5016	1196	1921	July	2020
5017	162	1177	December	2023
5018	3818	692	October	2022
5019	4564	1663	February	2023
5020	4378	1129	May	2022
5021	2951	840	June	2021
5022	3508	816	February	2023
5023	3658	1071	July	2020
5024	5072	1877	September	2021
5025	2152	1681	February	2021
5026	5319	1354	May	2022
5027	543	974	August	2023
5028	788	1851	March	2020
5029	5395	981	July	2020
5030	1511	666	December	2020
5031	2370	1541	July	2020
5032	5279	1121	October	2020
5033	675	1293	November	2020
5034	786	1177	August	2021
5035	2153	581	May	2023
5036	5078	974	April	2020
5037	4510	590	November	2023
5038	2227	1986	May	2020
5039	4609	1706	August	2021
5040	158	1051	January	2021
5041	2916	1191	May	2020
5042	1153	741	July	2021
5043	2686	1370	March	2020
5044	4559	1776	November	2023
5045	249	1181	May	2023
5046	4580	1393	October	2020
5047	87	759	October	2020
5048	2837	578	December	2021
5049	3505	1294	July	2021
5050	3471	842	October	2022
5051	819	1644	January	2023
5052	2280	1513	July	2020
5053	725	1190	August	2021
5054	2328	839	January	2022
5055	420	1570	June	2022
5056	5325	1470	December	2021
5057	2220	1249	October	2020
5058	2666	1354	March	2022
5059	3230	1126	June	2020
5060	4355	832	April	2020
5061	327	1863	November	2023
5062	4153	853	May	2021
5063	2048	1252	September	2021
5064	2535	823	March	2020
5065	1326	718	January	2020
5066	4916	1488	September	2020
5067	4213	1239	August	2020
5068	4127	1431	May	2021
5069	1402	1703	June	2022
5070	2309	701	August	2023
5071	4480	1104	November	2021
5072	4720	1609	December	2021
5073	2077	940	March	2022
5074	4057	1538	May	2023
5075	3114	835	March	2020
5076	3057	1772	October	2021
5077	1476	658	March	2021
5078	2018	999	July	2022
5079	4555	1701	August	2020
5080	1025	1660	January	2021
5081	546	996	July	2020
5082	339	1327	June	2021
5083	4931	1672	May	2021
5084	2052	1647	June	2023
5085	2560	1538	February	2021
5086	3220	1680	August	2022
5087	1116	1488	June	2022
5088	3955	711	September	2022
5089	5483	744	November	2020
5090	2579	1857	May	2020
5091	4777	836	June	2021
5092	955	1049	March	2022
5093	3730	1599	November	2020
5094	3094	1598	August	2023
5095	1503	1706	July	2022
5096	5239	1613	September	2021
5097	3172	663	May	2021
5098	2618	1997	July	2021
5099	3498	1698	November	2021
5100	1213	661	March	2023
5101	2646	701	October	2020
5102	841	1358	March	2023
5103	5370	1086	January	2021
5104	2450	846	February	2023
5105	4623	1786	April	2023
5106	3237	1885	October	2021
5107	486	903	April	2020
5108	663	1079	December	2022
5109	3346	1320	July	2022
5110	642	1174	November	2020
5111	2647	1628	April	2023
5112	4746	870	March	2023
5113	2825	1756	January	2023
5114	4436	1523	June	2023
5115	1344	1511	December	2023
5116	2868	955	June	2022
5117	1494	742	April	2022
5118	3355	1444	November	2023
5119	3456	683	April	2022
5120	5135	1693	August	2023
5121	1054	554	August	2021
5122	4343	917	September	2022
5123	5165	1985	March	2023
5124	2131	1925	October	2023
5125	3551	763	October	2022
5126	3554	1314	December	2022
5127	2083	1208	October	2020
5128	375	1039	October	2023
5129	4656	1146	September	2022
5130	2494	613	September	2020
5131	2164	1599	December	2020
5132	3974	1931	September	2022
5133	226	1981	July	2021
5134	1069	1641	October	2022
5135	5385	1539	October	2020
5136	3909	1792	April	2023
5137	766	1038	May	2021
5138	3682	1260	June	2021
5139	1956	633	January	2022
5140	5016	1394	May	2020
5141	3926	1881	November	2023
5142	3627	838	November	2022
5143	302	1921	January	2022
5144	2257	809	May	2020
5145	1753	1650	February	2023
5146	3295	692	April	2021
5147	3256	815	November	2022
5148	973	602	February	2023
5149	2611	1657	September	2021
5150	2629	1479	September	2023
5151	3608	581	February	2021
5152	526	1185	January	2021
5153	5381	930	August	2020
5154	988	560	October	2022
5155	1719	1498	May	2020
5156	2480	1421	September	2020
5157	3892	1154	March	2022
5158	435	982	September	2022
5159	885	805	February	2021
5160	1866	1463	June	2021
5161	1433	1947	November	2022
5162	685	1564	July	2022
5163	2216	1181	August	2023
5164	2039	1552	September	2023
5165	168	844	May	2020
5166	3095	1082	August	2020
5167	2964	565	January	2021
5168	5206	1798	December	2021
5169	5329	835	October	2022
5170	4752	1367	May	2022
5171	3939	1008	February	2023
5172	2243	1984	June	2022
5173	2150	1241	April	2021
5174	4301	1968	January	2020
5175	4155	937	November	2023
5176	4760	761	January	2023
5177	3597	1458	May	2020
5178	3492	686	December	2020
5179	494	1477	February	2020
5180	5183	1599	January	2021
5181	4557	1586	January	2022
5182	3492	1703	November	2020
5183	4651	1416	March	2022
5184	828	1723	January	2022
5185	758	1010	May	2020
5186	476	1614	June	2020
5187	3748	855	June	2022
5188	2874	538	November	2022
5189	563	1881	February	2023
5190	4461	974	July	2022
5191	3658	1058	March	2023
5192	3245	500	November	2021
5193	5420	1352	March	2021
5194	2363	1592	October	2023
5195	1502	1264	November	2023
5196	4269	1338	January	2022
5197	87	1417	December	2021
5198	1629	847	July	2022
5199	1709	1698	November	2023
5200	4072	897	December	2020
5201	925	880	September	2022
5202	1287	1395	August	2023
5203	4203	1429	December	2020
5204	4711	1448	August	2021
5205	298	1616	February	2021
5206	45	551	September	2023
5207	243	876	May	2020
5208	4788	1569	January	2021
5209	1089	1870	October	2021
5210	112	1151	June	2023
5211	698	1863	February	2022
5212	784	1631	November	2021
5213	4400	1389	February	2022
5214	3131	520	October	2023
5215	735	1691	September	2022
5216	110	1725	October	2022
5217	1824	990	February	2020
5218	2452	1930	August	2022
5219	1459	1368	November	2022
5220	4308	1744	September	2023
5221	3990	1129	June	2022
5222	4218	1751	October	2021
5223	4063	740	April	2021
5224	2267	1780	January	2022
5225	2897	717	July	2020
5226	5264	1496	November	2022
5227	2405	675	July	2023
5228	1296	1068	September	2020
5229	1543	1858	April	2020
5230	799	713	January	2021
5231	1212	1581	September	2020
5232	5296	830	July	2023
5233	2409	1237	June	2023
5234	4630	1965	January	2020
5235	4413	536	June	2021
5236	324	1427	March	2022
5237	1412	540	March	2022
5238	2046	875	May	2021
5239	773	634	November	2023
5240	3310	759	December	2023
5241	661	669	March	2021
5242	396	1407	February	2020
5243	525	1023	November	2022
5244	3849	901	November	2021
5245	3031	750	November	2022
5246	1193	1773	July	2021
5247	3384	1334	February	2022
5248	2701	1166	January	2021
5249	3712	1915	September	2020
5250	4443	1222	May	2021
5251	4213	1591	July	2022
5252	3026	1787	August	2020
5253	2984	1507	March	2020
5254	3199	1183	February	2021
5255	4401	1031	November	2023
5256	3048	1743	April	2020
5257	4010	1984	March	2022
5258	692	998	March	2023
5259	815	1161	November	2020
5260	1718	1138	March	2023
5261	613	965	November	2020
5262	4171	815	February	2023
5263	373	1269	August	2023
5264	3781	1613	February	2023
5265	5336	1263	March	2021
5266	3921	600	September	2022
5267	5310	559	February	2022
5268	3757	1336	May	2023
5269	675	1555	June	2023
5270	4465	1164	May	2020
5271	5492	924	October	2023
5272	3691	1867	August	2020
5273	685	532	August	2023
5274	2819	1004	July	2020
5275	78	1781	April	2020
5276	2263	731	February	2023
5277	2829	1957	March	2021
5278	4618	1475	November	2021
5279	4740	1080	September	2022
5280	4410	662	May	2023
5281	525	1208	September	2022
5282	1341	1208	October	2020
5283	4737	1937	December	2021
5284	925	1290	January	2021
5285	504	1194	March	2020
5286	5314	1555	July	2023
5287	2583	1540	October	2023
5288	116	1272	April	2021
5289	3051	1144	May	2021
5290	1506	939	October	2021
5291	346	850	June	2020
5292	1864	1633	January	2021
5293	2316	1979	November	2023
5294	2286	1462	August	2021
5295	1015	895	September	2022
5296	599	1258	February	2023
5297	418	1691	July	2022
5298	954	677	February	2022
5299	1480	1878	June	2022
5300	4551	1538	December	2020
5301	1513	817	May	2022
5302	3994	1772	July	2023
5303	1284	1845	November	2021
5304	3977	1879	June	2020
5305	2478	1217	January	2023
5306	3663	1559	August	2023
5307	3027	974	September	2020
5308	2620	650	July	2020
5309	3912	1843	November	2023
5310	2624	1298	February	2023
5311	659	1115	July	2022
5312	1300	1393	February	2020
5313	415	1806	March	2023
5314	248	820	July	2023
5315	2448	1984	June	2021
5316	2373	1788	September	2021
5317	2787	619	July	2021
5318	140	1717	May	2023
5319	2130	879	April	2020
5320	5366	1139	February	2023
5321	586	1955	September	2020
5322	2278	1808	October	2022
5323	1442	681	June	2022
5324	3278	1907	December	2020
5325	2002	1164	September	2021
5326	3237	713	January	2021
5327	4382	941	November	2022
5328	1075	715	June	2022
5329	4268	1833	September	2020
5330	2559	545	December	2021
5331	3959	616	June	2022
5332	1723	1957	October	2022
5333	3714	1912	November	2023
5334	4596	996	March	2021
5335	4708	1355	September	2021
5336	5479	1248	December	2022
5337	184	616	March	2021
5338	1725	1762	May	2021
5339	4608	1348	December	2022
5340	619	1525	August	2021
5341	819	1879	May	2022
5342	3170	1975	October	2023
5343	487	1352	March	2021
5344	4960	1878	February	2021
5345	2759	1531	October	2022
5346	93	1120	April	2021
5347	5293	746	May	2020
5348	2382	1732	January	2021
5349	5294	1494	October	2023
5350	105	1026	August	2023
5351	1622	694	October	2021
5352	4691	537	April	2023
5353	2240	1339	September	2021
5354	4101	653	July	2023
5355	2652	1844	April	2023
5356	281	950	January	2020
5357	1950	935	October	2023
5358	3037	1608	March	2023
5359	3735	1484	March	2020
5360	3018	1818	April	2022
5361	102	1350	September	2021
5362	403	1805	July	2022
5363	35	1380	August	2023
5364	1552	1648	January	2023
5365	1042	1631	September	2022
5366	3118	1049	December	2021
5367	5457	1426	June	2022
5368	885	536	April	2021
5369	3572	1211	September	2023
5370	3577	569	September	2022
5371	6	503	June	2022
5372	2130	1472	December	2020
5373	59	525	October	2021
5374	1839	805	February	2023
5375	5246	1709	May	2021
5376	1617	886	December	2023
5377	726	575	October	2020
5378	1119	1617	March	2021
5379	1912	1067	April	2021
5380	3901	1717	September	2022
5381	898	591	August	2022
5382	2692	1984	December	2021
5383	3305	595	September	2021
5384	2993	1347	August	2023
5385	2240	1426	September	2020
5386	4041	1035	December	2021
5387	5469	1712	March	2020
5388	4623	1367	February	2022
5389	751	1785	July	2022
5390	3409	836	January	2020
5391	3722	1527	May	2021
5392	183	1562	March	2023
5393	1282	1745	June	2021
5394	777	719	November	2023
5395	1975	1136	March	2020
5396	538	1368	December	2022
5397	3802	818	April	2021
5398	5027	1655	June	2022
5399	1866	1795	August	2021
5400	4836	627	March	2023
5401	281	1648	October	2021
5402	5103	503	July	2022
5403	1690	1985	November	2022
5404	4158	1419	April	2023
5405	5442	1130	March	2023
5406	903	921	August	2023
5407	1490	1396	March	2020
5408	4837	990	January	2023
5409	475	1559	April	2023
5410	1661	1332	April	2023
5411	817	885	March	2020
5412	204	1905	July	2022
5413	2435	1698	February	2023
5414	4964	1500	November	2021
5415	534	1940	May	2020
5416	4462	1051	April	2021
5417	2034	1217	July	2022
5418	723	1781	March	2020
5419	3288	631	August	2023
5420	3782	772	January	2020
5421	3800	681	February	2020
5422	1987	591	April	2020
5423	4910	1015	March	2022
5424	393	1288	January	2020
5425	3280	1554	February	2020
5426	1388	1635	August	2021
5427	5480	1701	June	2020
5428	957	1287	June	2022
5429	2777	1249	May	2020
5430	1122	1402	July	2022
5431	214	545	February	2023
5432	3503	1498	April	2023
5433	1073	626	April	2022
5434	1713	626	May	2021
5435	2027	998	April	2021
5436	5366	1557	April	2021
5437	1374	1632	March	2021
5438	4455	1308	May	2022
5439	1517	1680	December	2021
5440	470	1076	April	2021
5441	2714	720	April	2021
5442	5414	1498	February	2022
5443	5434	1804	April	2023
5444	1302	1903	June	2021
5445	4131	1056	February	2020
5446	3830	514	April	2020
5447	1888	1937	August	2022
5448	2559	1853	May	2022
5449	3062	1031	August	2023
5450	4421	532	March	2022
5451	1022	1598	February	2023
5452	2786	1384	June	2022
5453	3015	1465	March	2020
5454	1775	558	July	2023
5455	3739	707	October	2020
5456	2617	1706	July	2021
5457	2017	1343	May	2023
5458	2119	1461	June	2022
5459	4433	1279	December	2020
5460	5043	1581	December	2021
5461	4847	507	April	2023
5462	255	1022	July	2021
5463	2137	1576	August	2022
5464	4743	899	March	2020
5465	2079	1585	April	2021
5466	4480	1967	August	2022
5467	4793	1186	September	2022
5468	1031	1914	August	2023
5469	161	1733	August	2023
5470	1608	1679	June	2023
5471	3971	1691	March	2023
5472	5067	1679	April	2022
5473	4402	1889	March	2022
5474	3906	549	March	2021
5475	4195	516	August	2020
5476	4163	898	February	2022
5477	2016	1863	June	2023
5478	2620	1687	June	2023
5479	2991	1425	October	2021
5480	862	1057	June	2020
5481	3531	525	February	2020
5482	4158	933	April	2020
5483	1101	1057	September	2021
5484	3994	744	October	2022
5485	1695	1938	September	2020
5486	4604	892	February	2021
5487	5478	1784	December	2023
5488	4601	1723	March	2021
5489	2004	639	January	2023
5490	5136	1954	May	2021
5491	5205	1503	December	2023
5492	1402	1458	January	2020
5493	2816	538	April	2020
5494	243	1680	June	2021
5495	5012	751	December	2020
5496	4723	869	June	2021
5497	3097	908	July	2023
5498	2049	1709	July	2020
5499	2042	1104	April	2023
5500	1112	562	November	2021
\.


--
-- Data for Name: payment_methods; Type: TABLE DATA; Schema: public; Owner: postgres
--

COPY public.payment_methods (methodid, methodname) FROM stdin;
1	Credit Card
2	Debit Card
3	PayPal
4	Check
5	Wire Transfer
6	Apply Pay
\.


--
-- Data for Name: payment_preferences; Type: TABLE DATA; Schema: public; Owner: postgres
--

COPY public.payment_preferences (studentid, methodid) FROM stdin;
2980	5
79	5
413	3
3107	5
1236	2
2374	4
4116	4
5320	1
3639	3
4935	3
5217	2
3550	3
1801	4
1237	5
4835	4
1194	2
3503	3
542	4
852	3
5380	3
3665	4
2231	3
367	3
2318	5
3609	1
944	2
1088	5
4067	1
147	5
3582	2
137	3
3931	5
490	4
5374	2
2764	4
4174	5
4769	3
1178	2
3175	3
2176	1
2705	3
92	4
3931	3
4163	2
1436	5
5013	1
5090	2
2126	2
1967	2
4002	4
2426	5
4568	1
5084	5
2780	1
2176	5
3255	3
2372	2
5030	2
3729	2
3517	2
2605	4
3581	3
4780	3
4050	1
1898	4
2706	2
2479	5
2724	5
3952	2
3995	2
3826	4
5077	3
4731	2
1061	2
1911	4
3424	2
2718	4
4030	5
5007	4
3704	3
2677	4
2640	2
2564	4
2530	2
764	3
4301	3
2716	2
3435	1
3353	5
2929	1
2485	2
52	4
3906	2
4196	4
1062	1
2392	3
4589	5
3511	1
1931	3
1341	5
4524	5
3232	3
1614	4
3408	1
3275	2
2967	3
3413	5
4656	1
3110	3
1641	1
4296	2
2870	3
4906	1
1693	5
3480	5
1614	1
95	2
3739	3
102	3
5303	3
4280	1
1168	3
1852	1
1240	2
3749	5
3352	3
3318	3
511	4
7	5
1316	4
2741	4
2151	2
3675	2
3857	2
1283	5
4285	1
3068	4
321	2
4160	1
905	4
4248	3
326	4
1156	4
2013	5
5194	1
2286	1
3265	2
5142	3
1345	2
1454	5
592	1
2180	5
2951	1
5405	4
3379	1
5366	5
2826	1
4488	3
2242	3
2632	2
853	1
1018	4
3899	2
460	3
5398	3
2554	3
4464	1
714	2
4679	2
1666	3
640	5
720	3
4644	4
37	3
515	4
5210	2
4785	1
2502	1
2157	3
3124	4
4524	2
4708	3
2250	4
3897	4
2590	5
632	1
4526	4
1689	1
4124	2
4045	5
1663	5
527	3
2989	4
1577	3
1200	5
36	5
3077	2
3333	4
3731	2
5306	5
5309	4
2193	2
4181	5
207	3
691	4
818	5
1497	2
3586	5
2097	5
3954	3
2222	2
625	1
167	2
3824	3
2629	3
3093	1
727	3
157	2
2342	4
629	3
5213	1
2438	3
1094	1
2724	3
82	2
3221	3
1548	2
4409	3
5213	3
2034	5
4252	2
5219	5
1686	4
3442	4
3885	1
1613	1
2981	2
2419	5
1462	4
2568	1
3048	4
158	2
929	4
3369	3
4933	1
4096	2
4752	4
4664	1
5126	4
533	4
3871	4
605	1
2456	4
4018	5
2310	2
1365	4
3771	4
433	4
4911	1
1298	2
2790	2
2968	4
2934	5
661	2
447	3
1768	2
1964	5
2822	3
4089	1
2317	3
810	5
4447	2
2972	2
1381	5
5199	5
3910	5
1417	4
3996	2
5338	2
2186	5
1482	1
5031	4
3855	1
3239	4
5083	3
108	5
853	2
1456	4
4384	4
1049	1
4142	3
4903	1
4099	2
1701	3
3573	2
1282	2
3074	2
4857	5
2646	5
5194	4
1860	5
1446	2
236	4
5198	3
4110	4
2460	5
4723	4
2553	1
5427	1
2860	4
2808	3
4571	4
716	3
4132	5
4982	1
1369	4
156	5
3098	1
26	1
4212	1
3756	4
5046	5
1906	1
1832	3
3721	2
4484	2
372	1
565	1
2185	3
1713	4
5129	4
1847	4
3286	1
1653	4
5273	1
863	1
5022	4
1608	3
683	3
2751	4
2138	3
1550	3
5138	5
3916	3
2356	4
150	2
361	5
1608	2
3346	3
762	3
4029	3
1126	2
2386	5
39	2
4977	2
4216	4
1785	5
4998	3
2103	1
5321	3
3344	5
176	4
1201	2
2092	3
4475	1
285	4
4938	4
4225	2
3128	5
4850	5
5356	1
1814	4
2073	3
1504	1
1900	4
1493	3
2489	3
1036	4
443	2
666	3
872	4
4920	5
4552	3
5048	1
1002	1
3353	3
1497	3
1074	4
3252	1
2144	4
1079	3
3179	4
2966	3
3499	5
2140	4
1135	5
2066	3
4725	4
5191	5
4354	4
3492	5
4931	3
4915	2
1870	2
2120	2
4280	4
3411	2
3443	2
916	3
2670	1
4274	1
2138	1
1158	2
2415	2
2360	1
1487	1
1887	2
170	3
5468	5
4748	3
2199	4
2134	5
4353	4
723	2
1653	1
4987	3
3781	1
1022	1
676	1
1795	3
5461	3
3707	5
4601	3
4512	3
2176	2
3149	5
3108	5
4316	3
5080	5
1172	1
2521	4
4676	1
2436	5
4058	2
3769	4
4167	1
3460	4
2365	5
2324	3
4667	5
5169	2
5366	3
4934	5
3864	5
2933	2
1052	1
2398	3
2942	2
2985	5
523	3
1928	2
3219	1
2885	3
2877	4
3441	4
1423	1
1112	2
2302	3
1902	1
5174	3
5159	1
2730	2
3583	4
1238	1
2844	1
1849	2
4654	5
708	4
1695	1
2589	3
4699	3
2833	2
1277	2
5427	5
2159	3
1002	4
4580	5
116	5
1821	2
4516	4
3988	3
5420	2
952	1
264	1
4834	3
649	3
3818	3
4178	1
5249	2
5402	4
2169	1
3230	5
4555	1
3747	1
2399	3
2357	4
3514	1
2526	2
4725	3
1000	3
3553	3
3466	4
2683	5
1369	2
2659	2
3227	3
3895	2
1611	5
2013	4
4289	1
1384	3
557	1
76	3
4958	1
3492	4
1324	5
1150	1
4898	4
2082	3
798	5
60	2
341	3
1486	4
3692	3
3883	4
1350	1
3844	1
2620	3
4256	5
3518	1
393	1
2084	1
5357	3
1762	2
3423	2
3853	4
2803	5
5212	4
476	4
110	5
34	1
4274	5
2045	5
2755	5
12	2
1534	1
4315	1
1200	3
1814	5
1928	1
3737	1
4738	5
4715	1
1604	4
1430	4
4411	4
3476	1
2009	4
4251	3
4262	5
2181	1
2548	2
320	4
1080	5
4624	2
1584	1
337	4
2258	1
5452	1
1852	2
1897	2
2275	1
119	4
4340	2
6	3
4546	2
5160	3
2544	5
803	2
2951	2
3357	5
3444	5
3648	3
2297	3
902	5
1183	4
5173	4
1328	5
3719	3
2584	5
5063	3
2475	1
4162	5
5444	2
5033	4
2129	2
2590	3
207	5
341	1
3497	1
3485	4
3628	1
497	1
2612	3
591	3
2657	4
4181	4
1963	4
173	4
3012	1
268	1
1095	5
785	4
3617	3
1992	5
232	1
2935	3
4564	3
368	5
3340	1
1912	4
4582	5
5273	5
1210	2
1549	3
4061	5
524	2
735	3
2661	5
729	3
5235	2
458	2
2036	1
1208	4
3760	3
2901	4
161	2
3776	3
738	1
2750	1
3984	3
2582	1
1793	4
518	3
5482	1
4114	4
1269	1
5042	2
4923	1
4540	1
4820	2
3713	5
5167	3
3801	4
4365	2
4280	3
3185	5
1925	3
4002	3
2604	3
1674	5
2516	5
2951	3
2668	3
2482	1
3489	1
4273	1
5456	1
56	4
760	1
5205	2
2677	1
1323	1
5103	3
1738	5
3378	5
271	3
2736	3
2171	1
3947	5
5464	5
797	2
4138	4
705	5
2688	5
4776	5
3939	3
2462	2
631	3
1959	4
4611	3
252	5
4884	3
2128	4
1777	3
163	1
2265	3
3077	4
3302	5
1240	5
4760	1
3392	1
2515	1
5000	4
3606	3
2927	4
2974	3
3716	3
1738	1
4643	1
4897	1
4173	1
5470	3
3620	3
2216	4
3768	2
1529	5
1093	5
410	1
4764	3
1740	2
2310	4
557	3
5056	1
166	3
899	1
2666	1
3297	1
794	3
3129	2
1917	4
370	1
4349	3
1993	1
1641	3
4583	2
80	3
3837	3
552	5
3479	1
4983	3
2855	5
3865	5
946	1
774	5
3833	3
732	1
3805	3
533	1
5316	1
119	3
2381	4
1157	2
5106	2
4084	4
226	4
2156	3
3897	5
1155	3
754	5
4100	5
4309	3
2901	1
62	1
4385	3
1378	1
4708	4
2335	5
2904	3
681	4
1948	5
1578	2
1341	2
3220	2
3365	1
5252	3
2510	3
1090	5
2286	2
4700	5
2518	5
910	2
1409	4
1521	4
2268	4
4071	5
60	3
2971	3
917	2
1699	5
5278	5
2774	4
1403	2
4906	3
2930	4
3134	2
1326	4
3162	2
4792	5
4177	5
4105	2
305	2
1095	3
1856	3
957	5
4686	5
68	3
4511	3
36	1
4786	1
1169	4
2650	2
1706	5
2956	2
1627	5
438	4
149	3
5455	2
2925	5
1509	3
1632	1
1833	1
1561	5
400	4
4243	2
4815	1
3129	1
3567	4
4405	2
3620	4
1520	2
2783	3
3157	3
1854	2
1056	5
469	4
2094	4
753	1
578	3
4524	4
209	5
2752	2
5166	5
1149	3
2038	4
1946	5
5089	2
722	5
1678	4
4266	4
5382	1
1276	3
771	2
4916	5
1698	1
4097	1
1736	5
4021	2
1192	2
1407	1
3997	5
3449	2
3355	1
192	4
1115	1
2574	5
1269	3
175	3
3873	3
4040	3
2271	4
2987	5
1994	4
1973	4
2412	5
2355	2
2071	1
773	4
3403	2
1597	1
1510	1
698	4
3547	3
4132	4
4131	3
2527	1
1600	4
2528	5
5356	5
735	1
2503	4
3218	3
433	1
334	4
2069	4
3419	3
5448	3
4332	5
4114	2
4416	3
4972	3
2505	3
4327	3
2634	2
335	4
748	3
2578	5
1690	2
5059	1
4000	2
4919	4
4289	2
3076	3
3212	3
1712	2
1623	5
2085	5
1627	2
3766	4
4480	1
4930	3
1779	4
5372	4
3998	2
186	5
3698	2
1552	4
3106	3
4837	3
3626	2
4635	4
3294	1
2290	3
5096	4
1362	1
5269	5
2145	3
3197	1
2938	2
878	5
3445	2
3075	5
3884	3
5254	1
1206	5
3953	1
4956	3
2908	5
484	5
4276	1
5382	2
3530	2
1007	4
5431	1
5152	5
2695	4
2276	1
4020	2
1193	4
1333	2
5000	5
3123	2
1499	5
3870	2
1473	4
3541	3
242	4
137	2
3367	1
4019	5
1665	4
5124	1
2785	1
841	2
256	4
4088	1
1757	2
2970	1
3847	5
5397	5
3042	5
2847	5
1801	1
835	2
73	4
5191	3
3577	3
4617	4
159	3
1638	3
522	3
1447	4
1037	2
4797	4
5265	1
3983	5
2107	5
1916	3
4925	1
3681	5
3698	4
5484	2
4961	4
178	3
2943	4
744	4
5210	3
1527	4
3591	3
3026	4
2409	1
5013	5
4944	1
1907	3
3708	2
4822	3
1964	2
3958	3
4391	4
961	2
330	4
2468	2
247	4
4711	2
881	3
2688	3
2242	4
3169	2
5030	5
497	3
1157	5
609	5
3499	4
5246	5
286	1
975	2
4512	2
1266	4
2006	3
1096	1
660	1
3596	1
2361	1
4336	1
1286	2
1052	3
1181	4
1529	2
1116	1
5039	5
2947	2
3645	2
3045	3
2307	2
3210	2
1901	4
2202	5
741	1
1002	2
3001	3
2161	5
29	1
2949	2
16	3
968	2
2003	3
33	4
901	4
3556	1
3334	3
3231	3
2285	3
996	5
930	2
4022	5
263	3
698	1
4	2
4318	4
1473	1
3670	1
4297	1
5393	4
4543	5
2113	4
935	4
420	1
465	4
26	3
167	4
1897	4
1037	5
4307	2
1990	2
291	2
5426	2
4104	3
5372	3
3828	4
5175	1
2566	3
2232	1
1210	4
4855	1
5310	1
4921	2
4879	5
2625	2
4330	2
3209	2
3502	1
1924	3
4095	3
394	5
4017	5
1932	2
4159	1
484	1
2780	4
3798	3
33	5
1720	4
3369	4
623	1
3814	1
4551	4
3336	1
4134	5
1882	4
729	5
4968	4
1806	2
3582	4
1066	3
986	2
4463	4
1460	2
1906	3
2889	5
5122	4
350	2
851	1
151	5
2233	2
3051	3
3566	3
4415	2
5130	2
2686	2
583	4
1922	4
3403	3
2830	4
682	1
2383	5
4694	3
5413	3
1249	3
2607	2
2026	2
4614	3
3949	2
2264	2
1763	1
890	3
340	5
2239	4
3782	1
829	3
3448	5
1432	3
262	1
5237	5
5353	4
2470	4
2236	1
2605	5
3614	2
5362	4
2383	4
1124	3
460	2
2834	4
564	3
570	3
872	1
1069	1
1937	3
2634	3
3726	5
4613	1
4038	1
5152	1
2496	4
4510	4
3097	1
3006	3
1032	5
603	2
4832	5
5006	2
299	4
4123	3
3897	1
2676	3
4088	2
4697	4
3605	4
3675	1
3624	5
3243	3
104	5
931	3
1130	4
4486	3
4703	1
1407	2
2993	1
2140	1
4322	1
4325	5
3140	4
1068	2
882	1
633	2
142	3
2702	5
2630	4
3200	1
114	3
532	3
3457	1
3594	5
3662	1
897	2
4770	5
994	4
2102	5
1664	1
2475	3
4884	5
5140	3
2797	5
4998	4
4363	3
5378	5
2196	1
3427	2
2812	5
2288	1
2732	5
5082	5
3631	5
1698	3
4375	4
5429	1
4748	4
4747	1
2773	5
3907	5
4828	3
5055	1
1943	4
2652	3
2446	1
2621	3
3700	2
5120	3
4236	4
3321	5
5094	5
4783	1
5229	4
3653	3
3307	2
2522	2
290	2
1399	1
4505	2
81	4
3787	1
150	5
3261	1
454	2
5476	1
1768	1
410	4
3935	5
3699	5
4322	4
5145	3
1788	2
3298	2
4801	3
4876	5
983	3
1788	1
3696	3
2298	1
4908	2
4791	5
941	4
3932	5
92	5
286	4
3155	5
92	3
268	4
3687	3
3228	4
1948	2
4250	4
540	5
5363	3
398	3
1622	4
3315	2
3810	5
4921	1
214	5
4019	4
3409	4
5453	2
2478	4
3480	1
3058	2
4863	1
2446	3
4487	1
3642	1
2906	4
5138	3
3153	5
5245	1
2465	1
4362	2
4822	4
4028	5
3632	2
3640	4
5320	3
317	3
3533	3
559	1
1992	4
2561	2
4536	5
1991	2
1420	4
2725	3
5290	1
3211	3
2264	4
3832	1
4241	5
4266	2
3705	4
3545	2
2998	2
910	4
2321	1
4749	4
4854	4
4792	3
3309	4
1491	3
311	1
2123	4
4577	3
855	2
4925	5
716	1
464	5
5302	2
3275	5
4380	3
4475	4
4028	1
1291	4
3396	3
1597	4
4664	5
2773	3
1434	1
3015	2
1340	4
5045	2
3886	2
2988	2
531	4
1555	4
1784	2
2545	2
4707	2
2408	5
1930	3
5143	3
3543	3
1748	2
3893	2
2480	5
1872	2
5197	4
3933	1
1306	3
1310	5
4891	1
5244	4
3312	1
802	5
2754	4
234	2
5443	4
16	2
4473	5
5362	5
5489	1
4895	5
2915	2
2928	5
4972	5
4703	5
4872	2
2631	1
4767	5
133	4
2597	4
2095	5
1460	4
1905	2
4789	1
2872	4
2689	3
5056	4
4640	5
4895	2
2751	5
1340	2
1316	5
3059	2
4291	1
311	2
1583	4
4733	5
2691	3
2805	5
4902	5
430	3
3365	4
4574	5
80	2
828	4
1935	1
4242	1
2519	2
2514	3
821	4
1892	2
295	5
4353	3
463	5
675	5
3392	5
3203	2
5294	3
5011	1
2546	4
229	1
1770	1
1589	2
1863	5
2770	1
2503	3
5218	4
4651	5
4947	2
1841	3
335	1
2859	3
4958	4
1811	4
1800	3
1817	4
401	2
974	2
4024	4
4000	5
4883	2
4121	3
1148	5
1574	5
4974	4
503	3
5473	3
1933	1
203	4
1501	5
5036	5
5319	3
171	4
81	2
1596	1
1302	3
3106	5
1849	1
4014	4
5430	4
691	1
1319	4
3469	1
1377	1
616	2
70	2
2460	2
1759	4
4331	2
1078	4
5285	3
485	1
3382	1
415	3
753	4
3495	3
388	4
4647	5
4734	4
704	5
55	5
2219	3
2864	5
1197	2
384	3
809	3
2108	5
5480	3
5329	1
1012	1
3021	3
3425	5
4098	3
1773	2
455	1
3824	5
4574	4
3482	4
585	2
4449	4
5071	2
5472	2
11	1
2528	3
1571	5
4956	1
4000	1
1734	2
3851	4
3262	2
5339	2
1238	2
1551	1
25	3
3497	2
5169	3
3499	2
4618	2
4149	1
5256	4
3136	3
2162	5
3225	4
2499	1
2850	4
1859	5
4265	4
1398	5
3288	4
1997	4
1696	2
2889	2
1722	5
3802	4
4209	1
1742	4
3380	3
3195	5
1301	4
5457	5
3640	1
4070	5
3758	1
1589	5
4955	4
2854	2
5087	3
3260	5
2156	2
125	2
4999	1
4260	3
217	4
4477	5
5468	2
3868	1
3450	2
2494	5
3528	3
1940	5
989	5
2330	3
914	4
325	2
1413	4
1696	3
2366	4
2094	1
3324	3
1781	3
4479	5
351	5
195	1
4073	4
2040	2
4016	5
1408	1
4962	4
4342	4
4143	1
1716	1
2288	5
3956	5
1426	1
249	3
2168	4
5461	4
56	5
1450	5
1513	1
3105	3
170	4
4662	5
308	4
4742	1
678	4
3378	2
5449	3
209	1
4166	1
4516	3
5113	3
895	3
3788	2
5498	5
4827	1
4414	1
2548	5
3643	5
5046	3
2922	4
2084	3
3771	5
580	4
1726	5
4634	5
2033	3
4324	5
3935	3
4900	5
5240	4
1584	4
2557	1
2749	1
3775	4
3414	4
2359	5
5399	1
435	1
4988	5
5367	3
284	3
3367	4
321	4
79	2
2971	5
1945	2
4120	3
1772	2
72	4
3651	3
1303	1
3810	2
5477	1
710	2
4079	5
1896	5
269	3
4027	4
1966	3
592	4
1104	5
1253	5
2675	2
4536	2
1378	5
4659	5
4154	3
418	1
4951	1
28	5
137	5
5189	2
222	2
4688	5
2143	5
1524	1
1621	4
3725	5
265	5
4442	3
4032	4
1874	1
1904	2
4702	4
5222	1
2362	2
5188	3
790	1
4707	5
1310	2
4375	1
47	3
5459	4
4624	4
3166	2
857	3
3875	3
110	4
2079	1
4163	4
1447	2
2587	3
2707	4
2282	2
2647	1
1687	1
2839	5
3187	5
3284	2
2665	2
2257	4
3604	5
4887	5
435	3
2450	5
4335	2
645	4
3631	2
2818	1
1208	1
463	3
2294	1
3514	2
911	2
193	5
2004	4
3559	5
548	4
1898	2
378	5
234	4
5124	3
1883	5
4260	4
2100	4
1591	1
2622	2
3829	3
804	3
4705	3
1673	3
259	1
4060	5
1236	5
1617	1
4919	2
2835	4
4741	2
4607	2
3413	3
2291	3
2467	4
2542	4
4292	4
4481	1
100	2
390	1
5031	1
826	4
35	2
3055	5
4873	3
3451	1
2376	5
547	3
2500	5
3948	1
3149	4
3084	2
5198	1
1929	3
2001	5
4602	5
5489	5
5250	5
3045	1
3546	5
1180	3
3077	3
453	4
4128	4
4937	1
2123	2
4647	4
3905	2
4113	2
752	4
5021	1
4729	1
5414	1
2325	4
4975	2
1114	3
802	3
1704	4
5067	2
5329	2
4941	4
1122	4
4596	3
4333	5
4500	2
3462	1
3834	3
4881	1
2347	1
2399	4
3251	2
2314	4
1626	2
620	1
2902	2
3005	4
3208	1
4284	3
2399	2
3021	5
627	4
3541	5
3892	2
181	5
4965	3
5220	5
3402	5
2451	3
2701	1
773	2
726	4
1460	1
348	4
3593	1
3441	5
3865	3
1278	5
110	1
1222	4
1080	2
3035	1
1989	3
5410	2
299	5
3764	2
684	4
4334	3
4297	5
4649	5
4815	4
2062	2
89	1
3985	2
4899	5
4862	1
3465	1
2369	4
2531	1
2006	4
5388	1
1660	5
2722	5
735	2
2581	1
4505	1
4975	3
2340	2
77	1
839	4
4662	3
4421	2
617	1
2536	2
1110	5
5029	1
377	4
2905	3
4563	5
2654	5
3082	5
721	2
3472	4
272	5
3750	4
1435	1
1115	4
2879	3
2033	5
5328	1
4549	2
2949	4
3568	1
5475	2
2228	1
3758	3
3534	3
3113	2
2833	1
1013	3
3399	3
2815	4
5318	5
1568	5
812	5
2277	5
3655	4
2070	1
2756	3
180	4
2740	2
254	5
2391	5
3009	2
1665	3
1222	2
1681	4
5023	4
3839	1
1976	1
807	3
2253	5
4006	1
3491	1
4019	1
942	1
4330	4
1480	4
5363	4
33	2
334	5
3421	1
2012	3
698	5
1738	3
5225	4
4554	4
1562	4
4048	5
4098	1
5425	5
4080	1
2201	5
865	3
5099	2
1193	3
5200	1
2516	4
1519	4
1289	1
157	5
4647	3
3531	5
718	4
3128	1
636	1
3015	4
5389	3
1690	4
1842	1
5306	3
1289	5
705	4
3241	1
2357	5
4032	5
3741	5
1903	4
4766	5
1555	1
1741	1
1241	1
2391	1
2391	4
5065	3
4723	1
1046	4
3077	5
4443	4
3230	1
54	1
3142	3
626	4
2070	2
4807	5
330	1
3912	2
2635	4
4313	4
4264	4
3501	2
2178	4
3949	3
4017	3
5397	4
2970	2
2884	5
554	4
3394	2
3071	1
4844	1
4100	4
2389	3
2453	1
5209	4
4818	1
5084	4
5417	1
5211	4
1851	5
3889	2
2	3
1139	4
4052	4
470	1
3766	3
221	3
803	1
3216	4
2113	5
4869	4
1404	4
995	3
1710	4
1087	2
4404	1
3996	1
2628	1
2763	5
5116	2
4773	4
4775	2
2831	1
4764	5
1853	4
1134	4
4360	1
1491	4
4732	2
682	3
596	5
4999	3
3755	3
1923	2
4658	3
2343	4
4297	4
412	2
4784	5
407	3
1598	1
2063	2
907	2
5226	3
3295	2
3701	1
3332	1
2810	2
3549	4
618	4
924	5
3112	3
3715	4
1188	5
3993	4
2524	5
2718	5
1585	4
527	2
3896	1
3701	3
1038	4
3738	2
994	1
4795	2
1614	2
4082	5
4867	3
4262	3
4797	5
4343	2
3674	4
2127	1
3607	4
2747	2
5081	2
2114	2
5195	1
2371	2
4209	5
1512	4
2410	5
3622	5
260	4
3573	4
1324	2
732	5
1374	5
3892	3
2780	5
3873	5
5100	1
4383	4
3554	4
4890	3
1909	4
1111	3
4368	3
5456	4
3641	3
4636	3
72	1
3195	1
3078	5
1774	5
3871	2
2512	3
4813	5
2690	3
40	4
5368	1
820	2
3647	5
4142	5
1587	2
3063	3
3561	1
1908	1
4303	5
3144	1
4705	1
2179	3
2166	5
5460	5
4693	2
1392	4
5497	4
2354	3
1659	5
2134	1
2412	1
206	4
4173	4
5294	2
2874	5
1755	4
2075	5
3975	1
1033	1
1828	3
3781	5
3612	4
4156	5
1509	2
3107	2
240	1
2998	3
3055	1
2941	3
103	3
4532	4
1	2
4969	2
2715	1
2419	1
4799	5
3032	3
2712	2
2965	1
1096	3
5481	5
3327	5
3126	1
2840	2
3892	4
4135	1
3538	5
383	2
64	4
4240	3
1184	5
2280	2
4311	1
2272	5
3403	5
3516	3
2308	2
4626	2
5347	5
3201	4
3679	4
3837	2
2454	4
2692	5
4677	5
4102	5
3148	5
3915	1
4558	5
2396	2
3404	5
1260	2
1499	1
22	4
4702	5
3151	1
3929	2
5462	4
4144	5
4816	1
1151	4
4879	3
3240	4
2591	2
2401	4
3377	4
4268	2
91	5
4692	4
485	3
3989	5
3484	3
2725	1
1413	2
3201	3
2987	1
3695	3
1909	5
1905	4
5226	1
4666	2
235	3
2388	3
2859	4
3837	1
5464	2
1889	3
17	5
1442	4
3281	4
1184	2
5412	3
4199	5
1813	2
3258	1
2737	2
4015	5
4100	3
4507	4
3633	2
2482	4
3479	5
3426	4
347	4
488	3
3440	3
1695	3
3038	3
3225	1
2216	2
4590	5
4438	5
3335	2
473	2
3689	4
4688	2
1014	2
4612	3
2888	1
1081	5
3646	5
5077	5
4167	2
658	3
634	4
1151	1
742	1
252	2
1559	4
1934	3
695	3
1009	2
2748	4
633	1
656	2
2923	5
1419	1
2856	4
1658	4
5384	2
1744	4
3386	3
3304	5
1845	4
891	2
2428	4
83	5
5138	4
1299	4
4242	2
5159	4
3	4
5488	3
197	4
3290	3
2150	1
216	4
4403	5
4482	1
3842	5
3663	4
3193	4
1375	5
2331	4
1401	2
1630	2
5216	2
3172	1
2208	3
781	5
2297	2
5372	2
4318	3
4240	1
8	2
5493	2
836	2
1676	3
426	4
3211	1
2863	3
2025	5
1730	2
777	1
4658	1
145	4
888	3
3804	1
5113	2
4839	2
4219	2
2117	3
1108	3
4598	4
267	2
2734	4
3425	2
4828	4
2854	3
5365	4
4658	2
5206	5
3537	2
3983	1
5196	5
4652	1
2803	1
2941	1
1200	4
1251	4
3562	4
5342	1
3728	5
3672	3
5450	4
3512	1
4712	3
2885	2
5314	1
4589	1
4404	2
468	3
3883	2
1404	5
1737	4
4738	3
2478	5
1429	1
1397	4
2791	4
1302	4
3525	5
4003	1
3864	4
977	4
417	2
1436	1
4993	4
4355	4
697	4
3564	2
3303	3
2651	3
4077	1
4367	4
2966	2
2012	4
706	3
3494	2
1214	3
4364	1
529	3
3660	3
5099	5
5370	1
2912	3
2086	5
2844	2
2278	2
4269	4
12	1
2048	1
221	5
2300	3
2907	4
2894	2
3590	1
1472	3
2210	5
2664	2
5447	1
1089	3
20	4
1760	1
3546	3
154	2
2132	1
2878	1
401	5
3205	4
2160	4
4743	2
3180	2
4947	4
2821	3
241	5
4784	3
3083	1
3563	2
4013	2
4207	5
1980	5
4417	1
3803	1
4794	4
794	4
2650	1
1966	5
2697	4
4928	4
1776	5
1886	5
3372	4
5070	1
2105	1
4522	5
3210	1
5075	4
2995	5
2092	5
4313	2
3181	4
4068	3
1749	1
1347	2
457	4
4397	4
3659	5
221	1
4657	4
2815	1
4291	3
1609	4
2772	1
715	4
2490	3
1536	2
4880	1
454	1
5067	1
1106	3
1194	5
3664	4
536	4
1390	4
1997	2
1516	1
2577	4
4352	2
399	3
2335	2
5137	5
2345	3
1527	2
2223	4
982	1
1347	3
2570	1
3118	2
2151	1
2303	1
1266	2
1590	5
382	3
4306	2
3263	1
5111	1
3982	5
5296	5
1255	5
3059	5
4309	5
4322	5
3231	5
454	3
3968	4
2379	4
672	2
3120	1
3568	2
2846	2
1412	3
4509	4
1324	4
853	3
2045	4
1900	3
359	5
1006	2
2214	1
3402	4
1852	5
822	2
1872	5
2200	1
5004	4
980	2
697	3
2937	1
589	5
2331	5
1550	2
574	3
5019	5
2380	5
656	4
3667	5
567	1
1365	5
4851	5
1575	2
2023	5
2000	5
2383	3
1061	1
442	4
1850	2
440	5
4671	2
473	5
2208	2
4327	2
4467	5
3301	5
2531	2
5364	3
701	2
3134	4
1632	3
760	4
2261	5
5243	4
3771	2
3229	1
1901	1
4844	4
1857	4
724	3
5470	1
746	3
721	1
2493	3
1091	4
3836	5
2409	2
2967	5
2670	3
5038	2
1689	2
4838	1
2816	3
4244	3
3505	3
3854	1
4353	2
4286	3
4590	2
4682	1
4766	1
5010	1
4873	4
3633	5
5395	1
34	4
3422	3
1206	4
5381	5
336	5
2673	2
2513	3
3505	5
1537	3
1449	4
3622	3
2962	1
5473	5
896	5
4691	3
4685	1
198	1
3006	4
2193	5
2449	3
3843	5
4669	1
1343	3
4203	1
1420	1
1895	4
2467	2
1680	1
3488	5
2752	3
2387	2
786	3
999	5
3622	2
4745	2
105	4
48	4
4436	2
2868	3
5479	2
698	2
343	2
4422	3
4693	3
4803	2
4511	2
5480	5
1553	2
593	1
1708	3
1595	3
4805	5
2209	1
13	5
3212	1
2513	4
4853	4
1206	3
165	1
715	2
4077	5
3192	3
3430	1
3679	3
2465	4
3951	2
392	2
5184	4
4220	3
327	3
3562	5
2835	1
2063	3
1498	2
622	5
1450	1
2455	2
587	4
4949	1
540	1
2755	1
5040	1
1078	5
4715	3
3686	5
1862	3
800	4
2224	1
58	3
2806	5
856	4
3395	3
1803	3
728	1
2807	2
4593	2
794	2
2868	5
5024	4
1588	3
3359	1
4100	1
250	3
67	5
1130	2
5310	4
2454	3
2037	5
1938	2
3944	2
4131	1
177	2
2515	2
4372	2
1383	1
2520	5
5248	4
972	1
3496	4
2257	2
1430	5
2431	5
1202	2
1140	4
1207	4
2613	1
3588	3
2362	5
3560	2
4359	5
288	1
4561	4
1039	4
397	1
1270	4
1057	3
3378	4
3504	5
3690	1
756	1
3124	1
2346	5
3685	5
470	4
4394	4
2277	4
494	5
5260	3
457	1
1250	1
1423	2
2300	4
4319	3
3406	4
2657	5
4597	5
1855	5
3535	2
3778	1
4607	4
765	3
780	3
3474	3
3989	1
4526	2
5438	4
4827	2
2437	2
331	2
996	1
1432	5
55	1
2343	1
1554	4
1239	1
474	5
5101	3
83	3
2105	3
586	3
3900	3
3590	4
86	2
756	2
4320	4
2599	1
5192	4
4648	2
2695	1
5486	1
2094	3
3040	2
4579	1
4236	3
1930	2
2116	3
5042	4
174	2
3027	2
941	2
1455	2
3374	4
4050	5
1095	2
916	2
3137	2
4201	1
3034	3
2698	2
2896	2
850	4
3035	3
4244	5
2133	1
766	2
1306	1
5397	2
2932	3
3165	2
2339	3
1634	1
2016	5
3034	1
2316	1
5441	1
2209	5
3765	5
1921	2
3922	5
1416	1
5201	1
4515	5
2775	2
3226	2
5337	1
588	3
571	3
4156	4
1538	3
4158	5
4210	1
2271	5
4801	1
2285	4
1724	4
3633	4
3226	1
1791	5
2655	5
498	4
2119	1
3037	3
1040	2
1049	3
5105	2
3654	1
1488	2
4144	1
4576	2
662	4
386	4
4050	3
3007	4
1081	1
531	1
3603	3
602	3
3159	1
3051	4
3438	3
1724	2
1197	4
594	5
2332	2
71	3
1944	5
1098	3
4982	5
4419	5
1361	3
3348	4
2613	5
4207	1
212	4
701	3
3062	5
606	2
4868	1
1135	3
3433	2
3075	3
3787	2
5447	2
4879	4
412	3
385	1
2064	1
4534	4
4011	4
4195	3
4489	1
3464	2
5496	3
1842	2
428	1
44	2
2048	2
368	2
4420	1
117	4
208	1
251	1
3275	1
3777	1
826	3
2912	2
1030	2
2175	3
3919	2
418	3
3878	4
1836	4
4464	3
2122	5
2098	2
5098	2
5494	2
791	3
1578	4
1755	1
5198	4
5446	1
2461	5
3330	4
3472	2
2164	3
174	1
73	1
4823	5
1903	3
4244	4
458	4
4946	1
5373	3
994	5
3578	1
2777	4
2743	5
2615	2
5209	2
686	2
2334	5
4224	4
2845	4
1861	3
818	3
1372	4
5345	2
1470	5
5103	5
5146	1
3625	2
692	2
4037	1
2320	4
29	2
681	1
4833	5
3940	4
837	2
1667	5
1286	3
4939	5
1623	4
5180	2
1680	3
2025	3
185	5
3047	2
1594	3
2101	3
1637	2
4611	4
3089	4
3986	4
5363	1
4720	1
1129	4
361	3
5269	3
4042	2
4342	5
475	5
5019	1
1970	5
2841	4
3967	1
5204	1
5418	3
3008	4
2480	3
1387	4
1393	5
2298	5
2261	2
4563	4
1053	1
5071	4
2771	4
5300	5
3385	2
724	4
4805	2
1107	2
3888	4
3243	4
5034	2
5179	2
3668	3
1296	2
5054	3
1090	3
3829	4
24	2
3834	2
1185	2
243	3
326	1
3438	5
4133	2
477	5
1108	4
837	5
3963	1
1154	3
4651	1
5228	3
1230	5
5493	4
3813	1
707	5
1097	5
1305	1
1750	3
3016	4
1749	2
1375	2
2627	2
3374	5
1443	2
578	2
4772	4
5494	5
2692	1
127	5
1629	5
1933	2
2246	4
5104	2
224	1
2507	2
3225	5
714	5
5225	1
1997	5
1332	4
750	4
1961	3
1428	4
2305	3
722	2
1844	4
4436	5
2653	5
1237	4
1977	1
730	2
3440	2
961	4
4521	4
4963	2
3651	2
787	3
2039	1
4755	1
4641	5
1432	4
5343	4
2349	1
1314	5
3965	1
3598	1
3712	4
4905	5
951	2
678	3
2563	2
4145	4
1283	1
4146	4
3479	4
963	4
5267	3
1019	1
1060	3
4607	1
2798	2
94	5
1912	2
5260	1
1056	3
1924	5
542	1
5234	1
3941	2
3521	1
4771	3
4899	1
4108	2
3316	4
3580	4
1874	5
2821	4
1751	2
793	1
2075	3
2149	2
1769	5
3652	5
4655	4
3035	5
1071	3
3720	4
1642	3
2135	5
364	1
487	3
5350	4
5163	3
4697	2
3261	5
3481	2
3054	4
4455	4
2792	5
3278	5
1314	4
2125	4
5321	4
1335	5
1669	4
3726	3
1197	5
89	5
5437	5
413	2
5130	1
315	3
1736	4
1087	3
1989	4
1685	5
3596	2
5031	5
477	1
2341	2
962	1
5240	5
5238	4
4959	2
2999	2
2758	3
2504	2
855	4
162	3
4206	2
1922	5
611	3
4698	2
3506	2
3816	3
2820	3
4751	2
2732	1
3420	5
141	4
2569	5
467	2
4262	1
3023	3
3721	4
5082	1
2632	4
2606	1
1816	4
3922	2
5357	5
4710	1
95	3
2961	4
720	2
4249	1
3399	1
3347	4
920	3
3163	3
4228	2
3733	5
410	2
3097	5
4562	3
5296	1
5011	3
1915	2
923	1
2573	3
84	3
4967	1
98	3
1280	4
354	3
2240	5
4545	1
1642	2
5111	3
1330	5
5253	1
841	5
4891	4
3974	1
4741	4
3224	1
757	2
4199	2
246	3
5136	5
2267	3
730	4
4918	2
2663	3
1852	3
3256	1
2830	3
1361	5
1300	2
651	4
432	3
2819	5
4051	5
3961	1
1972	1
1559	2
4085	1
383	3
2600	1
4999	2
423	4
670	1
2054	3
4552	5
1626	5
1189	4
1040	3
2981	1
830	3
1995	1
1306	2
304	1
1870	1
1802	2
1736	2
3872	5
2790	4
397	3
172	4
3961	5
2406	3
2886	2
4075	4
1823	3
5169	1
5227	1
180	1
4389	1
2902	5
1722	4
1640	2
3346	4
5100	2
27	2
4540	4
2341	5
2808	2
29	4
2290	1
1249	2
4515	3
1188	4
2521	2
707	2
3184	1
622	1
658	5
1076	2
3489	4
345	2
1919	4
1719	5
5163	5
906	5
235	5
4894	5
4208	1
2931	2
3090	4
190	4
5191	4
141	5
1424	3
3002	2
3466	5
4518	4
4918	3
4677	2
1577	5
4183	5
1390	1
1259	4
109	3
2381	2
1284	1
1762	4
2980	4
4168	3
511	2
1142	4
4773	5
2025	1
650	4
716	4
4169	1
2248	2
889	4
876	1
3297	3
2694	1
3312	4
4003	5
933	4
1858	3
340	3
1622	5
4565	4
379	4
1418	2
1475	1
2536	5
200	1
248	4
2800	2
4877	4
2049	2
3914	4
3865	2
2329	5
3085	2
4179	2
2984	1
5357	1
5321	1
3384	3
4574	1
759	5
5249	5
2183	5
1295	3
2177	4
4065	3
4884	2
2836	3
506	4
1355	1
4159	5
2831	4
4296	5
3121	2
1414	1
2492	1
2233	5
2829	5
1587	1
4466	4
419	1
2839	1
806	4
1114	4
2459	4
4516	5
2781	5
3813	5
4784	1
5060	2
3219	2
3560	1
2597	2
3314	2
3444	4
1410	3
623	5
2005	2
3801	3
2319	3
1423	4
1628	4
1475	4
770	4
1735	5
1595	2
4092	2
1633	2
3452	4
4439	4
4392	2
977	3
37	2
3558	1
3412	2
4154	1
1708	1
5457	4
4020	1
5277	5
5483	1
2025	4
5147	3
5143	2
2906	3
3470	5
2005	4
5422	4
313	3
2632	3
2960	4
3083	2
4837	4
3222	5
4437	1
4379	5
2881	1
2043	2
2788	1
5073	1
178	5
1661	4
373	4
2712	3
3284	3
4348	2
2397	3
246	4
332	3
4237	3
1484	4
3025	5
4413	4
3003	3
1066	1
3990	5
1829	3
130	5
3285	4
3981	5
3130	5
2615	1
4709	3
5374	1
3560	5
2827	2
2902	3
4719	4
227	5
2564	1
2173	1
2777	5
1412	2
1271	3
4356	5
5283	2
2213	5
3143	3
3509	5
1960	3
815	4
4960	5
3996	5
2601	3
1037	3
3005	3
3389	5
3999	4
648	4
2506	1
1230	1
2948	4
3783	5
4875	2
3955	5
2576	5
272	4
1674	3
5402	3
3292	2
520	3
1068	5
3964	2
2979	2
2736	1
723	4
4740	5
4806	3
3399	4
4568	3
2017	2
4464	5
1344	3
5446	5
1230	3
2611	3
425	5
4737	5
3057	5
493	3
496	1
2828	4
2526	5
2475	5
888	1
1658	2
189	1
3073	2
1064	4
1340	1
2875	2
5335	5
4969	5
3204	1
2610	3
4434	2
4496	2
4640	2
2598	2
4347	4
1545	1
1902	4
3554	5
3223	2
1043	1
4018	2
1839	4
5402	2
5361	2
1628	1
4877	3
3641	4
107	1
3162	1
66	5
156	1
575	5
2100	1
642	4
2871	4
317	4
3321	2
1059	5
664	2
1327	1
2638	3
4367	2
1871	2
666	2
4997	1
5394	5
3675	3
2704	5
3379	4
1665	1
572	5
3516	5
4705	4
1541	5
4830	3
283	2
4240	5
5022	2
4615	4
486	1
4536	1
1503	1
3527	2
2774	5
3303	5
3466	2
1313	2
755	1
2328	4
1402	4
2955	1
2941	4
2808	5
3600	2
435	5
4115	5
266	2
2002	4
4306	4
2564	3
2993	5
4226	2
4036	4
1877	1
3449	4
3183	5
998	5
4359	1
1121	4
1004	2
1054	5
4528	3
3628	5
2088	1
3782	5
738	3
3518	5
3221	5
2791	3
2298	4
5186	4
1575	1
4691	2
4921	5
490	2
124	3
3995	5
3018	3
2572	4
249	2
1225	1
4750	1
2174	4
4129	3
5338	1
4831	5
4712	1
718	2
970	5
2308	1
910	3
1275	2
3748	4
5092	2
4267	4
184	1
2702	3
3238	4
4459	3
3574	2
3869	3
4938	3
2585	2
3115	2
4888	4
5460	1
2669	1
5233	5
3079	1
3259	2
1754	1
654	1
1465	2
3951	4
3250	2
475	2
959	5
5376	3
1274	1
1415	5
1127	1
4348	4
3351	3
2090	4
1739	1
3366	2
3481	5
3937	1
4642	4
5139	1
3604	2
1494	4
5446	3
2748	1
2523	2
3599	4
4168	4
4841	2
2643	1
3188	1
5186	1
1384	4
3186	5
2645	2
281	2
5497	5
4651	3
1839	2
4492	4
4257	4
4354	1
1616	4
1840	4
1079	2
2947	3
5333	3
2277	2
4383	5
3488	4
5181	2
3003	4
725	5
1308	2
2449	5
4223	4
3648	4
5298	4
2623	1
1264	1
4724	4
2129	1
424	2
2389	2
2658	1
2338	3
3986	5
3036	2
2427	2
4071	2
352	2
5399	4
4252	4
2953	5
617	3
1059	3
2531	4
5006	3
1388	3
3724	3
3779	5
1152	4
1260	1
3721	3
710	1
1273	4
4241	3
2456	2
1901	5
2415	3
4355	5
4719	1
4422	2
4124	5
4595	4
1356	2
4802	1
3528	2
3492	1
717	4
5458	3
5354	5
595	5
3140	3
2029	1
1056	2
688	2
4260	2
2467	5
924	3
3248	2
1493	5
1923	4
629	4
1758	1
461	3
814	5
518	5
2536	4
5185	2
3934	1
4686	2
3805	4
1425	4
4568	5
4722	3
121	1
4059	5
4312	5
4622	4
4256	3
1748	5
3544	2
3929	3
2234	5
3819	1
1756	1
2582	2
2576	4
5152	2
4308	3
2096	5
4395	2
3880	3
443	3
1612	5
4089	3
831	1
5353	3
3691	1
143	4
978	3
4029	1
2354	5
4251	4
1955	1
3062	2
3929	1
5437	1
5418	4
2004	1
2925	2
1509	5
1706	4
2690	2
3448	1
2096	4
110	2
5261	5
3123	4
4205	3
1353	3
3621	3
1194	3
407	1
36	4
4075	3
864	4
3267	1
1120	2
4827	3
4645	3
1827	3
4403	2
1063	1
2246	5
2635	2
4691	5
1890	4
566	3
793	2
459	2
4767	2
142	4
1160	2
3061	3
4160	4
639	1
4760	4
844	5
2274	3
579	2
3264	2
2324	5
4728	1
1169	2
733	1
3682	3
5078	4
1590	3
2551	4
5219	1
1125	1
3057	3
2491	4
446	4
4839	4
4151	2
1278	4
2571	4
4184	3
4821	5
1807	1
1878	4
2458	5
4263	3
711	2
2943	5
671	5
4550	4
3524	4
2317	2
2331	2
1762	1
3257	3
1468	1
909	3
3187	4
1797	2
3123	3
4906	4
979	3
3376	2
3091	5
621	1
111	3
3116	3
4606	3
3142	4
2735	3
2859	2
1484	2
5218	5
3358	1
2412	4
599	3
3794	3
2727	5
1961	4
3399	2
2483	1
2424	5
3863	2
2165	1
1496	5
1342	2
1024	3
436	3
3150	4
3587	5
2800	5
2994	3
2818	4
1119	5
4535	5
4822	1
4993	1
314	5
3230	4
5347	3
3083	5
17	2
1035	3
1559	3
4136	4
2440	3
567	3
4758	3
5356	3
1288	1
4952	1
3170	2
332	2
1202	1
498	3
2934	3
4829	3
3630	3
5146	3
2532	3
4803	1
3143	1
3365	5
4633	4
4282	2
349	4
3467	4
699	5
1435	4
1635	1
953	1
1346	1
759	4
3383	5
4294	5
5276	5
2618	1
1288	3
582	4
3763	5
2385	5
175	4
3607	3
2846	4
4676	4
5339	4
2397	1
5500	2
4504	1
2394	3
2036	5
2295	1
5215	2
1997	3
263	4
5264	4
471	1
2326	3
3362	1
3927	5
3265	4
4418	1
5081	1
5496	2
2817	1
4480	3
430	4
5188	1
3195	2
2915	3
4518	5
1136	1
3805	2
4645	2
1342	3
4297	2
3065	3
1018	3
4283	4
2073	2
1117	4
2300	5
1650	3
1683	2
888	4
922	5
3703	5
1070	1
2945	1
5426	3
4743	3
2843	3
4809	5
2555	1
5148	2
4329	2
347	1
3164	5
639	4
3673	2
4430	3
687	1
245	4
1613	3
248	3
1967	3
5052	1
2315	5
5302	4
2430	2
3127	4
1282	5
2040	4
5127	2
42	4
2810	5
429	2
4918	5
1122	3
4619	1
4303	4
2031	2
1317	5
5007	2
1622	1
1389	1
3863	3
1521	1
3998	4
2613	3
5077	2
3644	5
3571	2
5179	1
1564	3
503	1
2568	4
4556	3
2521	1
5486	3
2273	1
4300	2
2261	1
1646	2
4712	4
5094	1
4963	5
3435	2
2111	5
1678	3
1726	3
4102	3
2595	3
4458	4
1428	5
852	5
4238	5
4553	3
3967	2
2660	5
3455	1
4208	5
1233	4
296	4
91	4
769	4
414	4
2822	2
3036	5
3761	2
405	3
1132	3
4272	3
2679	3
880	5
2049	3
744	1
2186	4
4545	2
2189	3
1619	5
3899	4
1411	1
276	4
3850	4
2276	2
1750	4
5232	1
1596	5
1826	3
4083	3
214	1
1309	4
1453	5
188	1
1357	2
419	5
4614	2
1994	1
1889	4
5006	5
2888	4
4812	4
904	3
5073	3
1146	4
1458	4
2582	5
366	1
1509	4
3688	5
1334	2
2896	5
3145	4
2609	2
3588	2
5105	5
5153	4
3748	3
2876	4
5083	2
4115	1
383	4
5392	3
2573	5
1973	5
216	1
3111	3
719	4
3382	3
4606	5
4773	1
14	4
3095	2
4165	2
825	4
3133	1
3158	5
287	2
4744	2
2508	4
3684	4
5457	1
5195	3
5333	1
806	5
3521	4
958	1
5485	3
5298	3
2548	1
3941	3
644	4
1760	3
5436	1
3362	2
4855	4
152	1
5358	4
2260	4
1252	2
3767	3
3415	2
4936	3
2592	5
1886	4
3921	1
609	4
5272	1
100	1
2202	3
2279	5
3429	4
129	1
3421	3
1071	2
2823	4
3604	3
1146	5
4155	5
4749	3
3437	2
4358	2
3314	3
1707	2
29	5
508	2
3299	5
4436	1
3931	4
1764	1
1831	2
3130	1
1501	1
1656	1
983	1
4270	1
3100	3
4623	5
141	1
1650	4
4346	4
217	3
373	5
3460	3
2882	5
2642	4
4490	3
2998	4
5308	4
5119	4
4654	3
5372	5
2710	5
3379	2
3593	4
3233	3
572	1
578	1
1745	4
2743	2
4197	1
2603	1
4180	4
1285	2
3555	2
5006	4
562	1
4150	3
2772	5
4400	4
3777	3
3811	4
3851	2
1299	3
4458	2
1850	3
4772	3
2444	4
3431	3
4671	5
3523	4
1686	2
4933	3
3581	1
1323	3
3522	1
612	1
3322	5
4482	4
3894	2
1625	4
367	5
4586	5
1624	1
4796	1
2926	5
5197	5
3568	4
2787	2
1839	5
1070	2
1426	3
1436	3
628	5
4141	3
2728	5
1171	5
199	5
403	5
4399	3
1624	4
4478	3
2918	2
861	1
479	4
1564	5
196	2
266	5
1510	2
5272	2
3074	1
987	1
2180	1
565	5
4381	2
4154	2
2260	3
2095	1
2897	5
4090	4
1992	1
4453	2
2709	4
2937	2
106	3
3269	5
4911	4
3520	5
1159	3
2768	1
4993	3
3718	5
1048	5
2414	5
573	3
5319	1
3808	4
2637	2
4756	2
3199	1
1513	5
817	3
5424	1
3305	4
210	1
2284	4
3323	2
2468	3
1462	2
801	4
2456	3
2	4
1581	5
4986	2
1281	3
5417	4
1009	3
4882	2
3197	2
1885	4
222	1
4247	3
2857	3
1224	3
989	1
3050	2
2413	4
625	4
2833	4
4423	4
2729	4
592	5
1252	4
2719	3
667	2
4108	5
2547	1
1640	5
153	4
4051	1
4110	5
3603	4
2960	1
3760	2
5472	1
1294	4
5395	4
5161	5
4300	1
1885	5
2563	3
2575	4
4949	5
3523	1
2867	4
635	4
1586	2
1716	5
3263	3
138	3
5440	2
2219	4
1539	5
3013	5
4419	2
1925	4
2460	3
1099	5
3454	5
3415	3
2599	3
74	1
1301	2
1697	3
119	5
5147	4
1881	1
2083	2
3009	5
3135	5
1381	3
1655	5
3795	3
4460	3
1524	4
614	4
2856	2
2436	3
3167	4
3703	1
15	4
5425	1
257	3
4117	3
2648	4
3773	3
4402	2
5463	1
3715	2
375	3
3572	1
3579	2
2995	1
4999	4
3062	3
128	1
4683	2
997	5
1275	4
3281	5
244	5
2072	5
4781	2
1250	5
3609	3
4020	5
1768	5
1061	5
135	4
2205	5
1001	1
1437	2
2215	5
2729	2
4410	1
3465	5
2239	5
3974	5
4461	3
1587	5
1488	1
1446	1
5426	4
2218	1
3307	1
1548	1
5474	4
3881	5
1873	4
885	3
231	4
2264	1
1629	2
4142	1
1314	1
1495	5
4891	3
1816	5
3177	1
2454	1
147	4
4179	4
4965	2
2317	1
1496	3
4728	5
4817	5
5407	3
2010	4
1620	1
2041	4
1362	4
2510	4
5164	2
2051	5
51	1
1798	5
3910	3
4522	3
4347	2
4848	5
1152	1
2248	3
4465	2
1008	5
5224	2
957	1
4796	5
3256	3
1314	3
2024	4
5235	1
134	4
4343	4
2708	1
2709	2
4971	2
2685	3
788	1
1428	3
970	1
4309	1
1892	3
2337	2
3226	3
2789	5
2639	2
2008	1
2121	5
3641	5
5436	4
3253	3
3153	2
4394	5
1087	5
4735	3
4223	5
2726	5
653	5
3027	3
2364	2
1996	1
3530	3
4055	2
3687	1
500	3
189	5
532	1
2223	5
2882	3
5281	2
901	3
27	1
830	1
3385	5
4404	3
1552	3
138	1
4900	1
2964	1
2402	1
4729	5
5332	1
700	2
2618	3
2115	4
4733	2
1958	5
3192	5
1158	1
750	3
4487	3
3773	4
1600	1
4670	3
2193	4
4481	2
5274	3
3240	5
3194	3
2325	1
408	5
732	4
793	5
5054	5
2865	4
3177	5
919	4
1728	2
4573	2
2304	1
5266	3
4118	4
4022	1
5301	4
1522	4
4842	1
4250	5
2089	1
5176	2
3995	3
4942	1
2166	4
2112	4
250	1
4575	2
1299	1
2338	5
4560	5
2259	1
5041	3
1876	4
4196	1
2610	5
4080	2
3997	2
4934	3
4605	3
4352	3
3718	1
1644	5
1012	2
139	4
2754	5
1717	5
387	2
1649	1
3331	2
1418	1
4880	5
5211	2
2352	4
946	2
1833	4
456	1
4222	1
1769	3
3535	4
5028	4
3930	5
2427	4
3101	2
916	5
3624	4
419	3
2942	3
4529	3
367	4
976	5
3763	1
3456	5
5054	2
2842	5
767	3
1424	2
2459	2
612	2
1687	3
3568	3
3662	5
3987	1
1869	1
2608	3
370	3
5474	5
1706	1
2163	1
3511	5
4290	5
4547	5
2796	4
1380	3
369	1
4615	3
1048	4
3209	4
759	3
1174	3
4245	5
5434	2
2658	2
1184	1
2845	1
4502	2
2008	3
4923	3
433	5
1232	2
4663	4
2392	5
659	4
4276	3
2919	1
407	4
2042	4
4967	2
2718	2
3063	2
2652	1
4974	5
464	1
3971	3
2819	3
3040	3
2109	5
5337	5
745	3
1619	3
2737	3
4945	3
2501	3
3312	3
4743	5
4535	4
2664	1
3114	1
5223	4
424	1
2620	2
4667	4
1034	1
4150	2
3333	2
2195	1
3496	5
1954	4
4118	5
2975	1
2071	4
4441	2
4359	4
4326	1
4418	3
3235	2
4746	4
1383	4
4795	3
1414	4
1474	2
3793	5
1161	1
5087	1
1181	3
2192	4
1832	2
4585	5
644	3
1451	3
513	3
842	4
3295	3
4994	3
2196	2
2515	4
3533	1
2546	2
4609	1
1951	1
2399	5
5365	2
1455	4
869	4
3871	3
2002	3
1684	2
310	4
5330	4
1397	2
5474	2
4673	4
16	4
2120	5
1203	4
229	5
4029	4
3483	5
3804	5
2393	2
4758	4
1327	3
2783	4
3857	3
441	1
1823	1
2606	3
4494	2
945	1
4841	1
1134	2
2814	5
3941	1
4253	2
830	4
5493	3
4805	4
2103	2
3363	3
1485	4
5063	4
5327	3
2771	3
999	3
69	5
2420	1
2545	1
2387	1
3197	4
1275	1
4087	5
1472	1
993	1
3331	5
983	4
1879	3
610	4
4443	2
2863	5
727	1
4565	2
2869	4
341	4
271	2
517	1
257	5
2928	2
808	2
2880	2
1470	2
1296	4
1212	5
3184	4
5166	3
985	1
971	4
1506	1
4266	3
3738	1
2214	4
1086	3
613	1
3784	4
4181	2
4576	3
4776	4
4119	4
1735	4
2520	4
2119	2
1684	1
2379	1
2466	2
3565	3
65	3
939	4
741	2
2649	2
80	5
4814	4
2811	4
2839	3
961	5
3398	1
2411	2
4648	3
3589	4
2481	4
4405	5
2139	2
3101	5
712	2
5000	1
1359	2
2353	4
1329	2
2314	5
297	2
2853	4
4953	1
5110	3
2147	3
2421	3
5416	4
3242	5
4942	5
3088	1
1605	4
4406	1
4875	5
2125	5
4303	3
2540	4
4775	5
2020	5
512	1
5309	1
1360	4
3687	5
5014	1
3341	2
3118	3
3635	4
1813	3
104	1
4232	3
333	1
4317	1
\.


--
-- Data for Name: scholarships; Type: TABLE DATA; Schema: public; Owner: postgres
--

COPY public.scholarships (scholarshipid, scholarshipname, scholarshipamount) FROM stdin;
1	Merit-Based	3879
2	Athletic	3340
3	Academic	4916
4	Artistic	1487
5	Science Grant	3199
\.


--
-- Data for Name: students; Type: TABLE DATA; Schema: public; Owner: postgres
--

COPY public.students (studentid, age, gender, yearinschool, major) FROM stdin;
1	22	Male	Freshman	Engineering
2	23	Male	Senior	Business
3	18	Female	Junior	Arts
4	21	Other	Senior	Engineering
5	21	Male	Sophomore	Arts
6	21	Male	Junior	Arts
8	21	Other	Junior	Engineering
9	23	Other	Senior	Science
10	20	Other	Freshman	Arts
11	22	Other	Freshman	Science
12	24	Female	Sophomore	Business
13	18	Female	Senior	Science
14	18	Male	Freshman	Science
15	22	Male	Freshman	Arts
16	20	Female	Junior	Arts
17	19	Other	Junior	Science
18	24	Male	Sophomore	Engineering
19	24	Male	Freshman	Science
20	18	Other	Freshman	Business
21	19	Male	Freshman	Science
22	23	Female	Senior	Engineering
23	19	Female	Junior	Science
24	23	Male	Senior	Science
25	18	Female	Junior	Engineering
26	19	Male	Junior	Business
27	22	Male	Junior	Engineering
28	21	Female	Freshman	Arts
29	18	Female	Sophomore	Business
30	21	Female	Senior	Business
31	23	Male	Sophomore	Engineering
32	24	Female	Senior	Business
33	18	Other	Senior	Science
34	20	Male	Freshman	Science
35	21	Male	Freshman	Engineering
36	18	Other	Freshman	Arts
37	19	Other	Junior	Engineering
38	21	Male	Junior	Science
39	23	Other	Sophomore	Engineering
40	21	Female	Freshman	Science
41	21	Female	Junior	Business
42	24	Male	Senior	Business
43	18	Male	Senior	Engineering
44	19	Female	Senior	Science
45	19	Male	Sophomore	Arts
46	19	Female	Sophomore	Engineering
47	18	Other	Senior	Arts
48	20	Other	Junior	Engineering
49	22	Other	Sophomore	Business
50	21	Male	Freshman	Arts
51	24	Other	Senior	Engineering
52	21	Female	Junior	Science
53	20	Female	Sophomore	Arts
54	22	Female	Senior	Arts
55	20	Female	Senior	Engineering
56	18	Female	Junior	Science
57	18	Other	Sophomore	Science
58	22	Female	Freshman	Science
59	23	Other	Freshman	Arts
60	23	Female	Sophomore	Engineering
61	24	Male	Senior	Engineering
62	18	Other	Sophomore	Arts
63	22	Male	Freshman	Science
64	19	Other	Sophomore	Engineering
65	22	Other	Senior	Business
66	19	Male	Senior	Science
67	20	Female	Junior	Science
68	20	Female	Senior	Science
69	18	Female	Junior	Arts
70	19	Female	Junior	Business
71	19	Other	Sophomore	Business
72	19	Female	Freshman	Science
73	19	Other	Junior	Business
74	21	Other	Senior	Business
75	24	Other	Sophomore	Business
76	21	Male	Freshman	Science
77	24	Male	Junior	Science
78	20	Female	Senior	Business
79	21	Other	Senior	Science
80	18	Female	Senior	Engineering
81	24	Male	Sophomore	Science
82	21	Male	Junior	Engineering
83	23	Male	Senior	Arts
84	22	Other	Junior	Science
85	19	Male	Senior	Business
86	20	Male	Freshman	Science
87	22	Female	Sophomore	Engineering
88	21	Female	Senior	Business
89	22	Female	Senior	Arts
90	24	Female	Junior	Engineering
91	22	Male	Freshman	Engineering
92	22	Male	Senior	Engineering
93	21	Other	Freshman	Business
94	22	Male	Senior	Business
95	22	Female	Junior	Science
96	22	Other	Junior	Science
97	18	Other	Senior	Engineering
98	24	Male	Sophomore	Business
99	22	Male	Senior	Science
100	21	Other	Junior	Science
101	20	Other	Freshman	Science
102	23	Other	Freshman	Arts
103	23	Male	Sophomore	Engineering
104	23	Female	Junior	Engineering
105	18	Other	Senior	Business
106	19	Male	Senior	Business
107	23	Other	Senior	Arts
108	19	Male	Junior	Engineering
109	21	Male	Senior	Arts
110	18	Male	Junior	Science
111	23	Male	Freshman	Arts
112	24	Other	Junior	Engineering
113	18	Female	Freshman	Arts
114	19	Other	Junior	Science
115	20	Other	Senior	Engineering
116	22	Female	Junior	Business
117	20	Male	Senior	Engineering
118	18	Female	Senior	Science
119	23	Other	Freshman	Business
120	21	Male	Senior	Science
121	20	Other	Senior	Business
122	20	Male	Senior	Business
123	23	Other	Freshman	Arts
124	18	Male	Junior	Arts
125	23	Other	Senior	Business
126	19	Male	Senior	Science
127	18	Female	Junior	Science
128	20	Other	Sophomore	Science
129	20	Female	Sophomore	Arts
130	21	Male	Senior	Arts
131	20	Male	Junior	Engineering
132	21	Female	Sophomore	Engineering
133	20	Male	Junior	Business
134	19	Male	Freshman	Engineering
135	20	Male	Junior	Science
136	24	Female	Sophomore	Business
137	21	Other	Sophomore	Arts
138	24	Other	Junior	Arts
139	21	Other	Sophomore	Business
140	21	Male	Junior	Arts
141	20	Male	Sophomore	Science
142	24	Female	Senior	Engineering
143	21	Female	Senior	Science
144	22	Female	Senior	Engineering
145	19	Female	Freshman	Business
146	20	Male	Freshman	Science
147	21	Female	Senior	Science
148	24	Female	Freshman	Engineering
149	19	Female	Senior	Engineering
150	20	Other	Freshman	Arts
151	19	Male	Senior	Science
152	22	Female	Freshman	Science
153	20	Male	Junior	Science
154	24	Female	Senior	Science
155	21	Other	Junior	Business
156	18	Other	Senior	Business
157	21	Male	Junior	Arts
158	20	Female	Sophomore	Business
159	21	Other	Junior	Arts
160	18	Female	Junior	Science
161	18	Female	Sophomore	Business
162	24	Other	Freshman	Business
163	18	Other	Freshman	Business
164	24	Other	Senior	Science
165	21	Male	Sophomore	Science
166	24	Male	Junior	Arts
167	20	Male	Senior	Arts
168	21	Male	Sophomore	Arts
169	18	Other	Sophomore	Engineering
170	22	Other	Sophomore	Business
171	18	Other	Freshman	Science
172	23	Female	Sophomore	Engineering
173	24	Other	Senior	Engineering
174	18	Other	Senior	Business
175	23	Other	Junior	Arts
176	20	Other	Freshman	Science
177	21	Other	Senior	Science
178	24	Male	Freshman	Business
179	20	Male	Junior	Engineering
180	21	Other	Freshman	Arts
181	23	Female	Senior	Science
182	18	Female	Junior	Science
183	18	Female	Senior	Business
184	18	Female	Junior	Business
185	21	Other	Sophomore	Science
186	18	Female	Senior	Business
187	20	Male	Senior	Business
188	20	Female	Senior	Arts
189	18	Female	Freshman	Science
190	22	Female	Sophomore	Arts
191	21	Female	Freshman	Arts
192	22	Male	Sophomore	Science
193	23	Female	Senior	Arts
194	24	Male	Junior	Arts
195	18	Female	Freshman	Arts
196	22	Male	Freshman	Engineering
197	21	Other	Sophomore	Engineering
198	23	Male	Freshman	Arts
199	21	Male	Freshman	Arts
200	22	Female	Sophomore	Science
201	24	Male	Senior	Arts
202	23	Male	Sophomore	Engineering
203	19	Male	Freshman	Science
204	23	Female	Freshman	Science
205	21	Other	Freshman	Arts
206	18	Other	Sophomore	Arts
207	18	Female	Senior	Engineering
208	18	Other	Junior	Arts
209	23	Female	Sophomore	Business
210	23	Female	Junior	Engineering
211	24	Male	Senior	Engineering
212	19	Female	Sophomore	Engineering
213	18	Other	Junior	Engineering
214	22	Female	Senior	Engineering
215	19	Male	Sophomore	Engineering
216	24	Male	Junior	Engineering
217	23	Other	Freshman	Engineering
218	23	Other	Freshman	Engineering
219	21	Other	Freshman	Science
220	19	Male	Sophomore	Science
221	18	Female	Senior	Science
222	18	Female	Senior	Arts
223	22	Male	Freshman	Science
224	21	Female	Senior	Business
225	21	Female	Sophomore	Business
226	19	Female	Sophomore	Business
227	24	Male	Junior	Arts
228	23	Female	Senior	Business
229	23	Other	Freshman	Science
230	18	Male	Freshman	Science
231	18	Male	Freshman	Engineering
232	19	Female	Senior	Arts
233	20	Other	Senior	Arts
234	18	Male	Senior	Engineering
235	24	Female	Freshman	Science
236	21	Male	Sophomore	Arts
237	24	Male	Junior	Engineering
238	23	Male	Sophomore	Engineering
239	19	Other	Freshman	Arts
240	19	Other	Sophomore	Arts
241	24	Other	Senior	Engineering
242	22	Other	Freshman	Business
243	18	Other	Sophomore	Engineering
244	23	Other	Senior	Engineering
245	18	Female	Freshman	Engineering
246	21	Other	Junior	Arts
247	20	Other	Senior	Business
248	21	Male	Junior	Arts
249	20	Male	Senior	Science
250	22	Other	Junior	Business
251	24	Other	Senior	Business
252	21	Male	Sophomore	Science
253	24	Male	Senior	Arts
254	24	Male	Junior	Business
255	23	Male	Sophomore	Arts
256	23	Male	Senior	Business
257	21	Male	Senior	Engineering
258	18	Male	Senior	Arts
259	21	Female	Sophomore	Science
260	18	Other	Junior	Engineering
261	22	Other	Senior	Engineering
262	20	Male	Junior	Arts
263	24	Other	Senior	Science
264	21	Male	Sophomore	Arts
265	23	Female	Senior	Arts
266	23	Female	Sophomore	Science
267	22	Other	Freshman	Arts
268	18	Female	Senior	Arts
269	20	Male	Junior	Science
270	21	Female	Freshman	Arts
271	21	Male	Senior	Business
272	19	Other	Sophomore	Arts
273	23	Male	Junior	Arts
274	21	Other	Junior	Business
275	24	Other	Junior	Engineering
276	22	Male	Junior	Science
277	23	Other	Freshman	Arts
278	23	Other	Junior	Engineering
279	21	Female	Junior	Business
280	21	Female	Freshman	Engineering
281	19	Male	Sophomore	Science
282	19	Male	Sophomore	Science
283	19	Other	Junior	Engineering
284	21	Female	Sophomore	Arts
285	24	Other	Freshman	Engineering
286	20	Male	Junior	Science
287	20	Male	Senior	Business
288	22	Female	Junior	Science
289	21	Other	Senior	Engineering
290	19	Female	Senior	Arts
291	20	Male	Senior	Arts
292	21	Male	Sophomore	Engineering
293	23	Female	Freshman	Business
294	23	Female	Freshman	Arts
295	23	Other	Freshman	Business
296	19	Female	Freshman	Arts
297	22	Other	Junior	Engineering
298	20	Male	Junior	Business
299	20	Female	Junior	Arts
300	18	Female	Freshman	Science
301	19	Other	Freshman	Business
302	23	Other	Freshman	Business
303	18	Other	Freshman	Business
304	22	Male	Senior	Science
305	18	Female	Sophomore	Engineering
306	21	Female	Sophomore	Engineering
307	20	Other	Junior	Science
308	23	Male	Senior	Engineering
309	24	Female	Sophomore	Business
310	23	Male	Junior	Engineering
311	24	Other	Sophomore	Arts
312	18	Other	Freshman	Engineering
313	24	Male	Junior	Business
314	18	Male	Sophomore	Arts
315	23	Male	Freshman	Arts
316	19	Male	Senior	Arts
317	19	Male	Freshman	Science
318	18	Male	Senior	Business
319	21	Other	Senior	Business
320	18	Male	Sophomore	Business
321	21	Male	Junior	Engineering
322	18	Female	Sophomore	Business
323	22	Other	Senior	Science
324	22	Other	Senior	Arts
325	18	Other	Junior	Business
326	19	Male	Junior	Arts
327	21	Male	Freshman	Business
328	22	Male	Freshman	Arts
329	21	Male	Junior	Arts
330	20	Female	Junior	Science
331	24	Male	Junior	Arts
332	23	Male	Junior	Arts
333	19	Female	Senior	Engineering
334	19	Male	Junior	Engineering
335	20	Male	Sophomore	Engineering
336	19	Female	Senior	Science
337	23	Male	Sophomore	Science
338	22	Male	Sophomore	Business
339	23	Male	Junior	Science
340	20	Other	Sophomore	Science
341	23	Male	Senior	Arts
342	23	Male	Junior	Business
343	22	Male	Freshman	Science
344	22	Other	Junior	Arts
345	23	Female	Freshman	Arts
346	23	Female	Senior	Engineering
347	20	Male	Freshman	Engineering
348	21	Female	Senior	Business
349	23	Male	Senior	Business
350	21	Other	Senior	Engineering
351	24	Female	Freshman	Arts
352	24	Other	Sophomore	Arts
353	19	Female	Senior	Science
354	24	Other	Junior	Business
355	20	Other	Junior	Business
356	22	Male	Sophomore	Business
357	21	Male	Junior	Engineering
358	21	Female	Freshman	Science
359	19	Other	Senior	Science
360	19	Female	Junior	Business
361	23	Male	Sophomore	Arts
362	24	Other	Sophomore	Arts
363	23	Male	Junior	Science
364	19	Female	Junior	Engineering
365	19	Other	Sophomore	Science
366	20	Male	Sophomore	Arts
367	18	Other	Senior	Science
368	21	Other	Senior	Arts
369	19	Female	Freshman	Arts
370	22	Male	Senior	Science
371	21	Other	Sophomore	Business
372	19	Female	Freshman	Science
373	19	Male	Junior	Science
374	20	Female	Junior	Arts
375	18	Male	Junior	Science
376	24	Other	Sophomore	Arts
377	18	Female	Freshman	Arts
378	20	Male	Senior	Engineering
379	22	Female	Junior	Arts
380	24	Other	Junior	Business
381	18	Other	Sophomore	Arts
382	22	Male	Senior	Arts
383	21	Male	Freshman	Science
384	21	Male	Freshman	Science
385	18	Other	Senior	Business
386	18	Female	Freshman	Engineering
387	21	Male	Freshman	Science
388	23	Female	Sophomore	Arts
389	21	Other	Senior	Engineering
390	24	Female	Junior	Science
391	18	Male	Senior	Arts
392	21	Male	Sophomore	Arts
393	18	Male	Freshman	Science
394	23	Other	Senior	Engineering
395	20	Other	Junior	Business
396	19	Other	Junior	Science
397	18	Female	Senior	Engineering
398	22	Male	Freshman	Arts
399	18	Other	Sophomore	Engineering
400	21	Other	Junior	Arts
401	22	Male	Senior	Science
402	22	Male	Junior	Arts
403	19	Male	Freshman	Engineering
404	18	Female	Sophomore	Arts
405	20	Female	Freshman	Engineering
406	24	Other	Freshman	Business
407	24	Female	Freshman	Arts
408	22	Other	Freshman	Business
409	22	Male	Junior	Science
410	20	Female	Freshman	Engineering
411	22	Other	Freshman	Science
412	24	Other	Sophomore	Science
413	21	Female	Senior	Arts
414	20	Other	Sophomore	Science
415	21	Male	Senior	Science
416	18	Other	Junior	Business
417	23	Male	Junior	Engineering
418	23	Female	Senior	Arts
419	23	Female	Freshman	Engineering
420	18	Other	Senior	Engineering
421	18	Female	Sophomore	Arts
422	23	Female	Sophomore	Science
423	21	Male	Sophomore	Engineering
424	22	Male	Freshman	Business
425	22	Female	Sophomore	Engineering
426	23	Female	Junior	Arts
427	20	Other	Senior	Science
428	20	Male	Senior	Science
429	22	Female	Junior	Science
430	24	Other	Freshman	Engineering
431	19	Male	Freshman	Arts
432	21	Other	Senior	Science
433	21	Female	Freshman	Science
434	21	Female	Senior	Business
435	19	Female	Freshman	Engineering
436	20	Male	Senior	Arts
437	23	Male	Sophomore	Arts
438	20	Female	Junior	Business
439	21	Other	Sophomore	Engineering
440	24	Female	Sophomore	Business
441	23	Female	Junior	Engineering
442	20	Male	Sophomore	Arts
443	21	Other	Senior	Science
444	22	Other	Senior	Arts
445	22	Male	Senior	Arts
446	20	Other	Senior	Science
447	23	Other	Freshman	Arts
448	19	Female	Senior	Science
449	24	Other	Sophomore	Engineering
450	20	Male	Freshman	Arts
451	23	Female	Sophomore	Business
452	18	Female	Freshman	Business
453	24	Male	Freshman	Engineering
454	21	Other	Sophomore	Engineering
455	18	Female	Junior	Science
456	20	Other	Senior	Engineering
457	22	Other	Junior	Business
458	21	Other	Sophomore	Science
459	20	Male	Sophomore	Business
460	19	Other	Freshman	Arts
461	20	Female	Senior	Business
462	19	Female	Sophomore	Engineering
463	22	Male	Junior	Business
464	23	Female	Senior	Science
465	19	Other	Sophomore	Business
466	24	Female	Sophomore	Science
467	24	Male	Junior	Business
468	18	Other	Junior	Engineering
469	23	Other	Junior	Science
470	18	Male	Junior	Science
471	18	Female	Sophomore	Science
472	18	Other	Sophomore	Arts
473	24	Female	Freshman	Science
474	18	Other	Senior	Arts
475	19	Male	Senior	Business
476	18	Female	Senior	Arts
477	21	Male	Junior	Science
478	24	Male	Sophomore	Engineering
479	19	Other	Sophomore	Arts
480	22	Male	Junior	Business
481	19	Female	Junior	Arts
482	20	Other	Sophomore	Business
483	22	Other	Sophomore	Science
484	18	Male	Senior	Engineering
485	18	Other	Senior	Arts
486	20	Male	Sophomore	Engineering
487	23	Other	Sophomore	Engineering
488	18	Female	Sophomore	Science
489	22	Male	Junior	Arts
490	22	Female	Junior	Arts
491	22	Female	Freshman	Business
492	19	Female	Junior	Engineering
493	24	Other	Freshman	Science
494	24	Female	Sophomore	Engineering
495	19	Female	Sophomore	Arts
496	22	Other	Senior	Science
497	19	Other	Junior	Science
498	23	Male	Junior	Arts
499	19	Other	Sophomore	Science
500	21	Other	Senior	Arts
501	23	Male	Senior	Science
502	19	Male	Sophomore	Business
503	21	Male	Senior	Engineering
504	23	Female	Sophomore	Arts
505	21	Other	Sophomore	Science
506	24	Other	Senior	Science
507	24	Male	Junior	Science
508	19	Male	Sophomore	Science
509	19	Other	Junior	Arts
510	19	Male	Freshman	Arts
511	24	Other	Sophomore	Engineering
512	18	Other	Senior	Science
513	21	Other	Senior	Business
514	18	Male	Sophomore	Science
515	22	Other	Freshman	Business
516	19	Female	Junior	Business
517	22	Other	Freshman	Science
518	23	Male	Freshman	Business
519	18	Other	Sophomore	Arts
520	21	Female	Junior	Business
521	24	Other	Sophomore	Arts
522	20	Female	Sophomore	Arts
523	19	Female	Senior	Engineering
524	22	Other	Junior	Engineering
525	22	Male	Sophomore	Engineering
526	22	Other	Senior	Science
527	18	Female	Senior	Arts
528	18	Other	Sophomore	Business
529	20	Other	Sophomore	Arts
530	23	Male	Freshman	Engineering
531	18	Female	Junior	Science
532	24	Male	Junior	Arts
533	21	Male	Senior	Engineering
534	21	Other	Junior	Engineering
535	22	Other	Sophomore	Engineering
536	24	Female	Sophomore	Engineering
537	19	Female	Junior	Arts
538	22	Female	Freshman	Engineering
539	21	Female	Junior	Science
540	21	Male	Senior	Science
541	21	Female	Senior	Business
542	22	Female	Junior	Engineering
543	20	Other	Sophomore	Engineering
544	19	Male	Sophomore	Science
545	20	Female	Sophomore	Engineering
546	20	Male	Freshman	Science
547	19	Other	Sophomore	Science
548	21	Male	Freshman	Business
549	21	Male	Junior	Arts
550	22	Female	Sophomore	Engineering
551	22	Male	Junior	Arts
552	20	Female	Sophomore	Business
553	19	Other	Senior	Arts
554	19	Female	Senior	Engineering
555	18	Other	Senior	Business
556	18	Other	Junior	Engineering
557	20	Female	Freshman	Arts
558	22	Female	Junior	Business
559	21	Male	Sophomore	Science
560	23	Female	Junior	Science
561	24	Other	Senior	Science
562	21	Male	Freshman	Arts
563	20	Female	Sophomore	Engineering
564	19	Male	Junior	Business
565	18	Male	Sophomore	Engineering
566	22	Other	Freshman	Arts
567	19	Other	Sophomore	Arts
568	22	Other	Junior	Arts
569	22	Female	Sophomore	Business
570	20	Other	Senior	Science
571	18	Male	Freshman	Arts
572	18	Other	Senior	Engineering
573	23	Male	Freshman	Arts
574	21	Other	Junior	Science
575	19	Male	Sophomore	Arts
576	23	Female	Sophomore	Business
577	23	Male	Freshman	Engineering
578	19	Male	Freshman	Business
579	23	Female	Senior	Business
580	24	Female	Junior	Business
581	18	Other	Freshman	Arts
582	24	Other	Freshman	Arts
583	22	Female	Sophomore	Science
584	21	Female	Sophomore	Arts
585	23	Female	Junior	Science
586	21	Other	Sophomore	Business
587	22	Other	Junior	Engineering
588	21	Female	Junior	Arts
589	24	Female	Sophomore	Science
590	22	Male	Freshman	Engineering
591	21	Female	Junior	Business
592	18	Other	Sophomore	Arts
593	23	Other	Freshman	Business
594	21	Female	Junior	Arts
595	21	Other	Junior	Business
596	24	Female	Junior	Science
597	19	Male	Sophomore	Engineering
598	21	Other	Freshman	Science
599	23	Other	Senior	Engineering
600	23	Female	Junior	Science
601	22	Female	Freshman	Arts
602	18	Other	Senior	Science
603	21	Female	Senior	Engineering
604	24	Other	Senior	Science
605	18	Male	Sophomore	Engineering
606	18	Male	Senior	Arts
607	21	Other	Freshman	Business
608	24	Female	Freshman	Arts
609	19	Other	Senior	Engineering
610	20	Female	Senior	Engineering
611	21	Other	Senior	Business
612	20	Male	Sophomore	Engineering
613	21	Male	Senior	Science
614	18	Male	Sophomore	Arts
615	21	Male	Sophomore	Arts
616	20	Other	Junior	Science
617	24	Male	Junior	Engineering
618	18	Female	Senior	Arts
619	21	Male	Sophomore	Business
620	24	Female	Senior	Arts
621	19	Male	Senior	Business
622	22	Female	Sophomore	Engineering
623	21	Male	Sophomore	Arts
624	19	Other	Freshman	Science
625	20	Male	Freshman	Arts
626	23	Male	Senior	Science
627	19	Other	Senior	Business
628	22	Male	Sophomore	Business
629	19	Other	Sophomore	Business
630	23	Female	Junior	Arts
631	21	Female	Freshman	Science
632	19	Other	Junior	Science
633	21	Other	Sophomore	Engineering
634	20	Other	Freshman	Engineering
635	22	Other	Senior	Business
636	23	Other	Freshman	Science
637	19	Male	Freshman	Arts
638	22	Male	Freshman	Business
639	19	Other	Senior	Science
640	24	Male	Sophomore	Business
641	22	Other	Junior	Engineering
642	19	Female	Freshman	Engineering
643	20	Other	Freshman	Business
644	23	Other	Junior	Arts
645	24	Female	Senior	Business
646	23	Other	Freshman	Science
647	20	Female	Freshman	Arts
648	21	Female	Sophomore	Arts
649	19	Female	Junior	Business
650	20	Other	Senior	Business
651	20	Female	Junior	Business
652	24	Female	Junior	Science
653	24	Other	Freshman	Arts
654	22	Female	Senior	Science
655	20	Other	Junior	Science
656	20	Other	Sophomore	Business
657	21	Other	Sophomore	Arts
658	24	Other	Senior	Arts
659	24	Male	Sophomore	Arts
660	18	Female	Freshman	Arts
661	23	Other	Senior	Engineering
662	22	Female	Junior	Arts
663	20	Female	Freshman	Business
664	18	Male	Freshman	Science
665	18	Male	Junior	Science
666	20	Male	Freshman	Business
667	21	Female	Junior	Science
668	23	Female	Sophomore	Business
669	24	Other	Sophomore	Science
670	24	Female	Freshman	Arts
671	23	Male	Sophomore	Business
672	23	Female	Senior	Science
673	24	Male	Junior	Arts
674	19	Male	Sophomore	Business
675	24	Male	Junior	Arts
676	23	Male	Sophomore	Engineering
677	21	Male	Sophomore	Engineering
678	20	Male	Sophomore	Science
679	22	Male	Senior	Science
680	19	Female	Junior	Engineering
681	19	Female	Sophomore	Arts
682	20	Other	Freshman	Science
683	20	Other	Sophomore	Engineering
684	22	Other	Freshman	Engineering
685	24	Male	Freshman	Engineering
686	23	Female	Freshman	Business
687	21	Female	Sophomore	Science
688	24	Female	Senior	Science
689	22	Other	Sophomore	Science
690	23	Male	Junior	Arts
691	20	Female	Senior	Science
692	22	Other	Junior	Science
693	24	Other	Freshman	Arts
694	23	Female	Freshman	Business
695	20	Female	Senior	Arts
696	19	Female	Sophomore	Business
697	22	Female	Freshman	Arts
698	18	Female	Junior	Arts
699	19	Other	Freshman	Science
700	18	Female	Freshman	Business
701	20	Other	Senior	Arts
702	18	Other	Sophomore	Arts
703	21	Female	Senior	Science
704	23	Female	Freshman	Science
705	20	Other	Sophomore	Science
706	18	Female	Junior	Business
707	20	Other	Senior	Arts
708	21	Female	Freshman	Engineering
709	18	Male	Senior	Business
710	18	Female	Junior	Engineering
711	19	Female	Senior	Arts
712	18	Male	Senior	Engineering
713	23	Male	Sophomore	Engineering
714	18	Female	Junior	Arts
715	20	Female	Freshman	Arts
716	21	Male	Sophomore	Science
717	22	Other	Freshman	Business
718	24	Male	Junior	Science
719	23	Female	Sophomore	Arts
720	21	Male	Freshman	Engineering
721	21	Male	Junior	Arts
722	18	Female	Junior	Arts
723	24	Male	Sophomore	Engineering
724	22	Other	Sophomore	Business
725	24	Male	Senior	Business
726	22	Male	Freshman	Engineering
727	21	Male	Freshman	Business
728	24	Male	Senior	Engineering
729	20	Other	Sophomore	Science
730	22	Female	Sophomore	Business
731	22	Female	Sophomore	Arts
732	24	Female	Freshman	Arts
733	23	Female	Junior	Engineering
734	21	Female	Sophomore	Arts
735	23	Female	Sophomore	Science
736	23	Female	Sophomore	Business
737	19	Other	Junior	Business
738	22	Male	Junior	Business
739	24	Male	Junior	Business
740	23	Female	Senior	Arts
741	23	Female	Freshman	Business
742	21	Male	Freshman	Business
743	19	Male	Junior	Business
744	21	Male	Junior	Arts
745	23	Other	Senior	Business
746	21	Female	Sophomore	Business
747	20	Female	Freshman	Arts
748	18	Female	Sophomore	Business
749	24	Other	Sophomore	Arts
750	19	Male	Sophomore	Business
751	23	Female	Freshman	Engineering
752	23	Male	Junior	Business
753	23	Female	Freshman	Business
754	24	Male	Senior	Business
755	18	Other	Junior	Science
756	19	Female	Sophomore	Business
757	24	Female	Senior	Engineering
758	23	Male	Freshman	Engineering
759	19	Female	Sophomore	Arts
760	23	Other	Junior	Arts
761	24	Male	Senior	Arts
762	22	Female	Junior	Science
763	20	Male	Sophomore	Science
764	20	Male	Sophomore	Science
765	21	Female	Sophomore	Science
766	24	Male	Junior	Engineering
767	24	Male	Junior	Science
768	24	Male	Senior	Engineering
769	18	Other	Junior	Science
770	23	Other	Senior	Science
771	23	Other	Sophomore	Science
772	21	Female	Junior	Science
773	20	Male	Freshman	Arts
774	21	Female	Freshman	Arts
775	20	Female	Senior	Engineering
776	20	Other	Sophomore	Business
777	19	Other	Freshman	Arts
778	21	Male	Senior	Arts
779	19	Female	Junior	Science
780	21	Female	Freshman	Arts
781	23	Male	Junior	Business
782	24	Other	Sophomore	Science
783	20	Other	Sophomore	Engineering
784	23	Other	Senior	Business
785	20	Other	Freshman	Business
786	22	Male	Sophomore	Business
787	19	Male	Sophomore	Engineering
788	23	Male	Senior	Engineering
789	24	Male	Senior	Business
790	18	Male	Freshman	Business
791	21	Other	Freshman	Science
792	23	Other	Senior	Science
793	18	Female	Freshman	Science
794	22	Other	Sophomore	Engineering
795	20	Female	Senior	Arts
796	19	Other	Senior	Engineering
797	18	Other	Junior	Business
798	19	Male	Junior	Engineering
799	20	Other	Junior	Business
800	19	Female	Sophomore	Science
801	24	Male	Freshman	Engineering
802	19	Male	Senior	Arts
803	23	Other	Freshman	Arts
804	21	Male	Junior	Engineering
805	24	Female	Sophomore	Business
806	18	Female	Freshman	Arts
807	22	Female	Sophomore	Business
808	19	Female	Senior	Science
809	19	Male	Freshman	Arts
810	23	Female	Junior	Engineering
811	22	Female	Sophomore	Engineering
812	24	Female	Senior	Arts
813	24	Other	Junior	Engineering
814	24	Other	Senior	Science
815	18	Male	Junior	Engineering
816	20	Female	Freshman	Science
817	21	Male	Freshman	Engineering
818	22	Other	Sophomore	Arts
819	19	Other	Junior	Business
820	24	Male	Freshman	Science
821	20	Other	Freshman	Science
822	21	Female	Freshman	Business
823	22	Other	Junior	Engineering
824	19	Female	Sophomore	Business
825	24	Other	Freshman	Business
826	18	Other	Senior	Science
827	22	Male	Senior	Business
828	24	Other	Freshman	Arts
829	19	Male	Junior	Business
830	20	Female	Freshman	Business
831	22	Male	Senior	Business
832	21	Other	Junior	Engineering
833	18	Female	Senior	Science
834	22	Male	Sophomore	Science
835	23	Male	Junior	Engineering
836	22	Male	Senior	Engineering
837	23	Male	Junior	Science
838	18	Other	Junior	Engineering
839	23	Female	Freshman	Arts
840	20	Male	Junior	Engineering
841	21	Male	Freshman	Engineering
842	19	Male	Junior	Science
843	20	Other	Senior	Arts
844	19	Other	Freshman	Science
845	24	Male	Freshman	Science
846	23	Male	Freshman	Science
847	21	Female	Junior	Science
848	20	Female	Junior	Arts
849	22	Other	Freshman	Science
850	20	Male	Freshman	Arts
851	19	Other	Junior	Business
852	22	Male	Freshman	Science
853	18	Female	Sophomore	Arts
854	20	Female	Senior	Business
855	20	Other	Junior	Arts
856	22	Other	Senior	Science
857	20	Other	Freshman	Engineering
858	22	Female	Junior	Science
859	18	Male	Junior	Arts
860	20	Male	Senior	Arts
861	24	Other	Sophomore	Science
862	19	Male	Sophomore	Arts
863	20	Male	Junior	Business
864	22	Other	Senior	Science
865	22	Female	Senior	Engineering
866	19	Other	Sophomore	Arts
867	19	Other	Sophomore	Business
868	22	Other	Freshman	Engineering
869	23	Male	Senior	Arts
870	22	Other	Sophomore	Arts
871	20	Other	Sophomore	Business
872	22	Female	Sophomore	Business
873	19	Female	Junior	Arts
874	20	Other	Freshman	Engineering
875	22	Female	Sophomore	Business
876	18	Other	Freshman	Engineering
877	19	Female	Sophomore	Business
878	23	Other	Freshman	Arts
879	18	Female	Junior	Arts
880	20	Male	Senior	Arts
881	19	Female	Senior	Business
882	20	Female	Sophomore	Engineering
883	21	Other	Senior	Engineering
884	19	Female	Junior	Business
885	20	Female	Senior	Business
886	18	Male	Sophomore	Engineering
887	20	Other	Freshman	Business
888	22	Male	Freshman	Business
889	24	Other	Junior	Business
890	22	Other	Senior	Arts
891	18	Other	Sophomore	Business
892	20	Female	Freshman	Arts
893	19	Other	Junior	Science
894	18	Male	Junior	Arts
895	20	Female	Sophomore	Arts
896	21	Other	Sophomore	Science
897	22	Other	Junior	Business
898	18	Female	Freshman	Business
899	20	Male	Senior	Science
900	21	Male	Senior	Engineering
901	22	Female	Sophomore	Business
902	21	Female	Freshman	Business
903	23	Female	Junior	Arts
904	24	Female	Freshman	Business
905	18	Female	Junior	Business
906	20	Other	Senior	Science
907	21	Male	Freshman	Business
908	24	Female	Sophomore	Engineering
909	21	Other	Junior	Arts
910	21	Female	Sophomore	Engineering
911	19	Male	Senior	Science
912	24	Male	Junior	Arts
913	21	Male	Junior	Business
914	20	Male	Senior	Science
915	20	Other	Freshman	Engineering
916	20	Male	Senior	Engineering
917	24	Female	Freshman	Science
918	22	Male	Sophomore	Arts
919	21	Other	Junior	Business
920	24	Male	Junior	Business
921	18	Female	Sophomore	Science
922	22	Other	Freshman	Arts
923	23	Other	Senior	Science
924	19	Female	Sophomore	Business
925	20	Male	Junior	Business
926	19	Male	Senior	Business
927	22	Male	Junior	Engineering
928	24	Male	Senior	Business
929	19	Male	Senior	Science
930	22	Male	Senior	Science
931	23	Male	Junior	Engineering
932	24	Other	Sophomore	Business
933	19	Male	Senior	Engineering
934	20	Male	Junior	Arts
935	24	Male	Sophomore	Science
936	23	Female	Sophomore	Engineering
937	24	Male	Junior	Arts
938	24	Other	Freshman	Science
939	24	Male	Senior	Science
940	21	Other	Senior	Science
941	20	Female	Sophomore	Business
942	23	Female	Senior	Science
943	24	Other	Junior	Business
944	20	Other	Sophomore	Business
945	20	Female	Junior	Engineering
946	21	Other	Freshman	Arts
947	20	Male	Freshman	Engineering
948	22	Female	Sophomore	Business
949	23	Female	Senior	Arts
950	19	Other	Senior	Business
951	21	Male	Senior	Arts
952	18	Male	Senior	Business
953	23	Female	Senior	Science
954	22	Other	Junior	Engineering
955	23	Male	Sophomore	Business
956	21	Male	Sophomore	Business
957	19	Other	Freshman	Arts
958	21	Other	Freshman	Arts
959	24	Female	Senior	Science
960	22	Male	Senior	Business
961	22	Female	Sophomore	Business
962	23	Female	Sophomore	Business
963	18	Other	Senior	Science
964	20	Male	Junior	Business
965	19	Other	Junior	Science
966	23	Other	Freshman	Science
967	24	Female	Senior	Business
968	22	Male	Junior	Business
969	22	Other	Sophomore	Science
970	19	Female	Junior	Engineering
971	23	Male	Freshman	Arts
972	24	Other	Junior	Arts
973	22	Male	Junior	Business
974	18	Female	Sophomore	Arts
975	18	Female	Junior	Business
976	20	Other	Junior	Arts
977	24	Female	Sophomore	Science
978	23	Female	Junior	Engineering
979	23	Female	Freshman	Arts
980	23	Male	Senior	Arts
981	21	Other	Senior	Business
982	19	Other	Junior	Science
983	18	Female	Freshman	Arts
984	18	Female	Sophomore	Engineering
985	18	Male	Freshman	Arts
986	18	Other	Freshman	Arts
987	24	Male	Freshman	Science
988	20	Other	Junior	Arts
989	22	Other	Sophomore	Engineering
990	23	Male	Senior	Engineering
991	18	Male	Junior	Engineering
992	23	Female	Junior	Engineering
993	20	Other	Junior	Business
994	24	Female	Freshman	Science
995	21	Other	Sophomore	Business
996	23	Female	Junior	Business
997	22	Female	Sophomore	Business
998	21	Other	Sophomore	Arts
999	22	Female	Freshman	Business
1000	23	Male	Senior	Science
1001	22	Male	Junior	Arts
1002	22	Female	Sophomore	Arts
1003	20	Other	Junior	Business
1004	19	Other	Junior	Science
1005	21	Other	Junior	Science
1006	22	Female	Sophomore	Science
1007	24	Male	Senior	Science
1008	22	Female	Freshman	Science
1009	18	Male	Sophomore	Engineering
1010	23	Female	Freshman	Business
1011	18	Female	Senior	Engineering
1012	20	Other	Freshman	Arts
1013	22	Male	Sophomore	Arts
1014	21	Female	Senior	Arts
1015	23	Male	Senior	Business
1016	21	Female	Sophomore	Science
1017	18	Male	Junior	Business
1018	18	Female	Freshman	Engineering
1019	19	Male	Sophomore	Engineering
1020	22	Other	Freshman	Engineering
1021	22	Male	Freshman	Business
1022	23	Female	Sophomore	Arts
1023	18	Male	Freshman	Engineering
1024	24	Female	Senior	Engineering
1025	18	Other	Senior	Arts
1026	18	Other	Sophomore	Engineering
1027	19	Female	Sophomore	Arts
1028	23	Male	Senior	Business
1029	19	Female	Sophomore	Arts
1030	19	Male	Junior	Science
1031	22	Male	Senior	Science
1032	24	Other	Junior	Arts
1033	24	Female	Junior	Arts
1034	24	Male	Freshman	Arts
1035	19	Male	Junior	Arts
1036	22	Male	Freshman	Engineering
1037	18	Female	Sophomore	Science
1038	22	Female	Freshman	Arts
1039	24	Male	Sophomore	Business
1040	21	Male	Sophomore	Science
1041	24	Male	Sophomore	Arts
1042	23	Other	Sophomore	Arts
1043	24	Other	Sophomore	Science
1044	20	Male	Sophomore	Arts
1045	24	Male	Junior	Arts
1046	24	Other	Freshman	Engineering
1047	18	Male	Senior	Science
1048	21	Female	Junior	Business
1049	20	Female	Junior	Science
1050	21	Other	Freshman	Arts
1051	24	Male	Junior	Engineering
1052	24	Female	Junior	Business
1053	20	Male	Sophomore	Engineering
1054	20	Other	Senior	Business
1055	24	Male	Sophomore	Engineering
1056	19	Male	Junior	Engineering
1057	21	Male	Freshman	Science
1058	23	Female	Sophomore	Business
1059	21	Female	Senior	Science
1060	18	Other	Senior	Arts
1061	23	Male	Junior	Business
1062	22	Male	Junior	Engineering
1063	23	Other	Senior	Business
1064	23	Female	Junior	Science
1065	23	Female	Sophomore	Business
1066	21	Female	Junior	Business
1067	21	Male	Junior	Science
1068	18	Female	Junior	Engineering
1069	18	Other	Freshman	Engineering
1070	19	Female	Sophomore	Science
1071	23	Male	Junior	Arts
1072	22	Male	Freshman	Science
1073	22	Male	Junior	Engineering
1074	19	Male	Senior	Arts
1075	23	Female	Junior	Engineering
1076	23	Female	Senior	Arts
1077	23	Other	Freshman	Business
1078	18	Male	Junior	Engineering
1079	24	Female	Junior	Arts
1080	18	Female	Freshman	Engineering
1081	18	Male	Senior	Science
1082	24	Female	Junior	Arts
1083	24	Female	Sophomore	Business
1084	21	Male	Freshman	Engineering
1085	22	Other	Junior	Business
1086	22	Other	Sophomore	Business
1087	20	Other	Junior	Business
1088	20	Other	Freshman	Science
1089	21	Other	Junior	Business
1090	21	Female	Senior	Science
1091	24	Female	Senior	Arts
1092	22	Female	Sophomore	Engineering
1093	23	Other	Senior	Business
1094	20	Female	Junior	Arts
1095	23	Other	Junior	Arts
1096	19	Female	Senior	Business
1097	18	Female	Junior	Arts
1098	22	Male	Sophomore	Arts
1099	19	Female	Sophomore	Arts
1100	21	Other	Junior	Science
1101	18	Male	Junior	Science
1102	21	Male	Freshman	Engineering
1103	20	Female	Freshman	Engineering
1104	24	Other	Sophomore	Arts
1105	23	Male	Freshman	Science
1106	19	Female	Junior	Business
1107	24	Female	Senior	Business
1108	24	Male	Freshman	Arts
1109	23	Other	Sophomore	Science
1110	24	Female	Sophomore	Engineering
1111	18	Female	Senior	Arts
1112	18	Female	Junior	Business
1113	21	Other	Sophomore	Engineering
1114	23	Other	Freshman	Business
1115	22	Female	Sophomore	Science
1116	19	Female	Junior	Business
1117	18	Other	Freshman	Science
1118	18	Female	Sophomore	Science
1119	23	Female	Freshman	Arts
1120	20	Other	Freshman	Engineering
1121	19	Male	Freshman	Science
1122	19	Male	Senior	Arts
1123	24	Female	Senior	Business
1124	18	Other	Junior	Engineering
1125	23	Female	Senior	Engineering
1126	19	Female	Sophomore	Science
1127	19	Female	Junior	Engineering
1128	18	Male	Junior	Engineering
1129	18	Male	Sophomore	Business
1130	21	Female	Senior	Business
1131	24	Other	Sophomore	Arts
1132	23	Male	Freshman	Science
1133	24	Other	Sophomore	Science
1134	21	Other	Senior	Arts
1135	24	Other	Senior	Arts
1136	23	Female	Sophomore	Science
1137	21	Male	Sophomore	Science
1138	21	Other	Sophomore	Arts
1139	19	Female	Junior	Arts
1140	20	Female	Senior	Arts
1141	18	Female	Sophomore	Science
1142	24	Other	Senior	Science
1143	18	Other	Freshman	Arts
1144	22	Female	Sophomore	Engineering
1145	20	Male	Senior	Business
1146	23	Female	Senior	Arts
1147	24	Other	Senior	Business
1148	20	Male	Sophomore	Arts
1149	18	Male	Freshman	Business
1150	20	Male	Senior	Science
1151	23	Female	Senior	Business
1152	24	Male	Junior	Engineering
1153	24	Male	Senior	Engineering
1154	22	Other	Junior	Engineering
1155	19	Female	Senior	Arts
1156	23	Male	Sophomore	Science
1157	21	Male	Freshman	Arts
1158	22	Other	Sophomore	Arts
1159	23	Other	Sophomore	Engineering
1160	23	Male	Junior	Science
1161	24	Male	Sophomore	Business
1162	21	Male	Freshman	Science
1163	18	Male	Freshman	Business
1164	19	Female	Senior	Business
1165	22	Male	Junior	Science
1166	20	Female	Junior	Arts
1167	19	Female	Sophomore	Arts
1168	22	Male	Senior	Arts
1169	19	Male	Freshman	Business
1170	18	Other	Freshman	Science
1171	24	Female	Freshman	Engineering
1172	20	Female	Sophomore	Business
1173	21	Male	Junior	Engineering
1174	21	Male	Freshman	Science
1175	23	Male	Sophomore	Science
1176	21	Male	Sophomore	Engineering
1177	23	Other	Sophomore	Engineering
1178	22	Male	Sophomore	Arts
1179	19	Other	Junior	Business
1180	20	Male	Senior	Engineering
1181	24	Male	Freshman	Engineering
1182	20	Female	Freshman	Engineering
1183	23	Male	Senior	Science
1184	22	Female	Senior	Arts
1185	20	Female	Freshman	Engineering
1186	20	Male	Senior	Science
1187	19	Other	Junior	Science
1188	19	Female	Sophomore	Engineering
1189	23	Male	Freshman	Business
1190	19	Other	Junior	Arts
1191	22	Female	Junior	Science
1192	23	Female	Sophomore	Science
1193	22	Female	Freshman	Engineering
1194	22	Female	Freshman	Science
1195	20	Other	Senior	Business
1196	21	Other	Sophomore	Arts
1197	20	Male	Freshman	Business
1198	19	Female	Junior	Engineering
1199	24	Female	Senior	Arts
1200	21	Female	Junior	Business
1201	18	Female	Senior	Engineering
1202	21	Female	Junior	Business
1203	19	Female	Junior	Engineering
1204	19	Other	Sophomore	Science
1205	19	Female	Sophomore	Business
1206	23	Other	Sophomore	Business
1207	24	Male	Freshman	Engineering
1208	19	Other	Senior	Business
1209	18	Male	Sophomore	Business
1210	23	Male	Senior	Science
1211	24	Other	Junior	Business
1212	21	Other	Sophomore	Science
1213	18	Female	Freshman	Engineering
1214	20	Female	Junior	Arts
1215	21	Male	Sophomore	Business
1216	20	Male	Junior	Science
1217	24	Other	Senior	Arts
1218	20	Male	Freshman	Business
1219	23	Female	Sophomore	Engineering
1220	20	Other	Sophomore	Science
1221	23	Female	Junior	Engineering
1222	19	Other	Senior	Arts
1223	24	Male	Freshman	Business
1224	21	Male	Sophomore	Engineering
1225	22	Female	Sophomore	Science
1226	24	Male	Sophomore	Business
1227	21	Other	Junior	Business
1228	24	Female	Senior	Business
1229	19	Female	Freshman	Engineering
1230	21	Male	Sophomore	Arts
1231	23	Male	Freshman	Business
1232	19	Other	Sophomore	Business
1233	21	Male	Freshman	Engineering
1234	21	Female	Freshman	Business
1235	23	Other	Senior	Science
1236	20	Female	Freshman	Science
1237	18	Female	Senior	Science
1238	21	Female	Freshman	Business
1239	22	Male	Sophomore	Science
1240	18	Other	Freshman	Science
1241	22	Other	Senior	Arts
1242	23	Male	Sophomore	Business
1243	21	Male	Sophomore	Arts
1244	24	Male	Freshman	Science
1245	19	Male	Junior	Business
1246	23	Female	Senior	Business
1247	24	Female	Senior	Arts
1248	21	Male	Senior	Engineering
1249	24	Female	Junior	Science
1250	20	Female	Junior	Science
1251	19	Male	Freshman	Engineering
1252	22	Female	Sophomore	Business
1253	21	Male	Freshman	Arts
1254	23	Other	Freshman	Science
1255	23	Other	Senior	Engineering
1256	24	Male	Junior	Science
1257	21	Female	Junior	Science
1258	19	Male	Senior	Engineering
1259	21	Other	Sophomore	Engineering
1260	18	Other	Freshman	Engineering
1261	22	Male	Senior	Science
1262	21	Male	Senior	Engineering
1263	21	Male	Junior	Business
1264	19	Female	Freshman	Engineering
1265	20	Male	Freshman	Business
1266	23	Male	Senior	Science
1267	22	Female	Sophomore	Science
1268	18	Female	Sophomore	Science
1269	23	Other	Sophomore	Engineering
1270	18	Other	Junior	Arts
1271	19	Male	Senior	Engineering
1272	18	Other	Senior	Engineering
1273	20	Other	Sophomore	Science
1274	21	Female	Senior	Engineering
1275	22	Female	Junior	Arts
1276	23	Female	Sophomore	Science
1277	21	Other	Freshman	Engineering
1278	19	Female	Sophomore	Engineering
1279	21	Other	Sophomore	Science
1280	20	Female	Freshman	Arts
1281	18	Other	Sophomore	Arts
1282	23	Female	Sophomore	Science
1283	22	Other	Senior	Arts
1284	20	Other	Junior	Business
1285	23	Female	Sophomore	Business
1286	24	Female	Senior	Arts
1287	19	Female	Junior	Science
1288	22	Male	Senior	Arts
1289	21	Male	Sophomore	Science
1290	19	Female	Sophomore	Business
1291	21	Female	Senior	Science
1292	20	Male	Junior	Science
1293	23	Female	Junior	Science
1294	20	Female	Senior	Science
1295	19	Male	Junior	Arts
1296	24	Other	Sophomore	Arts
1297	18	Male	Junior	Engineering
1298	19	Female	Sophomore	Business
1299	18	Female	Junior	Business
1300	19	Other	Senior	Business
1301	19	Female	Freshman	Science
1302	22	Female	Junior	Business
1303	24	Male	Sophomore	Arts
1304	18	Male	Senior	Arts
1305	18	Female	Sophomore	Science
1306	23	Female	Sophomore	Business
1307	20	Female	Freshman	Business
1308	21	Female	Senior	Science
1309	20	Other	Freshman	Arts
1310	18	Male	Senior	Engineering
1311	22	Male	Junior	Arts
1312	24	Female	Senior	Science
1313	18	Female	Senior	Arts
1314	23	Female	Freshman	Arts
1315	21	Male	Freshman	Science
1316	21	Female	Freshman	Arts
1317	19	Female	Sophomore	Business
1318	22	Other	Junior	Engineering
1319	23	Male	Freshman	Science
1320	20	Other	Senior	Arts
1321	22	Female	Sophomore	Arts
1322	19	Other	Freshman	Arts
1323	18	Other	Junior	Science
1324	24	Male	Junior	Arts
1325	23	Other	Sophomore	Arts
1326	24	Female	Junior	Engineering
1327	21	Female	Sophomore	Business
1328	18	Female	Freshman	Science
1329	18	Female	Senior	Arts
1330	19	Male	Sophomore	Science
1331	20	Female	Junior	Science
1332	18	Male	Freshman	Science
1333	21	Male	Junior	Business
1334	21	Male	Freshman	Arts
1335	20	Female	Sophomore	Science
1336	20	Male	Sophomore	Business
1337	19	Other	Freshman	Science
1338	24	Other	Sophomore	Science
1339	22	Female	Senior	Science
1340	21	Other	Senior	Business
1341	18	Other	Senior	Science
1342	19	Other	Junior	Business
1343	20	Other	Freshman	Arts
1344	18	Male	Junior	Arts
1345	22	Other	Freshman	Science
1346	23	Female	Senior	Arts
1347	20	Female	Junior	Arts
1348	24	Other	Sophomore	Business
1349	24	Other	Junior	Arts
1350	22	Other	Senior	Engineering
1351	22	Other	Senior	Science
1352	21	Other	Senior	Engineering
1353	23	Male	Sophomore	Business
1354	21	Female	Senior	Arts
1355	22	Female	Senior	Arts
1356	23	Male	Junior	Science
1357	21	Male	Freshman	Business
1358	23	Male	Junior	Science
1359	24	Female	Junior	Engineering
1360	23	Female	Freshman	Business
1361	24	Other	Sophomore	Arts
1362	20	Male	Junior	Business
1363	22	Female	Junior	Science
1364	22	Female	Freshman	Science
1365	19	Other	Freshman	Engineering
1366	19	Other	Senior	Engineering
1367	19	Female	Junior	Engineering
1368	19	Male	Senior	Arts
1369	18	Other	Freshman	Arts
1370	19	Female	Sophomore	Business
1371	20	Other	Sophomore	Engineering
1372	18	Male	Senior	Business
1373	20	Female	Junior	Engineering
1374	19	Male	Freshman	Arts
1375	22	Other	Junior	Engineering
1376	24	Male	Sophomore	Business
1377	18	Male	Senior	Science
1378	24	Other	Sophomore	Business
1379	22	Male	Sophomore	Engineering
1380	24	Female	Sophomore	Arts
1381	20	Other	Sophomore	Engineering
1382	20	Male	Senior	Arts
1383	18	Male	Junior	Arts
1384	24	Other	Sophomore	Arts
1385	24	Male	Senior	Engineering
1386	23	Female	Junior	Business
1387	20	Other	Sophomore	Engineering
1388	23	Female	Freshman	Business
1389	18	Female	Sophomore	Business
1390	20	Female	Freshman	Science
1391	22	Other	Junior	Arts
1392	21	Other	Freshman	Business
1393	19	Female	Sophomore	Engineering
1394	19	Other	Freshman	Engineering
1395	21	Female	Sophomore	Science
1396	21	Female	Senior	Arts
1397	18	Male	Sophomore	Science
1398	20	Female	Junior	Business
1399	22	Other	Senior	Business
1400	19	Female	Sophomore	Business
1401	21	Female	Senior	Engineering
1402	23	Male	Sophomore	Arts
1403	24	Female	Senior	Engineering
1404	23	Female	Freshman	Arts
1405	24	Male	Senior	Science
1406	21	Male	Sophomore	Engineering
1407	24	Other	Freshman	Business
1408	21	Female	Junior	Science
1409	20	Female	Junior	Engineering
1410	23	Male	Junior	Business
1411	22	Other	Senior	Arts
1412	21	Female	Sophomore	Engineering
1413	22	Female	Freshman	Arts
1414	19	Male	Sophomore	Science
1415	18	Male	Freshman	Science
1416	18	Male	Sophomore	Science
1417	19	Female	Senior	Arts
1418	18	Female	Senior	Arts
1419	21	Other	Junior	Engineering
1420	23	Male	Senior	Business
1421	24	Male	Junior	Business
1422	20	Male	Junior	Arts
1423	18	Female	Senior	Business
1424	19	Other	Freshman	Business
1425	20	Other	Freshman	Science
1426	19	Male	Junior	Business
1427	21	Female	Senior	Engineering
1428	19	Male	Sophomore	Arts
1429	23	Male	Junior	Science
1430	21	Other	Senior	Science
1431	18	Other	Junior	Engineering
1432	20	Female	Senior	Science
1433	22	Male	Freshman	Arts
1434	23	Male	Senior	Business
1435	20	Female	Sophomore	Science
1436	22	Male	Junior	Arts
1437	24	Female	Sophomore	Science
1438	18	Female	Senior	Engineering
1439	19	Female	Sophomore	Science
1440	24	Other	Senior	Business
1441	23	Male	Sophomore	Engineering
1442	23	Other	Junior	Business
1443	21	Other	Senior	Arts
1444	21	Female	Sophomore	Arts
1445	24	Female	Freshman	Engineering
1446	21	Male	Senior	Engineering
1447	24	Female	Sophomore	Business
1448	18	Male	Senior	Business
1449	18	Male	Freshman	Arts
1450	23	Male	Senior	Arts
1451	22	Male	Freshman	Arts
1452	20	Male	Freshman	Arts
1453	20	Female	Senior	Science
1454	24	Other	Senior	Science
1455	19	Male	Freshman	Science
1456	22	Other	Sophomore	Business
1457	18	Male	Freshman	Business
1458	18	Other	Sophomore	Arts
1459	21	Other	Junior	Business
1460	22	Male	Junior	Arts
1461	22	Female	Sophomore	Business
1462	18	Female	Sophomore	Science
1463	22	Female	Senior	Arts
1464	21	Female	Freshman	Arts
1465	21	Other	Junior	Business
1466	23	Male	Junior	Science
1467	18	Male	Senior	Science
1468	18	Female	Sophomore	Arts
1469	22	Male	Freshman	Engineering
1470	23	Male	Freshman	Business
1471	22	Male	Freshman	Engineering
1472	23	Other	Sophomore	Engineering
1473	23	Male	Freshman	Science
1474	23	Male	Senior	Science
1475	20	Female	Sophomore	Arts
1476	22	Other	Senior	Business
1477	24	Other	Junior	Arts
1478	22	Male	Sophomore	Arts
1479	19	Male	Senior	Science
1480	23	Other	Sophomore	Arts
1481	18	Male	Junior	Science
1482	22	Male	Junior	Science
1483	19	Female	Sophomore	Science
1484	22	Other	Junior	Business
1485	18	Female	Freshman	Science
1486	20	Female	Sophomore	Arts
1487	23	Female	Sophomore	Business
1488	24	Other	Sophomore	Arts
1489	23	Male	Junior	Arts
1490	24	Female	Freshman	Science
1491	21	Male	Freshman	Engineering
1492	18	Female	Senior	Business
1493	18	Male	Freshman	Engineering
1494	19	Female	Junior	Business
1495	19	Male	Junior	Business
1496	19	Male	Sophomore	Science
1497	20	Female	Freshman	Science
1498	19	Male	Sophomore	Engineering
1499	18	Female	Junior	Business
1500	19	Female	Junior	Business
1501	22	Other	Sophomore	Business
1502	24	Female	Junior	Engineering
1503	22	Male	Junior	Arts
1504	21	Male	Junior	Science
1505	22	Other	Freshman	Business
1506	21	Other	Sophomore	Arts
1507	24	Female	Sophomore	Science
1508	22	Male	Junior	Arts
1509	24	Other	Senior	Business
1510	20	Male	Junior	Business
1511	21	Other	Senior	Arts
1512	24	Male	Freshman	Arts
1513	22	Male	Senior	Engineering
1514	21	Other	Senior	Engineering
1515	24	Male	Junior	Business
1516	23	Female	Freshman	Business
1517	21	Female	Freshman	Science
1518	22	Male	Sophomore	Engineering
1519	18	Female	Sophomore	Engineering
1520	19	Male	Junior	Business
1521	21	Female	Sophomore	Arts
1522	23	Other	Sophomore	Engineering
1523	21	Male	Senior	Arts
1524	21	Male	Freshman	Engineering
1525	19	Female	Freshman	Science
1526	23	Other	Junior	Engineering
1527	21	Male	Freshman	Engineering
1528	24	Other	Sophomore	Arts
1529	21	Male	Sophomore	Arts
1530	22	Female	Sophomore	Engineering
1531	18	Female	Freshman	Arts
1532	23	Other	Junior	Arts
1533	20	Female	Sophomore	Science
1534	20	Other	Senior	Science
1535	23	Female	Sophomore	Arts
1536	19	Other	Sophomore	Business
1537	23	Female	Freshman	Arts
1538	23	Other	Sophomore	Business
1539	20	Female	Sophomore	Business
1540	18	Other	Freshman	Science
1541	20	Male	Junior	Science
1542	18	Other	Sophomore	Business
1543	18	Female	Sophomore	Business
1544	22	Female	Sophomore	Business
1545	20	Male	Senior	Arts
1546	21	Female	Junior	Arts
1547	23	Male	Sophomore	Engineering
1548	19	Other	Junior	Engineering
1549	21	Female	Junior	Science
1550	20	Male	Freshman	Science
1551	20	Male	Senior	Engineering
1552	21	Female	Junior	Science
1553	22	Male	Sophomore	Science
1554	20	Male	Freshman	Arts
1555	22	Other	Freshman	Science
1556	24	Other	Junior	Arts
1557	23	Other	Freshman	Arts
1558	23	Male	Sophomore	Arts
1559	19	Female	Sophomore	Science
1560	20	Other	Junior	Business
1561	21	Female	Junior	Engineering
1562	22	Other	Senior	Engineering
1563	19	Male	Senior	Business
1564	18	Other	Sophomore	Arts
1565	19	Female	Freshman	Engineering
1566	22	Male	Sophomore	Business
1567	20	Female	Senior	Engineering
1568	20	Male	Junior	Science
1569	18	Female	Sophomore	Engineering
1570	24	Other	Junior	Science
1571	22	Male	Freshman	Arts
1572	20	Female	Sophomore	Arts
1573	20	Male	Junior	Arts
1574	22	Female	Freshman	Arts
1575	19	Female	Senior	Business
1576	23	Male	Sophomore	Business
1577	21	Other	Senior	Business
1578	19	Male	Senior	Arts
1579	22	Other	Sophomore	Engineering
1580	23	Female	Sophomore	Engineering
1581	24	Male	Freshman	Business
1582	19	Male	Senior	Arts
1583	20	Other	Junior	Business
1584	23	Other	Senior	Arts
1585	23	Male	Junior	Arts
1586	22	Male	Junior	Arts
1587	20	Female	Freshman	Arts
1588	20	Male	Junior	Arts
1589	20	Male	Senior	Engineering
1590	23	Male	Junior	Science
1591	19	Female	Senior	Engineering
1592	21	Other	Senior	Arts
1593	18	Male	Sophomore	Engineering
1594	21	Male	Sophomore	Engineering
1595	18	Female	Freshman	Engineering
1596	22	Male	Freshman	Engineering
1597	21	Other	Sophomore	Business
1598	23	Female	Junior	Engineering
1599	18	Female	Freshman	Arts
1600	20	Male	Junior	Business
1601	22	Male	Sophomore	Science
1602	21	Other	Freshman	Arts
1603	19	Female	Junior	Science
1604	22	Female	Junior	Science
1605	24	Female	Sophomore	Business
1606	20	Female	Junior	Science
1607	20	Female	Junior	Science
1608	23	Other	Senior	Business
1609	20	Other	Sophomore	Science
1610	18	Other	Sophomore	Science
1611	21	Female	Junior	Science
1612	22	Other	Junior	Business
1613	21	Female	Sophomore	Arts
1614	24	Other	Senior	Business
1615	23	Male	Sophomore	Business
1616	21	Male	Sophomore	Science
1617	24	Female	Sophomore	Engineering
1618	18	Other	Sophomore	Science
1619	18	Male	Freshman	Engineering
1620	20	Female	Freshman	Arts
1621	21	Male	Senior	Engineering
1622	23	Male	Sophomore	Science
1623	18	Female	Junior	Arts
1624	23	Male	Senior	Science
1625	20	Male	Freshman	Science
1626	22	Female	Junior	Arts
1627	18	Female	Sophomore	Business
1628	18	Female	Senior	Business
1629	22	Male	Junior	Business
1630	22	Other	Senior	Science
1631	18	Female	Junior	Arts
1632	24	Other	Senior	Science
1633	22	Other	Junior	Arts
1634	22	Male	Junior	Business
1635	20	Female	Senior	Science
1636	18	Male	Senior	Science
1637	22	Female	Freshman	Engineering
1638	20	Female	Freshman	Business
1639	18	Other	Sophomore	Science
1640	18	Male	Junior	Engineering
1641	24	Other	Sophomore	Engineering
1642	18	Male	Sophomore	Business
1643	24	Other	Senior	Business
1644	22	Female	Junior	Business
1645	22	Female	Sophomore	Business
1646	21	Female	Junior	Business
1647	20	Male	Sophomore	Science
1648	21	Female	Senior	Arts
1649	23	Male	Freshman	Business
1650	20	Other	Freshman	Engineering
1651	19	Other	Junior	Arts
1652	21	Other	Junior	Science
1653	23	Female	Junior	Business
1654	18	Male	Sophomore	Business
1655	24	Female	Sophomore	Business
1656	23	Female	Senior	Science
1657	19	Female	Junior	Science
1658	19	Male	Senior	Engineering
1659	19	Male	Sophomore	Engineering
1660	20	Female	Senior	Science
1661	22	Female	Senior	Engineering
1662	22	Male	Sophomore	Business
1663	19	Female	Sophomore	Engineering
1664	22	Male	Freshman	Engineering
1665	23	Other	Sophomore	Engineering
1666	18	Other	Freshman	Arts
1667	22	Female	Sophomore	Arts
1668	20	Male	Senior	Arts
1669	19	Male	Junior	Science
1670	24	Female	Freshman	Arts
1671	21	Female	Junior	Engineering
1672	18	Male	Senior	Arts
1673	21	Other	Senior	Science
1674	19	Female	Senior	Science
1675	23	Male	Freshman	Business
1676	19	Other	Freshman	Science
1677	21	Female	Senior	Arts
1678	19	Other	Senior	Engineering
1679	19	Other	Sophomore	Engineering
1680	19	Female	Senior	Science
1681	22	Male	Senior	Science
1682	23	Male	Junior	Science
1683	22	Male	Sophomore	Engineering
1684	20	Other	Senior	Business
1685	21	Other	Junior	Engineering
1686	18	Other	Senior	Arts
1687	21	Female	Sophomore	Science
1688	21	Female	Senior	Science
1689	20	Female	Freshman	Business
1690	23	Other	Sophomore	Arts
1691	22	Female	Sophomore	Engineering
1692	18	Female	Junior	Engineering
1693	18	Other	Freshman	Science
1694	20	Other	Junior	Arts
1695	19	Other	Freshman	Business
1696	21	Male	Freshman	Science
1697	21	Female	Freshman	Engineering
1698	18	Female	Freshman	Engineering
1699	21	Other	Senior	Arts
1700	24	Other	Sophomore	Science
1701	18	Male	Senior	Engineering
1702	22	Female	Senior	Arts
1703	22	Other	Junior	Business
1704	18	Male	Junior	Science
1705	20	Female	Sophomore	Engineering
1706	21	Other	Sophomore	Arts
1707	23	Female	Freshman	Business
1708	23	Male	Sophomore	Arts
1709	18	Female	Sophomore	Business
1710	20	Male	Freshman	Arts
1711	23	Other	Junior	Business
1712	23	Male	Freshman	Arts
1713	22	Other	Sophomore	Arts
1714	21	Male	Senior	Engineering
1715	21	Female	Senior	Engineering
1716	22	Other	Sophomore	Arts
1717	24	Male	Junior	Business
1718	19	Female	Freshman	Science
1719	18	Female	Junior	Engineering
1720	20	Male	Sophomore	Business
1721	20	Female	Junior	Science
1722	24	Other	Junior	Engineering
1723	23	Female	Freshman	Business
1724	23	Female	Sophomore	Business
1725	19	Male	Junior	Science
1726	20	Other	Freshman	Science
1727	20	Male	Junior	Science
1728	21	Other	Sophomore	Arts
1729	18	Other	Sophomore	Engineering
1730	21	Female	Freshman	Engineering
1731	22	Female	Freshman	Engineering
1732	23	Female	Junior	Business
1733	21	Female	Senior	Business
1734	19	Male	Sophomore	Engineering
1735	18	Male	Junior	Arts
1736	19	Other	Sophomore	Arts
1737	18	Female	Freshman	Science
1738	18	Other	Junior	Arts
1739	18	Male	Junior	Arts
1740	20	Female	Freshman	Science
1741	23	Female	Junior	Science
1742	21	Female	Junior	Science
1743	20	Male	Sophomore	Business
1744	23	Other	Senior	Science
1745	20	Female	Sophomore	Arts
1746	21	Female	Junior	Arts
1747	19	Other	Sophomore	Arts
1748	23	Other	Junior	Business
1749	18	Other	Junior	Business
1750	24	Female	Junior	Business
1751	24	Female	Junior	Science
1752	19	Female	Sophomore	Arts
1753	24	Other	Sophomore	Arts
1754	19	Female	Sophomore	Engineering
1755	23	Male	Senior	Business
1756	22	Female	Sophomore	Science
1757	23	Other	Senior	Business
1758	20	Male	Freshman	Engineering
1759	18	Other	Sophomore	Engineering
1760	21	Female	Sophomore	Science
1761	19	Male	Sophomore	Science
1762	22	Female	Junior	Arts
1763	22	Other	Sophomore	Business
1764	19	Female	Freshman	Science
1765	24	Female	Junior	Arts
1766	23	Other	Sophomore	Arts
1767	23	Other	Sophomore	Business
1768	23	Female	Junior	Engineering
1769	19	Other	Freshman	Business
1770	23	Female	Senior	Business
1771	24	Female	Senior	Business
1772	22	Male	Sophomore	Arts
1773	20	Female	Freshman	Business
1774	23	Female	Sophomore	Business
1775	22	Other	Senior	Business
1776	22	Male	Senior	Science
1777	22	Male	Freshman	Engineering
1778	20	Male	Sophomore	Science
1779	20	Female	Freshman	Arts
1780	24	Male	Senior	Arts
1781	23	Male	Freshman	Engineering
1782	20	Other	Senior	Engineering
1783	21	Other	Freshman	Business
1784	21	Female	Senior	Business
1785	24	Female	Junior	Engineering
1786	21	Female	Junior	Science
1787	24	Other	Freshman	Business
1788	21	Male	Senior	Business
1789	18	Male	Sophomore	Business
1790	18	Male	Senior	Science
1791	23	Other	Senior	Science
1792	18	Other	Sophomore	Business
1793	19	Other	Senior	Arts
1794	18	Other	Junior	Engineering
1795	23	Male	Sophomore	Engineering
1796	19	Male	Senior	Arts
1797	22	Other	Senior	Engineering
1798	18	Other	Senior	Science
1799	24	Male	Sophomore	Arts
1800	20	Female	Freshman	Business
1801	23	Female	Sophomore	Arts
1802	21	Other	Freshman	Engineering
1803	19	Other	Freshman	Arts
1804	23	Female	Freshman	Business
1805	22	Other	Freshman	Business
1806	18	Female	Sophomore	Engineering
1807	21	Male	Freshman	Engineering
1808	20	Male	Sophomore	Arts
1809	22	Other	Sophomore	Science
1810	23	Female	Sophomore	Business
1811	20	Other	Senior	Arts
1812	18	Other	Senior	Science
1813	19	Male	Freshman	Engineering
1814	22	Female	Junior	Arts
1815	18	Female	Freshman	Engineering
1816	18	Other	Senior	Arts
1817	19	Male	Senior	Engineering
1818	19	Female	Senior	Science
1819	18	Female	Senior	Business
1820	19	Other	Senior	Science
1821	22	Male	Sophomore	Science
1822	24	Female	Senior	Engineering
1823	19	Male	Senior	Arts
1824	22	Other	Senior	Business
1825	18	Other	Senior	Science
1826	21	Female	Freshman	Engineering
1827	18	Male	Sophomore	Arts
1828	24	Female	Junior	Arts
1829	23	Female	Freshman	Engineering
1830	18	Male	Junior	Engineering
1831	18	Other	Junior	Business
1832	22	Male	Senior	Engineering
1833	21	Male	Junior	Engineering
1834	19	Female	Senior	Engineering
1835	20	Other	Freshman	Science
1836	24	Other	Sophomore	Arts
1837	22	Female	Junior	Business
1838	18	Female	Freshman	Business
1839	23	Other	Senior	Arts
1840	18	Female	Sophomore	Engineering
1841	20	Male	Junior	Arts
1842	19	Male	Junior	Arts
1843	21	Female	Senior	Engineering
1844	23	Male	Sophomore	Arts
1845	18	Female	Senior	Engineering
1846	20	Other	Senior	Arts
1847	23	Female	Senior	Business
1848	23	Other	Senior	Arts
1849	18	Female	Senior	Arts
1850	24	Female	Sophomore	Science
1851	20	Male	Senior	Arts
1852	19	Male	Junior	Engineering
1853	20	Male	Sophomore	Business
1854	18	Male	Senior	Science
1855	22	Female	Junior	Engineering
1856	23	Male	Senior	Arts
1857	19	Female	Freshman	Arts
1858	20	Female	Junior	Arts
1859	22	Other	Sophomore	Engineering
1860	21	Female	Junior	Engineering
1861	21	Male	Junior	Arts
1862	24	Other	Sophomore	Arts
1863	20	Other	Freshman	Arts
1864	19	Other	Freshman	Arts
1865	18	Female	Junior	Business
1866	21	Male	Sophomore	Engineering
1867	22	Other	Senior	Arts
1868	24	Female	Senior	Business
1869	22	Female	Senior	Science
1870	22	Other	Junior	Business
1871	21	Male	Freshman	Science
1872	20	Female	Sophomore	Business
1873	23	Other	Junior	Business
1874	21	Female	Freshman	Engineering
1875	19	Male	Junior	Engineering
1876	19	Male	Senior	Engineering
1877	20	Male	Junior	Arts
1878	22	Male	Junior	Arts
1879	21	Female	Freshman	Engineering
1880	20	Male	Junior	Engineering
1881	24	Other	Sophomore	Arts
1882	23	Male	Freshman	Science
1883	18	Male	Junior	Engineering
1884	19	Other	Junior	Engineering
1885	18	Male	Freshman	Science
1886	18	Male	Senior	Engineering
1887	23	Other	Freshman	Engineering
1888	21	Male	Junior	Arts
1889	23	Female	Senior	Business
1890	20	Female	Junior	Science
1891	18	Male	Junior	Business
1892	18	Female	Freshman	Business
1893	22	Other	Junior	Business
1894	22	Female	Freshman	Arts
1895	18	Male	Freshman	Science
1896	21	Male	Senior	Arts
1897	24	Male	Freshman	Engineering
1898	18	Male	Junior	Science
1899	24	Other	Sophomore	Arts
1900	19	Male	Freshman	Business
1901	20	Other	Sophomore	Science
1902	21	Other	Junior	Business
1903	24	Male	Senior	Science
1904	24	Female	Sophomore	Business
1905	23	Female	Freshman	Science
1906	22	Female	Freshman	Engineering
1907	24	Male	Senior	Engineering
1908	23	Female	Junior	Arts
1909	24	Other	Senior	Business
1910	20	Female	Junior	Engineering
1911	19	Other	Sophomore	Arts
1912	21	Female	Sophomore	Science
1913	21	Other	Senior	Arts
1914	24	Female	Sophomore	Business
1915	24	Female	Freshman	Arts
1916	21	Other	Sophomore	Engineering
1917	22	Female	Freshman	Engineering
1918	23	Female	Senior	Engineering
1919	20	Female	Junior	Business
1920	19	Male	Junior	Business
1921	23	Male	Sophomore	Engineering
1922	18	Female	Freshman	Arts
1923	18	Female	Senior	Arts
1924	18	Male	Senior	Business
1925	24	Other	Senior	Science
1926	24	Female	Sophomore	Science
1927	20	Female	Junior	Business
1928	24	Other	Senior	Arts
1929	24	Other	Junior	Science
1930	24	Other	Freshman	Business
1931	21	Female	Junior	Business
1932	19	Other	Freshman	Arts
1933	23	Other	Freshman	Business
1934	22	Male	Junior	Engineering
1935	24	Other	Freshman	Science
1936	23	Female	Junior	Business
1937	21	Female	Junior	Business
1938	22	Male	Freshman	Arts
1939	21	Female	Freshman	Engineering
1940	18	Female	Sophomore	Arts
1941	21	Male	Junior	Business
1942	18	Other	Freshman	Engineering
1943	18	Other	Freshman	Arts
1944	19	Female	Junior	Business
1945	19	Male	Junior	Business
1946	23	Other	Sophomore	Arts
1947	22	Female	Sophomore	Engineering
1948	22	Other	Junior	Engineering
1949	20	Female	Senior	Business
1950	20	Other	Sophomore	Engineering
1951	22	Other	Senior	Business
1952	19	Female	Sophomore	Engineering
1953	18	Other	Junior	Business
1954	24	Female	Junior	Business
1955	20	Male	Senior	Science
1956	19	Other	Freshman	Science
1957	18	Male	Junior	Business
1958	24	Female	Sophomore	Business
1959	23	Other	Junior	Science
1960	20	Other	Freshman	Business
1961	19	Other	Junior	Arts
1962	24	Male	Junior	Science
1963	24	Other	Senior	Science
1964	22	Other	Sophomore	Engineering
1965	19	Female	Senior	Arts
1966	23	Other	Senior	Engineering
1967	20	Other	Freshman	Business
1968	18	Male	Sophomore	Engineering
1969	20	Male	Freshman	Arts
1970	24	Other	Sophomore	Business
1971	24	Male	Senior	Arts
1972	21	Other	Sophomore	Arts
1973	23	Other	Sophomore	Engineering
1974	22	Other	Senior	Arts
1975	21	Other	Freshman	Science
1976	20	Other	Senior	Arts
1977	20	Male	Senior	Business
1978	24	Female	Sophomore	Science
1979	19	Other	Senior	Arts
1980	24	Other	Freshman	Business
1981	19	Other	Senior	Arts
1982	21	Other	Sophomore	Engineering
1983	23	Male	Senior	Science
1984	19	Other	Senior	Science
1985	19	Female	Freshman	Engineering
1986	21	Female	Freshman	Science
1987	19	Other	Sophomore	Business
1988	21	Other	Junior	Engineering
1989	18	Other	Freshman	Arts
1990	21	Female	Junior	Arts
1991	19	Male	Sophomore	Engineering
1992	23	Male	Sophomore	Engineering
1993	24	Male	Senior	Arts
1994	22	Female	Senior	Engineering
1995	22	Female	Freshman	Arts
1996	24	Male	Freshman	Engineering
1997	21	Other	Sophomore	Arts
1998	23	Other	Freshman	Science
1999	22	Male	Freshman	Science
2000	23	Male	Junior	Business
2001	24	Female	Senior	Engineering
2002	22	Female	Freshman	Arts
2003	19	Female	Junior	Business
2004	18	Male	Junior	Business
2005	18	Male	Freshman	Engineering
2006	19	Other	Senior	Arts
2007	23	Female	Sophomore	Science
2008	18	Other	Freshman	Arts
2009	24	Other	Junior	Arts
2010	21	Other	Freshman	Science
2011	18	Female	Junior	Science
2012	24	Male	Freshman	Business
2013	22	Female	Freshman	Arts
2014	19	Female	Junior	Arts
2015	20	Female	Sophomore	Arts
2016	24	Other	Sophomore	Science
2017	22	Other	Freshman	Business
2018	22	Other	Junior	Engineering
2019	21	Male	Freshman	Engineering
2020	20	Male	Senior	Business
2021	21	Male	Junior	Business
2022	19	Male	Junior	Engineering
2023	24	Female	Senior	Arts
2024	20	Other	Senior	Arts
2025	23	Other	Freshman	Engineering
2026	19	Female	Senior	Arts
2027	18	Female	Freshman	Business
2028	22	Other	Senior	Arts
2029	18	Other	Freshman	Engineering
2030	19	Male	Junior	Arts
2031	21	Male	Junior	Business
2032	24	Female	Sophomore	Engineering
2033	23	Other	Freshman	Arts
2034	22	Other	Sophomore	Science
2035	24	Male	Junior	Arts
2036	22	Male	Junior	Engineering
2037	20	Other	Junior	Arts
2038	23	Female	Senior	Arts
2039	18	Male	Freshman	Engineering
2040	23	Other	Junior	Arts
2041	19	Female	Junior	Business
2042	19	Other	Freshman	Business
2043	24	Other	Junior	Business
2044	19	Other	Freshman	Science
2045	19	Female	Freshman	Arts
2046	21	Female	Senior	Science
2047	24	Other	Freshman	Science
2048	23	Other	Freshman	Arts
2049	19	Female	Senior	Business
2050	21	Other	Senior	Engineering
2051	23	Other	Freshman	Business
2052	21	Female	Freshman	Science
2053	20	Male	Senior	Business
2054	20	Female	Senior	Engineering
2055	18	Male	Senior	Arts
2056	19	Male	Senior	Science
2057	21	Female	Junior	Business
2058	20	Male	Junior	Science
2059	19	Other	Senior	Business
2060	24	Female	Senior	Science
2061	20	Male	Freshman	Business
2062	20	Male	Freshman	Business
2063	18	Female	Junior	Engineering
2064	21	Female	Sophomore	Science
2065	21	Other	Freshman	Business
2066	23	Male	Sophomore	Business
2067	24	Female	Freshman	Science
2068	23	Male	Sophomore	Engineering
2069	20	Male	Freshman	Science
2070	19	Male	Junior	Engineering
2071	23	Female	Junior	Engineering
2072	24	Other	Junior	Science
2073	21	Male	Sophomore	Engineering
2074	23	Female	Junior	Arts
2075	18	Male	Senior	Arts
2076	21	Other	Senior	Arts
2077	18	Male	Junior	Business
2078	19	Other	Junior	Engineering
2079	23	Female	Junior	Business
2080	24	Female	Junior	Engineering
2081	20	Female	Senior	Arts
2082	19	Male	Freshman	Arts
2083	23	Other	Freshman	Science
2084	23	Male	Junior	Engineering
2085	19	Other	Freshman	Engineering
2086	18	Female	Junior	Engineering
2087	19	Male	Junior	Business
2088	20	Female	Sophomore	Arts
2089	21	Female	Freshman	Engineering
2090	18	Other	Freshman	Engineering
2091	23	Other	Sophomore	Business
2092	24	Other	Senior	Business
2093	18	Male	Sophomore	Arts
2094	19	Female	Junior	Science
2095	19	Male	Junior	Arts
2096	23	Other	Junior	Business
2097	19	Other	Senior	Business
2098	22	Other	Junior	Engineering
2099	20	Female	Junior	Business
2100	19	Female	Sophomore	Science
2101	22	Other	Junior	Engineering
2102	18	Female	Sophomore	Science
2103	20	Female	Sophomore	Business
2104	22	Male	Senior	Business
2105	18	Male	Sophomore	Business
2106	21	Other	Junior	Business
2107	21	Other	Sophomore	Arts
2108	20	Female	Freshman	Arts
2109	22	Male	Senior	Science
2110	22	Male	Junior	Arts
2111	24	Other	Sophomore	Business
2112	18	Male	Freshman	Arts
2113	24	Female	Junior	Business
2114	21	Male	Sophomore	Arts
2115	21	Male	Freshman	Arts
2116	19	Other	Junior	Arts
2117	23	Male	Junior	Engineering
2118	23	Other	Senior	Science
2119	23	Other	Freshman	Business
2120	22	Male	Freshman	Business
2121	23	Other	Freshman	Arts
2122	20	Female	Junior	Science
2123	24	Other	Junior	Engineering
2124	24	Other	Junior	Business
2125	21	Male	Sophomore	Business
2126	20	Male	Junior	Arts
2127	23	Other	Freshman	Arts
2128	20	Other	Senior	Science
2129	19	Other	Junior	Engineering
2130	21	Female	Sophomore	Engineering
2131	20	Male	Senior	Science
2132	24	Female	Freshman	Science
2133	21	Male	Senior	Business
2134	19	Male	Senior	Arts
2135	23	Female	Senior	Engineering
2136	18	Female	Freshman	Arts
2137	18	Male	Sophomore	Science
2138	18	Male	Sophomore	Engineering
2139	20	Female	Sophomore	Arts
2140	20	Female	Junior	Science
2141	20	Male	Sophomore	Arts
2142	21	Female	Senior	Business
2143	22	Other	Sophomore	Arts
2144	21	Male	Junior	Science
2145	18	Female	Sophomore	Engineering
2146	22	Other	Senior	Engineering
2147	24	Male	Junior	Engineering
2148	19	Male	Freshman	Science
2149	22	Female	Freshman	Science
2150	19	Other	Freshman	Arts
2151	20	Female	Senior	Business
2152	18	Female	Junior	Science
2153	20	Other	Freshman	Business
2154	21	Female	Junior	Business
2155	23	Male	Senior	Engineering
2156	20	Other	Sophomore	Business
2157	20	Female	Junior	Arts
2158	22	Female	Sophomore	Arts
2159	19	Female	Freshman	Business
2160	18	Male	Sophomore	Science
2161	20	Male	Sophomore	Engineering
2162	20	Other	Sophomore	Business
2163	19	Other	Senior	Science
2164	21	Male	Senior	Arts
2165	24	Other	Junior	Science
2166	21	Male	Junior	Science
2167	22	Male	Freshman	Arts
2168	19	Female	Sophomore	Arts
2169	20	Other	Senior	Business
2170	21	Female	Junior	Business
2171	21	Male	Freshman	Arts
2172	18	Other	Junior	Business
2173	18	Female	Senior	Business
2174	23	Male	Junior	Business
2175	24	Male	Senior	Engineering
2176	22	Female	Senior	Engineering
2177	21	Female	Freshman	Business
2178	21	Female	Freshman	Arts
2179	19	Other	Junior	Science
2180	18	Other	Sophomore	Business
2181	24	Female	Senior	Engineering
2182	18	Female	Senior	Engineering
2183	21	Male	Freshman	Business
2184	24	Other	Freshman	Engineering
2185	22	Female	Senior	Business
2186	21	Other	Freshman	Science
2187	20	Other	Senior	Engineering
2188	18	Other	Freshman	Engineering
2189	18	Male	Junior	Business
2190	19	Female	Junior	Science
2191	24	Female	Junior	Arts
2192	22	Female	Freshman	Engineering
2193	19	Male	Senior	Business
2194	18	Male	Senior	Engineering
2195	23	Male	Junior	Arts
2196	22	Female	Sophomore	Engineering
2197	21	Other	Sophomore	Engineering
2198	21	Male	Junior	Engineering
2199	23	Other	Junior	Science
2200	24	Male	Senior	Business
2201	22	Male	Junior	Engineering
2202	20	Male	Freshman	Engineering
2203	21	Female	Senior	Arts
2204	24	Male	Sophomore	Business
2205	19	Female	Senior	Engineering
2206	21	Male	Freshman	Arts
2207	21	Male	Freshman	Science
2208	20	Other	Sophomore	Science
2209	21	Male	Senior	Business
2210	19	Male	Junior	Arts
2211	19	Other	Sophomore	Science
2212	23	Male	Junior	Engineering
2213	19	Female	Sophomore	Business
2214	23	Male	Junior	Engineering
2215	18	Female	Junior	Arts
2216	21	Male	Senior	Arts
2217	21	Female	Freshman	Arts
2218	22	Male	Junior	Business
2219	20	Other	Junior	Business
2220	18	Male	Senior	Science
2221	23	Female	Senior	Arts
2222	21	Male	Senior	Science
2223	19	Male	Senior	Science
2224	18	Male	Senior	Engineering
2225	24	Female	Senior	Engineering
2226	24	Female	Sophomore	Engineering
2227	18	Male	Senior	Business
2228	23	Male	Junior	Business
2229	19	Male	Senior	Arts
2230	24	Other	Junior	Arts
2231	22	Other	Senior	Arts
2232	23	Male	Junior	Business
2233	24	Male	Junior	Engineering
2234	21	Male	Senior	Arts
2235	20	Male	Junior	Engineering
2236	22	Other	Junior	Science
2237	20	Female	Senior	Engineering
2238	23	Female	Freshman	Arts
2239	20	Female	Freshman	Engineering
2240	21	Male	Sophomore	Science
2241	24	Other	Freshman	Science
2242	24	Female	Sophomore	Business
2243	18	Other	Sophomore	Engineering
2244	19	Male	Senior	Engineering
2245	20	Male	Junior	Arts
2246	22	Female	Sophomore	Engineering
2247	21	Male	Senior	Science
2248	21	Female	Junior	Science
2249	24	Other	Senior	Science
2250	23	Male	Sophomore	Arts
2251	24	Female	Senior	Arts
2252	22	Female	Freshman	Science
2253	20	Male	Junior	Science
2254	20	Other	Freshman	Engineering
2255	20	Other	Senior	Arts
2256	22	Other	Junior	Arts
2257	20	Male	Senior	Science
2258	24	Male	Junior	Business
2259	22	Other	Senior	Business
2260	21	Male	Senior	Business
2261	22	Other	Junior	Arts
2262	19	Female	Freshman	Arts
2263	18	Female	Freshman	Science
2264	24	Other	Senior	Arts
2265	24	Male	Junior	Business
2266	18	Other	Sophomore	Business
2267	19	Male	Sophomore	Engineering
2268	22	Female	Senior	Science
2269	23	Female	Senior	Engineering
2270	18	Male	Sophomore	Engineering
2271	19	Other	Junior	Business
2272	23	Male	Junior	Business
2273	20	Other	Junior	Engineering
2274	19	Other	Junior	Arts
2275	24	Female	Senior	Engineering
2276	18	Other	Freshman	Business
2277	22	Female	Freshman	Business
2278	22	Female	Freshman	Engineering
2279	22	Male	Junior	Arts
2280	18	Female	Sophomore	Engineering
2281	20	Female	Freshman	Business
2282	22	Female	Junior	Arts
2283	23	Other	Junior	Engineering
2284	21	Male	Junior	Science
2285	20	Other	Freshman	Science
2286	23	Female	Junior	Engineering
2287	24	Other	Freshman	Arts
2288	19	Female	Sophomore	Science
2289	21	Male	Junior	Business
2290	20	Female	Freshman	Engineering
2291	18	Female	Sophomore	Arts
2292	21	Female	Senior	Science
2293	20	Other	Junior	Arts
2294	20	Female	Senior	Engineering
2295	23	Female	Freshman	Arts
2296	20	Female	Junior	Science
2297	20	Female	Senior	Business
2298	22	Female	Junior	Business
2299	21	Female	Junior	Engineering
2300	23	Other	Sophomore	Arts
2301	20	Male	Senior	Engineering
2302	19	Male	Senior	Arts
2303	20	Male	Junior	Science
2304	24	Male	Sophomore	Arts
2305	23	Other	Freshman	Engineering
2306	22	Female	Junior	Engineering
2307	21	Female	Sophomore	Engineering
2308	21	Other	Freshman	Engineering
2309	24	Male	Senior	Business
2310	20	Other	Freshman	Engineering
2311	20	Other	Sophomore	Arts
2312	19	Male	Senior	Engineering
2313	21	Other	Freshman	Business
2314	21	Female	Senior	Business
2315	21	Other	Senior	Arts
2316	18	Male	Senior	Engineering
2317	24	Male	Junior	Arts
2318	21	Male	Junior	Arts
2319	24	Other	Senior	Engineering
2320	24	Male	Senior	Arts
2321	21	Female	Freshman	Arts
2322	19	Male	Freshman	Science
2323	23	Female	Junior	Engineering
2324	19	Other	Freshman	Arts
2325	23	Male	Sophomore	Business
2326	22	Male	Freshman	Business
2327	19	Female	Freshman	Science
2328	21	Other	Freshman	Arts
2329	21	Female	Junior	Arts
2330	21	Other	Junior	Arts
2331	19	Female	Freshman	Arts
2332	20	Female	Senior	Engineering
2333	23	Male	Junior	Science
2334	18	Female	Freshman	Business
2335	22	Other	Junior	Arts
2336	20	Female	Junior	Business
2337	18	Other	Sophomore	Business
2338	19	Female	Sophomore	Business
2339	23	Male	Freshman	Business
2340	22	Female	Freshman	Engineering
2341	22	Other	Freshman	Arts
2342	19	Other	Senior	Science
2343	24	Male	Freshman	Engineering
2344	23	Other	Junior	Business
2345	20	Male	Junior	Science
2346	24	Female	Junior	Business
2347	18	Other	Freshman	Business
2348	21	Male	Senior	Arts
2349	24	Female	Sophomore	Business
2350	23	Female	Sophomore	Engineering
2351	21	Male	Freshman	Business
2352	23	Male	Sophomore	Engineering
2353	18	Female	Sophomore	Engineering
2354	21	Female	Sophomore	Science
2355	20	Male	Freshman	Engineering
2356	23	Male	Senior	Science
2357	24	Female	Junior	Arts
2358	19	Female	Sophomore	Business
2359	23	Other	Senior	Business
2360	21	Other	Junior	Science
2361	19	Male	Freshman	Engineering
2362	23	Male	Senior	Science
2363	21	Female	Senior	Arts
2364	21	Female	Freshman	Arts
2365	22	Male	Junior	Engineering
2366	21	Male	Freshman	Arts
2367	22	Male	Freshman	Arts
2368	24	Male	Sophomore	Science
2369	24	Female	Freshman	Engineering
2370	18	Other	Sophomore	Business
2371	21	Other	Freshman	Science
2372	23	Male	Sophomore	Business
2373	24	Male	Sophomore	Science
2374	21	Other	Senior	Engineering
2375	21	Female	Sophomore	Arts
2376	24	Female	Senior	Science
2377	22	Male	Junior	Arts
2378	21	Male	Junior	Science
2379	20	Other	Junior	Engineering
2380	18	Male	Freshman	Arts
2381	19	Other	Sophomore	Business
2382	24	Female	Sophomore	Engineering
2383	23	Male	Junior	Business
2384	19	Other	Senior	Engineering
2385	22	Male	Junior	Engineering
2386	23	Male	Freshman	Engineering
2387	18	Other	Freshman	Arts
2388	18	Male	Junior	Business
2389	24	Other	Freshman	Engineering
2390	19	Male	Freshman	Science
2391	22	Male	Freshman	Arts
2392	20	Male	Junior	Engineering
2393	18	Other	Junior	Business
2394	23	Male	Junior	Business
2395	19	Female	Sophomore	Arts
2396	24	Other	Senior	Business
2397	20	Female	Junior	Arts
2398	20	Female	Junior	Business
2399	20	Other	Junior	Science
2400	24	Other	Senior	Science
2401	23	Female	Sophomore	Business
2402	21	Other	Freshman	Engineering
2403	24	Female	Junior	Arts
2404	20	Male	Senior	Science
2405	24	Other	Junior	Business
2406	20	Other	Junior	Business
2407	23	Female	Junior	Science
2408	19	Female	Sophomore	Science
2409	22	Female	Freshman	Business
2410	24	Female	Senior	Science
2411	24	Female	Freshman	Engineering
2412	21	Male	Sophomore	Arts
2413	19	Other	Sophomore	Arts
2414	23	Male	Sophomore	Business
2415	19	Male	Sophomore	Engineering
2416	20	Female	Sophomore	Business
2417	21	Female	Sophomore	Arts
2418	22	Other	Junior	Arts
2419	22	Female	Sophomore	Engineering
2420	19	Male	Junior	Business
2421	21	Other	Freshman	Science
2422	19	Male	Freshman	Business
2423	23	Male	Freshman	Arts
2424	19	Male	Junior	Science
2425	22	Male	Senior	Engineering
2426	22	Male	Senior	Business
2427	19	Male	Senior	Science
2428	22	Male	Senior	Business
2429	23	Male	Freshman	Engineering
2430	22	Other	Sophomore	Science
2431	20	Male	Junior	Business
2432	20	Female	Freshman	Science
2433	18	Other	Freshman	Science
2434	23	Female	Sophomore	Science
2435	18	Male	Senior	Science
2436	19	Other	Freshman	Arts
2437	19	Other	Junior	Engineering
2438	19	Female	Sophomore	Science
2439	19	Other	Freshman	Engineering
2440	22	Female	Freshman	Science
2441	18	Other	Sophomore	Business
2442	24	Other	Sophomore	Arts
2443	19	Male	Sophomore	Science
2444	20	Male	Senior	Engineering
2445	22	Male	Sophomore	Science
2446	18	Male	Senior	Engineering
2447	23	Female	Senior	Engineering
2448	22	Other	Sophomore	Business
2449	21	Other	Senior	Engineering
2450	19	Male	Senior	Business
2451	20	Other	Senior	Business
2452	23	Male	Freshman	Engineering
2453	18	Male	Junior	Business
2454	22	Other	Sophomore	Engineering
2455	18	Male	Junior	Science
2456	21	Female	Freshman	Science
2457	20	Male	Junior	Arts
2458	23	Male	Junior	Arts
2459	24	Female	Junior	Engineering
2460	22	Male	Senior	Business
2461	23	Male	Freshman	Arts
2462	21	Male	Sophomore	Science
2463	20	Female	Sophomore	Science
2464	19	Male	Sophomore	Arts
2465	18	Male	Senior	Arts
2466	24	Other	Junior	Arts
2467	21	Female	Freshman	Science
2468	23	Female	Freshman	Arts
2469	23	Female	Freshman	Business
2470	18	Male	Senior	Business
2471	18	Female	Senior	Arts
2472	21	Female	Freshman	Science
2473	21	Male	Junior	Arts
2474	22	Other	Junior	Arts
2475	20	Female	Sophomore	Arts
2476	24	Female	Senior	Science
2477	23	Female	Freshman	Business
2478	19	Female	Senior	Science
2479	20	Male	Freshman	Engineering
2480	23	Female	Junior	Engineering
2481	24	Male	Senior	Engineering
2482	23	Male	Sophomore	Arts
2483	24	Other	Sophomore	Business
2484	19	Female	Sophomore	Engineering
2485	19	Female	Senior	Business
2486	24	Female	Sophomore	Engineering
2487	22	Other	Senior	Engineering
2488	24	Female	Senior	Business
2489	20	Male	Sophomore	Engineering
2490	21	Female	Sophomore	Arts
2491	18	Other	Junior	Business
2492	23	Female	Junior	Business
2493	22	Other	Freshman	Arts
2494	22	Female	Junior	Arts
2495	22	Other	Senior	Arts
2496	21	Female	Freshman	Business
2497	23	Female	Senior	Arts
2498	24	Other	Sophomore	Engineering
2499	18	Female	Junior	Arts
2500	19	Other	Senior	Business
2501	23	Female	Sophomore	Engineering
2502	21	Male	Senior	Business
2503	20	Other	Junior	Business
2504	20	Other	Senior	Science
2505	21	Female	Junior	Engineering
2506	22	Male	Senior	Arts
2507	21	Other	Freshman	Engineering
2508	23	Male	Junior	Business
2509	24	Other	Sophomore	Arts
2510	18	Female	Junior	Business
2511	23	Male	Senior	Business
2512	19	Male	Senior	Engineering
2513	24	Other	Sophomore	Arts
2514	19	Male	Freshman	Science
2515	19	Female	Junior	Arts
2516	24	Male	Junior	Engineering
2517	23	Male	Senior	Science
2518	19	Female	Junior	Engineering
2519	22	Male	Junior	Arts
2520	23	Male	Freshman	Arts
2521	24	Female	Junior	Business
2522	23	Female	Junior	Business
2523	20	Male	Sophomore	Engineering
2524	20	Female	Freshman	Business
2525	21	Male	Senior	Science
2526	19	Other	Junior	Business
2527	20	Other	Senior	Arts
2528	18	Male	Junior	Arts
2529	24	Male	Senior	Business
2530	21	Male	Freshman	Science
2531	22	Female	Junior	Arts
2532	20	Male	Senior	Business
2533	19	Female	Senior	Engineering
2534	24	Female	Senior	Business
2535	24	Male	Freshman	Engineering
2536	24	Other	Sophomore	Business
2537	22	Male	Freshman	Engineering
2538	18	Other	Freshman	Business
2539	18	Female	Junior	Business
2540	18	Other	Freshman	Arts
2541	22	Male	Senior	Science
2542	23	Other	Sophomore	Arts
2543	20	Other	Freshman	Business
2544	20	Male	Sophomore	Engineering
2545	23	Other	Junior	Arts
2546	23	Male	Sophomore	Arts
2547	19	Male	Freshman	Arts
2548	23	Other	Senior	Engineering
2549	22	Other	Freshman	Arts
2550	20	Other	Sophomore	Arts
2551	23	Other	Sophomore	Science
2552	21	Other	Freshman	Engineering
2553	19	Male	Freshman	Business
2554	20	Other	Freshman	Science
2555	21	Male	Freshman	Engineering
2556	19	Other	Sophomore	Business
2557	18	Other	Freshman	Business
2558	18	Other	Senior	Engineering
2559	21	Other	Sophomore	Business
2560	18	Female	Junior	Arts
2561	21	Female	Senior	Science
2562	19	Other	Freshman	Arts
2563	20	Female	Senior	Science
2564	19	Female	Sophomore	Arts
2565	21	Male	Freshman	Engineering
2566	24	Female	Senior	Business
2567	22	Male	Senior	Business
2568	22	Other	Freshman	Engineering
2569	24	Other	Freshman	Arts
2570	23	Other	Freshman	Engineering
2571	23	Female	Senior	Arts
2572	23	Other	Senior	Arts
2573	21	Male	Sophomore	Engineering
2574	18	Female	Junior	Science
2575	21	Female	Sophomore	Science
2576	23	Male	Sophomore	Engineering
2577	20	Female	Senior	Engineering
2578	19	Female	Freshman	Science
2579	21	Male	Freshman	Business
2580	23	Other	Junior	Business
2581	24	Female	Junior	Science
2582	20	Male	Senior	Arts
2583	22	Female	Senior	Engineering
2584	21	Male	Sophomore	Science
2585	18	Female	Junior	Business
2586	23	Other	Junior	Engineering
2587	21	Male	Senior	Science
2588	23	Other	Sophomore	Business
2589	22	Male	Senior	Business
2590	23	Female	Sophomore	Business
2591	23	Female	Sophomore	Science
2592	20	Female	Junior	Science
2593	21	Female	Freshman	Engineering
2594	21	Male	Freshman	Science
2595	23	Male	Junior	Science
2596	24	Female	Sophomore	Arts
2597	18	Other	Freshman	Arts
2598	21	Female	Junior	Engineering
2599	19	Other	Senior	Business
2600	24	Male	Junior	Business
2601	24	Male	Senior	Engineering
2602	21	Female	Senior	Science
2603	20	Female	Senior	Engineering
2604	24	Female	Sophomore	Science
2605	19	Male	Freshman	Engineering
2606	18	Female	Senior	Engineering
2607	20	Female	Freshman	Arts
2608	18	Other	Senior	Business
2609	24	Male	Junior	Engineering
2610	24	Female	Sophomore	Arts
2611	24	Other	Junior	Engineering
2612	21	Other	Senior	Business
2613	21	Female	Junior	Engineering
2614	21	Male	Junior	Business
2615	22	Other	Sophomore	Science
2616	22	Male	Junior	Arts
2617	22	Other	Senior	Science
2618	19	Other	Sophomore	Arts
2619	22	Male	Junior	Engineering
2620	23	Other	Sophomore	Arts
2621	23	Female	Senior	Arts
2622	21	Female	Freshman	Business
2623	21	Other	Junior	Business
2624	18	Female	Junior	Engineering
2625	20	Male	Junior	Business
2626	20	Male	Senior	Science
2627	19	Female	Junior	Arts
2628	20	Female	Junior	Engineering
2629	24	Female	Junior	Science
2630	19	Male	Junior	Engineering
2631	18	Other	Senior	Business
2632	21	Female	Senior	Engineering
2633	21	Female	Senior	Engineering
2634	19	Male	Freshman	Science
2635	22	Other	Senior	Engineering
2636	18	Male	Senior	Engineering
2637	23	Female	Sophomore	Arts
2638	21	Male	Sophomore	Business
2639	21	Other	Freshman	Arts
2640	24	Male	Sophomore	Business
2641	18	Male	Senior	Arts
2642	23	Other	Sophomore	Science
2643	23	Female	Freshman	Business
2644	19	Male	Sophomore	Science
2645	22	Male	Sophomore	Engineering
2646	24	Other	Senior	Business
2647	24	Female	Sophomore	Arts
2648	19	Other	Junior	Arts
2649	18	Female	Senior	Science
2650	20	Female	Sophomore	Arts
2651	19	Male	Senior	Science
2652	20	Female	Junior	Engineering
2653	24	Female	Sophomore	Arts
2654	18	Male	Senior	Business
2655	23	Male	Senior	Science
2656	20	Female	Senior	Engineering
2657	21	Female	Sophomore	Engineering
2658	20	Female	Freshman	Arts
2659	22	Other	Senior	Science
2660	22	Male	Junior	Engineering
2661	24	Female	Junior	Business
2662	18	Female	Junior	Arts
2663	22	Male	Junior	Arts
2664	23	Female	Sophomore	Science
2665	23	Female	Junior	Engineering
2666	24	Female	Senior	Science
2667	20	Female	Senior	Business
2668	24	Other	Senior	Science
2669	21	Female	Junior	Arts
2670	18	Female	Senior	Engineering
2671	19	Male	Senior	Engineering
2672	21	Other	Sophomore	Engineering
2673	24	Male	Senior	Science
2674	19	Female	Sophomore	Engineering
2675	18	Male	Sophomore	Arts
2676	19	Other	Senior	Engineering
2677	21	Female	Sophomore	Science
2678	22	Female	Freshman	Science
2679	24	Female	Freshman	Science
2680	18	Female	Sophomore	Business
2681	22	Other	Senior	Science
2682	22	Female	Sophomore	Science
2683	22	Male	Senior	Arts
2684	21	Female	Junior	Arts
2685	24	Male	Sophomore	Engineering
2686	23	Female	Sophomore	Science
2687	24	Female	Freshman	Arts
2688	20	Other	Senior	Arts
2689	22	Other	Freshman	Business
2690	20	Other	Junior	Business
2691	18	Male	Junior	Engineering
2692	19	Male	Sophomore	Arts
2693	22	Male	Senior	Science
2694	23	Female	Freshman	Engineering
2695	20	Female	Freshman	Arts
2696	18	Female	Senior	Science
2697	21	Female	Junior	Science
2698	23	Other	Junior	Engineering
2699	24	Female	Freshman	Business
2700	23	Male	Sophomore	Science
2701	18	Male	Freshman	Business
2702	21	Female	Junior	Science
2703	19	Other	Senior	Engineering
2704	19	Other	Sophomore	Arts
2705	23	Other	Freshman	Engineering
2706	20	Other	Freshman	Engineering
2707	21	Female	Senior	Science
2708	21	Other	Freshman	Engineering
2709	23	Other	Senior	Business
2710	19	Female	Freshman	Engineering
2711	23	Male	Junior	Arts
2712	23	Female	Freshman	Business
2713	18	Male	Sophomore	Science
2714	18	Female	Junior	Engineering
2715	20	Other	Junior	Science
2716	19	Other	Junior	Engineering
2717	24	Other	Junior	Science
2718	19	Male	Sophomore	Science
2719	22	Male	Freshman	Science
2720	23	Female	Junior	Business
2721	20	Male	Senior	Engineering
2722	19	Female	Freshman	Business
2723	22	Female	Freshman	Business
2724	21	Male	Senior	Science
2725	24	Female	Sophomore	Engineering
2726	23	Other	Freshman	Arts
2727	22	Male	Sophomore	Science
2728	19	Other	Junior	Engineering
2729	18	Female	Junior	Arts
2730	20	Male	Freshman	Arts
2731	21	Other	Junior	Business
2732	24	Female	Sophomore	Arts
2733	23	Male	Senior	Business
2734	18	Male	Senior	Engineering
2735	20	Other	Senior	Arts
2736	21	Other	Junior	Business
2737	21	Female	Freshman	Science
2738	23	Female	Sophomore	Science
2739	23	Male	Junior	Arts
2740	19	Male	Junior	Engineering
2741	22	Female	Freshman	Science
2742	23	Other	Junior	Science
2743	18	Other	Sophomore	Business
2744	23	Male	Freshman	Science
2745	22	Male	Senior	Business
2746	19	Other	Sophomore	Engineering
2747	19	Female	Sophomore	Engineering
2748	18	Male	Junior	Business
2749	24	Male	Freshman	Engineering
2750	21	Male	Sophomore	Business
2751	20	Male	Junior	Science
2752	24	Male	Freshman	Engineering
2753	21	Male	Freshman	Engineering
2754	22	Other	Sophomore	Engineering
2755	24	Other	Junior	Arts
2756	23	Female	Sophomore	Engineering
2757	18	Other	Sophomore	Arts
2758	24	Other	Freshman	Arts
2759	19	Female	Freshman	Arts
2760	23	Male	Junior	Engineering
2761	21	Other	Freshman	Science
2762	18	Other	Sophomore	Arts
2763	20	Female	Senior	Business
2764	23	Female	Junior	Business
2765	24	Other	Junior	Engineering
2766	19	Male	Sophomore	Science
2767	21	Male	Freshman	Arts
2768	19	Female	Senior	Business
2769	22	Female	Junior	Science
2770	20	Male	Junior	Business
2771	23	Other	Freshman	Engineering
2772	20	Other	Freshman	Arts
2773	20	Female	Freshman	Business
2774	24	Other	Senior	Engineering
2775	22	Male	Freshman	Science
2776	21	Other	Sophomore	Engineering
2777	23	Female	Freshman	Business
2778	21	Female	Freshman	Arts
2779	24	Female	Junior	Engineering
2780	21	Other	Sophomore	Business
2781	21	Male	Senior	Engineering
2782	21	Other	Senior	Science
2783	18	Other	Freshman	Engineering
2784	24	Female	Senior	Business
2785	22	Other	Junior	Engineering
2786	20	Other	Junior	Business
2787	21	Female	Sophomore	Engineering
2788	21	Female	Senior	Engineering
2789	20	Male	Sophomore	Business
2790	20	Other	Sophomore	Engineering
2791	18	Male	Senior	Science
2792	22	Female	Freshman	Business
2793	19	Other	Sophomore	Arts
2794	23	Male	Freshman	Arts
2795	18	Other	Junior	Business
2796	19	Other	Sophomore	Arts
2797	18	Female	Senior	Business
2798	22	Other	Freshman	Science
2799	22	Male	Junior	Arts
2800	19	Female	Junior	Arts
2801	24	Other	Freshman	Engineering
2802	21	Male	Junior	Business
2803	23	Other	Senior	Arts
2804	21	Other	Sophomore	Engineering
2805	21	Male	Senior	Engineering
2806	24	Male	Sophomore	Business
2807	19	Female	Junior	Business
2808	21	Female	Freshman	Business
2809	20	Other	Senior	Arts
2810	20	Female	Junior	Science
2811	22	Other	Sophomore	Science
2812	19	Female	Sophomore	Engineering
2813	21	Other	Sophomore	Engineering
2814	20	Female	Senior	Business
2815	21	Female	Freshman	Science
2816	23	Other	Freshman	Engineering
2817	18	Male	Freshman	Business
2818	21	Female	Senior	Arts
2819	22	Other	Freshman	Science
2820	24	Other	Junior	Arts
2821	18	Other	Senior	Engineering
2822	19	Male	Junior	Engineering
2823	21	Male	Sophomore	Science
2824	21	Female	Sophomore	Business
2825	18	Other	Sophomore	Business
2826	22	Male	Freshman	Business
2827	22	Male	Senior	Engineering
2828	22	Male	Junior	Arts
2829	23	Male	Sophomore	Arts
2830	19	Other	Senior	Arts
2831	24	Female	Junior	Engineering
2832	18	Male	Senior	Engineering
2833	24	Female	Freshman	Arts
2834	20	Male	Freshman	Science
2835	19	Male	Senior	Engineering
2836	22	Female	Senior	Business
2837	22	Female	Sophomore	Engineering
2838	21	Other	Freshman	Engineering
2839	23	Other	Sophomore	Science
2840	23	Other	Senior	Business
2841	19	Other	Junior	Engineering
2842	18	Female	Junior	Engineering
2843	24	Female	Senior	Business
2844	24	Male	Senior	Arts
2845	22	Female	Sophomore	Arts
2846	20	Male	Sophomore	Engineering
2847	21	Other	Freshman	Arts
2848	18	Male	Senior	Business
2849	18	Other	Sophomore	Business
2850	23	Male	Sophomore	Arts
2851	18	Other	Freshman	Science
2852	23	Female	Senior	Arts
2853	23	Other	Freshman	Science
2854	24	Other	Junior	Engineering
2855	23	Male	Junior	Engineering
2856	21	Female	Freshman	Engineering
2857	20	Male	Junior	Arts
2858	22	Female	Junior	Arts
2859	21	Female	Junior	Science
2860	21	Other	Junior	Arts
2861	20	Other	Freshman	Science
2862	24	Other	Senior	Arts
2863	24	Male	Freshman	Arts
2864	18	Male	Freshman	Science
2865	22	Female	Senior	Engineering
2866	19	Male	Junior	Science
2867	18	Other	Sophomore	Business
2868	23	Male	Junior	Science
2869	18	Male	Sophomore	Arts
2870	20	Female	Freshman	Arts
2871	19	Other	Freshman	Business
2872	22	Male	Freshman	Engineering
2873	22	Male	Senior	Arts
2874	22	Female	Senior	Arts
2875	20	Female	Senior	Engineering
2876	23	Female	Sophomore	Business
2877	19	Other	Senior	Engineering
2878	19	Female	Senior	Science
2879	18	Male	Senior	Science
2880	23	Male	Junior	Arts
2881	21	Other	Sophomore	Science
2882	19	Female	Freshman	Engineering
2883	22	Other	Freshman	Science
2884	22	Other	Senior	Arts
2885	21	Other	Senior	Science
2886	21	Other	Freshman	Engineering
2887	18	Female	Sophomore	Arts
2888	18	Other	Sophomore	Business
2889	24	Other	Junior	Arts
2890	20	Other	Freshman	Business
2891	23	Male	Senior	Business
2892	24	Female	Senior	Business
2893	22	Other	Senior	Science
2894	20	Male	Freshman	Business
2895	22	Female	Sophomore	Business
2896	20	Other	Sophomore	Arts
2897	18	Female	Freshman	Engineering
2898	19	Female	Sophomore	Arts
2899	23	Female	Senior	Arts
2900	24	Other	Senior	Engineering
2901	21	Other	Junior	Engineering
2902	22	Female	Freshman	Engineering
2903	23	Male	Senior	Arts
2904	18	Female	Sophomore	Business
2905	24	Other	Freshman	Science
2906	18	Other	Junior	Engineering
2907	18	Other	Junior	Business
2908	20	Other	Freshman	Arts
2909	23	Female	Sophomore	Business
2910	21	Male	Freshman	Science
2911	24	Female	Freshman	Engineering
2912	18	Other	Sophomore	Engineering
2913	20	Female	Freshman	Arts
2914	24	Male	Freshman	Science
2915	18	Male	Senior	Business
2916	20	Female	Junior	Science
2917	23	Male	Junior	Engineering
2918	19	Female	Sophomore	Science
2919	20	Female	Junior	Science
2920	22	Male	Sophomore	Arts
2921	21	Other	Sophomore	Arts
2922	20	Female	Sophomore	Engineering
2923	21	Male	Freshman	Engineering
2924	20	Female	Junior	Arts
2925	21	Male	Senior	Engineering
2926	23	Male	Senior	Science
2927	19	Female	Senior	Science
2928	22	Female	Senior	Engineering
2929	22	Female	Senior	Arts
2930	22	Other	Sophomore	Business
2931	24	Other	Senior	Science
2932	24	Female	Sophomore	Business
2933	20	Male	Freshman	Engineering
2934	24	Female	Senior	Business
2935	22	Male	Junior	Business
2936	18	Male	Junior	Engineering
2937	18	Female	Junior	Arts
2938	24	Female	Senior	Business
2939	24	Female	Senior	Science
2940	22	Female	Junior	Engineering
2941	23	Other	Junior	Business
2942	22	Female	Senior	Business
2943	20	Female	Junior	Arts
2944	24	Male	Freshman	Science
2945	22	Other	Senior	Science
2946	21	Male	Senior	Business
2947	23	Male	Senior	Engineering
2948	19	Male	Freshman	Business
2949	20	Female	Freshman	Arts
2950	20	Other	Junior	Engineering
2951	24	Male	Junior	Science
2952	18	Male	Junior	Science
2953	20	Other	Freshman	Arts
2954	20	Male	Junior	Science
2955	24	Female	Junior	Engineering
2956	19	Male	Junior	Business
2957	23	Female	Sophomore	Business
2958	21	Other	Sophomore	Engineering
2959	24	Female	Junior	Arts
2960	19	Other	Freshman	Engineering
2961	23	Other	Junior	Science
2962	23	Female	Freshman	Engineering
2963	23	Male	Sophomore	Arts
2964	21	Male	Sophomore	Science
2965	18	Male	Junior	Engineering
2966	23	Male	Sophomore	Arts
2967	19	Male	Junior	Business
2968	19	Female	Junior	Business
2969	19	Other	Freshman	Engineering
2970	22	Male	Freshman	Science
2971	22	Other	Sophomore	Business
2972	24	Male	Sophomore	Arts
2973	23	Male	Senior	Business
2974	19	Male	Junior	Arts
2975	20	Female	Junior	Arts
2976	18	Other	Sophomore	Engineering
2977	20	Female	Freshman	Arts
2978	18	Other	Freshman	Arts
2979	24	Male	Sophomore	Science
2980	24	Male	Sophomore	Business
2981	23	Male	Sophomore	Engineering
2982	24	Female	Senior	Engineering
2983	18	Other	Sophomore	Engineering
2984	22	Other	Sophomore	Business
2985	24	Other	Junior	Arts
2986	18	Female	Senior	Engineering
2987	24	Other	Sophomore	Engineering
2988	19	Other	Junior	Arts
2989	19	Female	Sophomore	Arts
2990	23	Female	Junior	Business
2991	23	Other	Sophomore	Business
2992	24	Other	Junior	Science
2993	18	Female	Freshman	Arts
2994	24	Female	Senior	Arts
2995	22	Female	Junior	Arts
2996	20	Female	Freshman	Business
2997	22	Female	Freshman	Business
2998	22	Female	Sophomore	Business
2999	20	Male	Junior	Arts
3000	19	Other	Sophomore	Science
3001	24	Other	Sophomore	Arts
3002	23	Other	Sophomore	Arts
3003	24	Female	Sophomore	Science
3004	21	Male	Freshman	Science
3005	22	Other	Freshman	Arts
3006	19	Male	Junior	Arts
3007	18	Male	Freshman	Engineering
3008	22	Female	Junior	Business
3009	22	Other	Senior	Arts
3010	24	Male	Senior	Science
3011	18	Female	Freshman	Arts
3012	21	Other	Senior	Business
3013	21	Female	Sophomore	Science
3014	20	Male	Freshman	Engineering
3015	23	Other	Senior	Engineering
3016	18	Other	Junior	Engineering
3017	19	Other	Sophomore	Engineering
3018	19	Other	Senior	Business
3019	21	Other	Senior	Engineering
3020	20	Female	Junior	Science
3021	23	Other	Sophomore	Science
3022	20	Female	Junior	Science
3023	24	Other	Junior	Science
3024	19	Male	Sophomore	Business
3025	23	Female	Junior	Arts
3026	23	Male	Sophomore	Engineering
3027	24	Female	Senior	Engineering
3028	20	Other	Freshman	Science
3029	23	Other	Senior	Science
3030	21	Female	Junior	Engineering
3031	21	Other	Senior	Business
3032	20	Female	Senior	Engineering
3033	21	Female	Senior	Business
3034	23	Other	Sophomore	Arts
3035	24	Other	Junior	Arts
3036	21	Other	Sophomore	Arts
3037	20	Female	Freshman	Arts
3038	21	Male	Junior	Science
3039	18	Female	Sophomore	Science
3040	21	Female	Junior	Business
3041	22	Other	Senior	Business
3042	19	Other	Sophomore	Business
3043	18	Other	Sophomore	Business
3044	20	Male	Sophomore	Science
3045	19	Male	Senior	Science
3046	22	Female	Junior	Arts
3047	19	Female	Junior	Arts
3048	21	Female	Senior	Engineering
3049	19	Male	Junior	Science
3050	20	Male	Sophomore	Business
3051	21	Female	Sophomore	Business
3052	21	Female	Freshman	Science
3053	22	Other	Junior	Engineering
3054	24	Male	Freshman	Engineering
3055	23	Female	Freshman	Engineering
3056	19	Female	Junior	Arts
3057	23	Male	Junior	Arts
3058	22	Other	Senior	Arts
3059	24	Other	Sophomore	Science
3060	21	Male	Junior	Arts
3061	21	Female	Sophomore	Engineering
3062	24	Male	Freshman	Engineering
3063	22	Female	Freshman	Arts
3064	24	Male	Freshman	Arts
3065	21	Other	Senior	Business
3066	24	Female	Junior	Business
3067	23	Female	Sophomore	Science
3068	23	Other	Sophomore	Arts
3069	19	Other	Freshman	Science
3070	18	Other	Junior	Business
3071	23	Female	Freshman	Engineering
3072	24	Other	Sophomore	Science
3073	22	Other	Senior	Engineering
3074	20	Female	Sophomore	Science
3075	18	Other	Freshman	Arts
3076	20	Male	Senior	Arts
3077	21	Male	Sophomore	Engineering
3078	18	Male	Senior	Science
3079	21	Other	Freshman	Arts
3080	21	Female	Junior	Arts
3081	24	Other	Junior	Engineering
3082	23	Male	Junior	Engineering
3083	22	Other	Sophomore	Business
3084	24	Other	Senior	Business
3085	24	Female	Senior	Business
3086	20	Male	Junior	Arts
3087	24	Male	Senior	Science
3088	23	Male	Junior	Business
3089	19	Other	Senior	Business
3090	22	Male	Sophomore	Engineering
3091	22	Other	Senior	Arts
3092	20	Male	Senior	Arts
3093	22	Female	Sophomore	Arts
3094	20	Male	Senior	Business
3095	22	Male	Freshman	Arts
3096	18	Female	Freshman	Science
3097	20	Other	Junior	Engineering
3098	19	Male	Sophomore	Arts
3099	24	Male	Junior	Business
3100	23	Female	Sophomore	Arts
3101	22	Female	Sophomore	Arts
3102	23	Other	Freshman	Arts
3103	24	Female	Senior	Science
3104	18	Male	Junior	Business
3105	23	Male	Sophomore	Arts
3106	19	Other	Sophomore	Engineering
3107	24	Female	Sophomore	Engineering
3108	22	Other	Sophomore	Science
3109	22	Female	Junior	Business
3110	23	Male	Sophomore	Business
3111	23	Male	Junior	Science
3112	23	Other	Sophomore	Arts
3113	21	Female	Senior	Business
3114	22	Male	Freshman	Business
3115	19	Male	Sophomore	Business
3116	19	Female	Freshman	Engineering
3117	18	Other	Senior	Science
3118	21	Other	Senior	Engineering
3119	18	Other	Freshman	Science
3120	24	Other	Senior	Arts
3121	18	Other	Sophomore	Business
3122	22	Male	Senior	Arts
3123	24	Female	Sophomore	Arts
3124	18	Other	Sophomore	Business
3125	20	Male	Freshman	Engineering
3126	21	Other	Junior	Science
3127	22	Other	Sophomore	Science
3128	20	Male	Sophomore	Business
3129	19	Other	Senior	Business
3130	21	Female	Sophomore	Science
3131	19	Other	Freshman	Engineering
3132	23	Male	Sophomore	Business
3133	24	Female	Freshman	Arts
3134	19	Male	Freshman	Science
3135	22	Other	Senior	Engineering
3136	20	Female	Sophomore	Science
3137	21	Male	Freshman	Science
3138	22	Other	Freshman	Engineering
3139	18	Male	Senior	Engineering
3140	21	Other	Senior	Arts
3141	22	Female	Senior	Science
3142	21	Other	Freshman	Science
3143	21	Female	Sophomore	Science
3144	24	Male	Senior	Business
3145	22	Female	Junior	Engineering
3146	19	Male	Senior	Arts
3147	24	Other	Junior	Business
3148	19	Other	Senior	Engineering
3149	24	Female	Sophomore	Arts
3150	22	Other	Junior	Science
3151	21	Male	Sophomore	Arts
3152	19	Other	Junior	Arts
3153	20	Other	Sophomore	Engineering
3154	18	Male	Senior	Engineering
3155	18	Female	Sophomore	Arts
3156	20	Other	Sophomore	Engineering
3157	24	Other	Senior	Science
3158	20	Other	Sophomore	Engineering
3159	20	Other	Freshman	Business
3160	21	Other	Senior	Business
3161	19	Female	Freshman	Engineering
3162	20	Female	Senior	Business
3163	22	Male	Sophomore	Business
3164	23	Female	Junior	Arts
3165	18	Male	Sophomore	Business
3166	18	Female	Freshman	Engineering
3167	20	Male	Senior	Science
3168	19	Male	Junior	Science
3169	20	Other	Junior	Business
3170	22	Male	Freshman	Business
3171	20	Other	Sophomore	Arts
3172	21	Male	Freshman	Engineering
3173	24	Male	Sophomore	Arts
3174	24	Other	Freshman	Science
3175	24	Female	Sophomore	Science
3176	24	Female	Sophomore	Business
3177	20	Female	Sophomore	Arts
3178	21	Other	Junior	Science
3179	19	Other	Senior	Engineering
3180	24	Female	Junior	Business
3181	23	Other	Freshman	Engineering
3182	24	Other	Freshman	Science
3183	19	Female	Junior	Science
3184	22	Female	Junior	Arts
3185	19	Female	Sophomore	Science
3186	21	Female	Freshman	Business
3187	19	Female	Sophomore	Arts
3188	21	Female	Senior	Arts
3189	22	Other	Freshman	Engineering
3190	21	Other	Senior	Science
3191	20	Male	Sophomore	Science
3192	24	Other	Senior	Arts
3193	19	Male	Junior	Engineering
3194	24	Female	Junior	Arts
3195	24	Male	Sophomore	Engineering
3196	18	Female	Junior	Business
3197	24	Male	Senior	Business
3198	20	Other	Sophomore	Science
3199	23	Female	Sophomore	Science
3200	24	Female	Freshman	Business
3201	24	Other	Junior	Engineering
3202	21	Male	Senior	Business
3203	23	Other	Freshman	Engineering
3204	23	Other	Junior	Science
3205	23	Female	Senior	Science
3206	20	Female	Freshman	Science
3207	20	Male	Sophomore	Arts
3208	20	Other	Freshman	Arts
3209	24	Female	Sophomore	Business
3210	24	Female	Sophomore	Engineering
3211	20	Male	Sophomore	Science
3212	21	Male	Freshman	Business
3213	19	Male	Sophomore	Arts
3214	19	Other	Senior	Science
3215	20	Male	Junior	Business
3216	18	Other	Freshman	Arts
3217	19	Other	Junior	Engineering
3218	21	Other	Senior	Business
3219	24	Female	Freshman	Business
3220	21	Male	Senior	Engineering
3221	19	Other	Sophomore	Engineering
3222	21	Female	Senior	Engineering
3223	21	Other	Senior	Arts
3224	22	Male	Freshman	Business
3225	21	Male	Sophomore	Business
3226	19	Other	Senior	Science
3227	19	Male	Freshman	Engineering
3228	23	Female	Junior	Science
3229	23	Female	Sophomore	Science
3230	24	Male	Sophomore	Science
3231	18	Other	Sophomore	Engineering
3232	20	Other	Sophomore	Arts
3233	19	Other	Junior	Business
3234	21	Female	Sophomore	Engineering
3235	23	Male	Junior	Engineering
3236	23	Female	Sophomore	Engineering
3237	18	Male	Junior	Arts
3238	22	Male	Freshman	Business
3239	24	Female	Sophomore	Science
3240	23	Female	Freshman	Business
3241	18	Male	Senior	Business
3242	21	Other	Sophomore	Business
3243	19	Male	Junior	Business
3244	24	Female	Sophomore	Arts
3245	24	Male	Freshman	Science
3246	18	Male	Junior	Engineering
3247	24	Male	Junior	Arts
3248	21	Female	Freshman	Business
3249	22	Other	Freshman	Arts
3250	23	Other	Junior	Arts
3251	18	Other	Junior	Science
3252	21	Female	Freshman	Business
3253	20	Female	Senior	Science
3254	19	Other	Sophomore	Science
3255	21	Male	Freshman	Engineering
3256	20	Male	Senior	Engineering
3257	19	Female	Freshman	Arts
3258	23	Female	Sophomore	Science
3259	19	Male	Senior	Business
3260	19	Female	Sophomore	Arts
3261	20	Female	Senior	Science
3262	18	Male	Junior	Engineering
3263	23	Other	Sophomore	Arts
3264	20	Male	Freshman	Engineering
3265	24	Other	Junior	Science
3266	20	Other	Freshman	Science
3267	21	Other	Senior	Engineering
3268	21	Male	Sophomore	Business
3269	22	Female	Senior	Engineering
3270	20	Male	Senior	Engineering
3271	20	Male	Freshman	Business
3272	22	Female	Sophomore	Business
3273	20	Male	Junior	Business
3274	20	Female	Freshman	Science
3275	22	Female	Sophomore	Science
3276	22	Other	Sophomore	Science
3277	22	Female	Junior	Business
3278	19	Other	Freshman	Arts
3279	21	Other	Sophomore	Business
3280	22	Female	Junior	Science
3281	19	Female	Senior	Engineering
3282	23	Female	Freshman	Engineering
3283	21	Female	Freshman	Arts
3284	22	Female	Sophomore	Science
3285	23	Male	Junior	Science
3286	20	Female	Freshman	Engineering
3287	20	Other	Freshman	Engineering
3288	21	Male	Freshman	Business
3289	18	Female	Sophomore	Science
3290	21	Female	Junior	Business
3291	19	Other	Sophomore	Engineering
3292	20	Other	Senior	Arts
3293	23	Male	Sophomore	Business
3294	23	Male	Junior	Arts
3295	20	Female	Freshman	Engineering
3296	22	Male	Sophomore	Engineering
3297	19	Male	Senior	Science
3298	24	Female	Sophomore	Engineering
3299	18	Male	Senior	Arts
3300	19	Other	Senior	Engineering
3301	19	Female	Sophomore	Business
3302	19	Female	Senior	Engineering
3303	19	Female	Freshman	Arts
3304	18	Male	Junior	Engineering
3305	19	Female	Sophomore	Engineering
3306	24	Other	Freshman	Engineering
3307	24	Male	Junior	Business
3308	24	Other	Junior	Business
3309	18	Male	Freshman	Arts
3310	24	Other	Freshman	Engineering
3311	21	Female	Junior	Business
3312	23	Female	Freshman	Arts
3313	19	Male	Sophomore	Business
3314	24	Female	Junior	Arts
3315	22	Male	Sophomore	Engineering
3316	18	Female	Sophomore	Engineering
3317	23	Male	Junior	Science
3318	23	Male	Junior	Science
3319	24	Other	Junior	Science
3320	18	Female	Sophomore	Arts
3321	24	Other	Sophomore	Engineering
3322	23	Female	Sophomore	Science
3323	19	Female	Freshman	Science
3324	24	Female	Junior	Business
3325	22	Other	Freshman	Engineering
3326	23	Other	Freshman	Arts
3327	23	Other	Senior	Science
3328	22	Female	Freshman	Engineering
3329	19	Male	Freshman	Science
3330	22	Female	Junior	Science
3331	18	Female	Junior	Engineering
3332	23	Male	Senior	Science
3333	24	Female	Junior	Business
3334	19	Other	Freshman	Business
3335	19	Other	Junior	Business
3336	19	Other	Freshman	Business
3337	21	Other	Freshman	Engineering
3338	19	Male	Junior	Arts
3339	20	Other	Sophomore	Arts
3340	24	Female	Senior	Science
3341	20	Female	Sophomore	Science
3342	18	Other	Freshman	Business
3343	21	Male	Sophomore	Science
3344	24	Female	Sophomore	Engineering
3345	21	Male	Senior	Engineering
3346	22	Male	Sophomore	Business
3347	19	Other	Sophomore	Engineering
3348	20	Other	Sophomore	Science
3349	21	Female	Sophomore	Science
3350	20	Male	Sophomore	Science
3351	24	Male	Junior	Engineering
3352	24	Other	Sophomore	Arts
3353	20	Male	Freshman	Arts
3354	19	Female	Sophomore	Arts
3355	20	Other	Sophomore	Arts
3356	18	Male	Freshman	Science
3357	18	Male	Junior	Business
3358	21	Other	Senior	Business
3359	24	Other	Senior	Engineering
3360	21	Other	Freshman	Business
3361	22	Male	Freshman	Arts
3362	20	Other	Sophomore	Engineering
3363	21	Female	Junior	Business
3364	19	Male	Freshman	Arts
3365	21	Male	Junior	Engineering
3366	18	Other	Freshman	Engineering
3367	20	Male	Sophomore	Business
3368	18	Female	Sophomore	Engineering
3369	21	Female	Freshman	Arts
3370	24	Male	Senior	Arts
3371	21	Other	Junior	Arts
3372	18	Other	Freshman	Arts
3373	23	Female	Junior	Arts
3374	22	Male	Junior	Business
3375	22	Male	Junior	Engineering
3376	21	Female	Senior	Arts
3377	22	Female	Freshman	Arts
3378	18	Female	Senior	Engineering
3379	20	Male	Freshman	Business
3380	21	Female	Freshman	Science
3381	19	Female	Sophomore	Business
3382	23	Other	Freshman	Science
3383	22	Female	Freshman	Engineering
3384	22	Male	Sophomore	Science
3385	19	Male	Junior	Arts
3386	23	Male	Senior	Engineering
3387	19	Female	Sophomore	Science
3388	23	Male	Senior	Engineering
3389	18	Male	Senior	Arts
3390	23	Female	Senior	Engineering
3391	18	Female	Junior	Science
3392	22	Other	Senior	Business
3393	23	Other	Freshman	Science
3394	20	Male	Freshman	Engineering
3395	18	Male	Sophomore	Engineering
3396	23	Female	Freshman	Engineering
3397	18	Male	Sophomore	Engineering
3398	24	Other	Freshman	Business
3399	21	Female	Junior	Engineering
3400	23	Other	Freshman	Business
3401	21	Male	Freshman	Science
3402	18	Other	Freshman	Science
3403	20	Male	Senior	Engineering
3404	24	Male	Sophomore	Science
3405	22	Other	Sophomore	Engineering
3406	19	Female	Sophomore	Engineering
3407	23	Female	Freshman	Engineering
3408	18	Female	Freshman	Science
3409	20	Female	Senior	Arts
3410	24	Female	Senior	Arts
3411	20	Other	Sophomore	Arts
3412	20	Female	Freshman	Engineering
3413	18	Female	Junior	Arts
3414	24	Other	Senior	Science
3415	18	Other	Sophomore	Science
3416	23	Female	Junior	Science
3417	23	Male	Senior	Engineering
3418	20	Female	Freshman	Arts
3419	20	Female	Junior	Business
3420	24	Other	Junior	Business
3421	23	Other	Sophomore	Engineering
3422	18	Male	Senior	Science
3423	22	Male	Senior	Business
3424	18	Other	Freshman	Business
3425	21	Male	Senior	Business
3426	20	Male	Junior	Science
3427	22	Female	Freshman	Arts
3428	24	Other	Junior	Business
3429	19	Male	Freshman	Engineering
3430	18	Female	Freshman	Science
3431	20	Female	Senior	Business
3432	18	Other	Senior	Science
3433	19	Other	Freshman	Business
3434	18	Other	Freshman	Science
3435	22	Male	Junior	Engineering
3436	19	Male	Senior	Engineering
3437	21	Other	Sophomore	Arts
3438	24	Female	Freshman	Arts
3439	21	Female	Junior	Science
3440	24	Other	Junior	Business
3441	20	Male	Junior	Arts
3442	21	Other	Senior	Arts
3443	18	Other	Sophomore	Science
3444	22	Male	Junior	Arts
3445	21	Female	Sophomore	Engineering
3446	20	Female	Senior	Business
3447	24	Female	Junior	Business
3448	18	Other	Sophomore	Science
3449	20	Other	Freshman	Arts
3450	20	Female	Sophomore	Engineering
3451	22	Other	Sophomore	Science
3452	23	Female	Sophomore	Engineering
3453	22	Female	Sophomore	Engineering
3454	20	Other	Junior	Engineering
3455	20	Female	Sophomore	Business
3456	21	Male	Junior	Arts
3457	21	Female	Sophomore	Engineering
3458	19	Male	Junior	Science
3459	23	Male	Sophomore	Science
3460	22	Female	Freshman	Science
3461	23	Female	Freshman	Business
3462	21	Other	Sophomore	Arts
3463	24	Male	Sophomore	Science
3464	20	Other	Sophomore	Engineering
3465	21	Female	Senior	Arts
3466	24	Male	Sophomore	Science
3467	24	Female	Freshman	Arts
3468	19	Other	Senior	Science
3469	21	Other	Sophomore	Arts
3470	24	Other	Freshman	Science
3471	20	Female	Junior	Business
3472	24	Female	Freshman	Arts
3473	21	Other	Sophomore	Business
3474	21	Male	Junior	Science
3475	22	Male	Freshman	Engineering
3476	22	Female	Freshman	Science
3477	24	Other	Sophomore	Science
3478	19	Male	Senior	Engineering
3479	19	Female	Junior	Engineering
3480	21	Male	Senior	Arts
3481	22	Male	Freshman	Arts
3482	22	Female	Junior	Engineering
3483	21	Male	Senior	Business
3484	23	Female	Senior	Business
3485	22	Male	Senior	Business
3486	18	Male	Sophomore	Arts
3487	20	Female	Senior	Engineering
3488	23	Other	Sophomore	Arts
3489	24	Other	Sophomore	Business
3490	18	Other	Sophomore	Business
3491	18	Female	Sophomore	Science
3492	18	Female	Senior	Engineering
3493	22	Male	Junior	Engineering
3494	21	Male	Junior	Business
3495	23	Other	Junior	Science
3496	23	Female	Senior	Science
3497	23	Male	Sophomore	Business
3498	19	Other	Junior	Business
3499	24	Female	Sophomore	Business
3500	20	Female	Junior	Arts
3501	20	Other	Sophomore	Science
3502	18	Male	Junior	Business
3503	19	Other	Junior	Science
3504	21	Male	Freshman	Business
3505	19	Male	Freshman	Science
3506	19	Female	Freshman	Arts
3507	20	Female	Sophomore	Engineering
3508	22	Female	Junior	Business
3509	18	Female	Junior	Arts
3510	22	Other	Freshman	Arts
3511	24	Female	Freshman	Business
3512	23	Female	Freshman	Arts
3513	20	Male	Junior	Engineering
3514	19	Female	Senior	Engineering
3515	18	Female	Senior	Engineering
3516	21	Other	Junior	Arts
3517	21	Female	Junior	Business
3518	19	Female	Junior	Business
3519	22	Other	Sophomore	Engineering
3520	22	Female	Junior	Business
3521	18	Female	Senior	Business
3522	23	Other	Sophomore	Arts
3523	20	Other	Freshman	Business
3524	22	Female	Freshman	Engineering
3525	21	Female	Junior	Science
3526	21	Other	Senior	Business
3527	21	Other	Senior	Business
3528	23	Other	Sophomore	Arts
3529	22	Male	Sophomore	Business
3530	19	Female	Sophomore	Arts
3531	24	Other	Junior	Business
3532	22	Male	Senior	Science
3533	22	Female	Freshman	Arts
3534	18	Female	Sophomore	Business
3535	20	Other	Junior	Science
3536	23	Male	Sophomore	Science
3537	22	Other	Freshman	Business
3538	22	Male	Senior	Arts
3539	20	Male	Sophomore	Engineering
3540	21	Other	Freshman	Science
3541	23	Female	Sophomore	Engineering
3542	20	Female	Freshman	Business
3543	24	Female	Junior	Science
3544	22	Male	Junior	Arts
3545	19	Female	Senior	Science
3546	18	Male	Sophomore	Arts
3547	18	Female	Freshman	Engineering
3548	20	Other	Junior	Engineering
3549	20	Other	Sophomore	Arts
3550	21	Male	Junior	Science
3551	18	Male	Freshman	Arts
3552	20	Female	Sophomore	Business
3553	24	Female	Senior	Business
3554	23	Male	Junior	Science
3555	22	Female	Freshman	Arts
3556	22	Male	Junior	Engineering
3557	19	Female	Sophomore	Engineering
3558	24	Female	Sophomore	Science
3559	23	Male	Senior	Science
3560	19	Other	Sophomore	Business
3561	23	Other	Senior	Engineering
3562	20	Female	Junior	Arts
3563	21	Male	Senior	Science
3564	21	Female	Sophomore	Business
3565	21	Female	Sophomore	Business
3566	23	Other	Freshman	Arts
3567	21	Other	Senior	Business
3568	18	Female	Freshman	Arts
3569	24	Other	Senior	Arts
3570	23	Female	Senior	Engineering
3571	23	Other	Sophomore	Engineering
3572	21	Female	Senior	Science
3573	19	Other	Senior	Business
3574	23	Male	Junior	Arts
3575	19	Female	Junior	Science
3576	23	Female	Junior	Business
3577	18	Other	Freshman	Arts
3578	20	Female	Sophomore	Business
3579	22	Male	Junior	Science
3580	19	Other	Junior	Business
3581	19	Male	Sophomore	Business
3582	23	Other	Senior	Science
3583	18	Other	Junior	Engineering
3584	19	Other	Senior	Science
3585	22	Other	Junior	Arts
3586	24	Male	Sophomore	Engineering
3587	18	Female	Freshman	Engineering
3588	21	Male	Freshman	Business
3589	21	Female	Freshman	Science
3590	21	Male	Junior	Engineering
3591	22	Other	Freshman	Science
3592	20	Other	Junior	Science
3593	19	Male	Senior	Business
3594	22	Female	Freshman	Arts
3595	20	Other	Freshman	Science
3596	18	Other	Freshman	Science
3597	22	Other	Sophomore	Engineering
3598	24	Other	Junior	Engineering
3599	18	Male	Junior	Business
3600	20	Other	Junior	Science
3601	22	Male	Senior	Science
3602	19	Female	Junior	Science
3603	20	Female	Freshman	Business
3604	19	Male	Senior	Science
3605	18	Male	Senior	Science
3606	19	Male	Freshman	Engineering
3607	24	Female	Freshman	Business
3608	22	Male	Sophomore	Business
3609	24	Other	Junior	Science
3610	22	Other	Senior	Arts
3611	21	Other	Freshman	Engineering
3612	23	Male	Senior	Arts
3613	19	Male	Junior	Business
3614	21	Female	Sophomore	Science
3615	24	Male	Senior	Arts
3616	20	Male	Freshman	Engineering
3617	18	Other	Freshman	Engineering
3618	20	Other	Junior	Science
3619	24	Male	Sophomore	Engineering
3620	23	Other	Sophomore	Business
3621	24	Other	Senior	Business
3622	24	Male	Junior	Business
3623	18	Female	Freshman	Arts
3624	23	Other	Junior	Engineering
3625	19	Female	Sophomore	Arts
3626	22	Other	Freshman	Engineering
3627	19	Other	Junior	Science
3628	18	Other	Sophomore	Business
3629	21	Other	Senior	Science
3630	18	Female	Senior	Engineering
3631	21	Male	Sophomore	Science
3632	20	Other	Junior	Business
3633	24	Other	Freshman	Engineering
3634	22	Other	Junior	Engineering
3635	20	Other	Junior	Arts
3636	24	Male	Sophomore	Business
3637	19	Female	Senior	Science
3638	23	Female	Freshman	Arts
3639	21	Female	Freshman	Arts
3640	21	Male	Junior	Business
3641	20	Female	Sophomore	Business
3642	22	Female	Senior	Science
3643	22	Male	Freshman	Arts
3644	20	Male	Freshman	Engineering
3645	24	Male	Junior	Business
3646	22	Other	Freshman	Business
3647	19	Female	Senior	Engineering
3648	23	Female	Sophomore	Science
3649	18	Male	Sophomore	Science
3650	21	Other	Junior	Arts
3651	24	Male	Freshman	Science
3652	23	Other	Junior	Arts
3653	21	Male	Sophomore	Science
3654	21	Other	Senior	Science
3655	18	Male	Freshman	Arts
3656	24	Female	Junior	Arts
3657	24	Male	Senior	Engineering
3658	19	Other	Freshman	Arts
3659	20	Other	Senior	Arts
3660	22	Male	Freshman	Science
3661	22	Female	Sophomore	Arts
3662	18	Female	Junior	Engineering
3663	21	Female	Freshman	Science
3664	22	Female	Senior	Engineering
3665	20	Other	Junior	Arts
3666	22	Other	Junior	Arts
3667	21	Female	Junior	Business
3668	23	Female	Senior	Arts
3669	24	Male	Senior	Business
3670	20	Female	Freshman	Business
3671	21	Male	Junior	Engineering
3672	21	Female	Sophomore	Science
3673	24	Other	Junior	Arts
3674	18	Female	Senior	Engineering
3675	21	Male	Junior	Engineering
3676	20	Other	Freshman	Business
3677	18	Other	Freshman	Engineering
3678	18	Female	Senior	Engineering
3679	24	Male	Freshman	Business
3680	20	Male	Sophomore	Science
3681	18	Male	Senior	Science
3682	20	Other	Senior	Arts
3683	24	Other	Senior	Science
3684	22	Female	Senior	Engineering
3685	18	Male	Freshman	Engineering
3686	24	Male	Senior	Business
3687	22	Other	Freshman	Business
3688	18	Other	Sophomore	Business
3689	21	Male	Senior	Science
3690	23	Female	Sophomore	Science
3691	24	Female	Junior	Engineering
3692	20	Female	Junior	Engineering
3693	21	Other	Senior	Business
3694	24	Female	Junior	Arts
3695	24	Other	Junior	Business
3696	24	Male	Freshman	Arts
3697	22	Male	Freshman	Arts
3698	20	Male	Junior	Science
3699	20	Male	Junior	Science
3700	23	Other	Freshman	Science
3701	22	Male	Junior	Arts
3702	20	Male	Senior	Business
3703	24	Female	Freshman	Engineering
3704	20	Other	Senior	Engineering
3705	24	Male	Senior	Engineering
3706	18	Other	Senior	Science
3707	19	Other	Freshman	Science
3708	21	Other	Freshman	Engineering
3709	19	Other	Freshman	Arts
3710	20	Female	Sophomore	Science
3711	23	Male	Senior	Science
3712	23	Male	Sophomore	Arts
3713	19	Other	Junior	Arts
3714	23	Female	Sophomore	Science
3715	23	Female	Sophomore	Science
3716	18	Female	Freshman	Arts
3717	22	Other	Senior	Arts
3718	22	Other	Senior	Arts
3719	19	Male	Freshman	Business
3720	18	Female	Freshman	Business
3721	23	Male	Junior	Science
3722	23	Male	Senior	Arts
3723	22	Female	Sophomore	Engineering
3724	24	Other	Junior	Business
3725	19	Other	Junior	Arts
3726	19	Female	Freshman	Business
3727	21	Male	Junior	Business
3728	18	Female	Freshman	Business
3729	21	Male	Sophomore	Arts
3730	19	Female	Senior	Engineering
3731	21	Female	Junior	Engineering
3732	23	Female	Junior	Science
3733	21	Female	Sophomore	Science
3734	19	Other	Junior	Science
3735	22	Female	Sophomore	Business
3736	20	Male	Freshman	Science
3737	24	Male	Freshman	Business
3738	22	Male	Sophomore	Science
3739	23	Female	Junior	Engineering
3740	24	Other	Sophomore	Science
3741	18	Male	Junior	Science
3742	22	Other	Senior	Engineering
3743	23	Male	Freshman	Arts
3744	19	Other	Junior	Arts
3745	21	Male	Junior	Science
3746	18	Other	Junior	Engineering
3747	18	Female	Sophomore	Business
3748	18	Other	Junior	Science
3749	21	Male	Freshman	Arts
3750	24	Male	Freshman	Science
3751	23	Female	Junior	Science
3752	22	Male	Junior	Arts
3753	21	Other	Senior	Science
3754	23	Female	Senior	Arts
3755	20	Male	Freshman	Science
3756	18	Male	Sophomore	Engineering
3757	19	Other	Freshman	Engineering
3758	21	Other	Freshman	Engineering
3759	24	Other	Freshman	Arts
3760	18	Other	Freshman	Business
3761	21	Male	Freshman	Arts
3762	23	Other	Sophomore	Science
3763	21	Female	Freshman	Business
3764	22	Female	Senior	Arts
3765	21	Male	Sophomore	Business
3766	23	Other	Senior	Engineering
3767	19	Male	Sophomore	Engineering
3768	20	Male	Sophomore	Business
3769	20	Female	Sophomore	Business
3770	21	Other	Freshman	Business
3771	21	Male	Freshman	Business
3772	24	Female	Sophomore	Business
3773	24	Female	Junior	Arts
3774	21	Male	Senior	Business
3775	20	Other	Freshman	Arts
3776	23	Other	Junior	Science
3777	24	Male	Sophomore	Arts
3778	23	Female	Sophomore	Engineering
3779	21	Other	Freshman	Engineering
3780	23	Male	Junior	Engineering
3781	22	Other	Freshman	Arts
3782	21	Male	Freshman	Engineering
3783	19	Other	Freshman	Science
3784	19	Female	Junior	Engineering
3785	20	Male	Sophomore	Business
3786	19	Male	Sophomore	Engineering
3787	20	Male	Junior	Science
3788	23	Male	Freshman	Engineering
3789	19	Other	Sophomore	Science
3790	20	Male	Junior	Arts
3791	18	Female	Sophomore	Science
3792	19	Other	Senior	Science
3793	23	Other	Freshman	Engineering
3794	21	Male	Junior	Engineering
3795	20	Female	Sophomore	Arts
3796	20	Female	Sophomore	Engineering
3797	22	Other	Senior	Science
3798	18	Male	Senior	Arts
3799	18	Other	Sophomore	Arts
3800	23	Male	Freshman	Business
3801	23	Female	Sophomore	Business
3802	24	Male	Sophomore	Science
3803	21	Male	Senior	Arts
3804	20	Male	Senior	Business
3805	24	Other	Junior	Science
3806	18	Other	Freshman	Arts
3807	18	Other	Junior	Engineering
3808	22	Other	Junior	Business
3809	23	Other	Junior	Arts
3810	21	Female	Freshman	Business
3811	23	Female	Sophomore	Engineering
3812	21	Male	Freshman	Science
3813	24	Female	Sophomore	Science
3814	18	Other	Senior	Arts
3815	19	Male	Junior	Engineering
3816	22	Female	Freshman	Science
3817	19	Male	Senior	Arts
3818	22	Other	Junior	Engineering
3819	19	Other	Freshman	Science
3820	21	Female	Senior	Science
3821	23	Other	Senior	Business
3822	23	Male	Sophomore	Engineering
3823	23	Male	Sophomore	Science
3824	20	Male	Senior	Science
3825	21	Female	Senior	Science
3826	18	Male	Sophomore	Business
3827	19	Male	Junior	Science
3828	23	Other	Junior	Business
3829	18	Female	Junior	Arts
3830	21	Female	Freshman	Business
3831	23	Female	Junior	Business
3832	19	Female	Junior	Engineering
3833	22	Other	Junior	Engineering
3834	24	Female	Sophomore	Business
3835	20	Female	Junior	Science
3836	23	Male	Freshman	Engineering
3837	21	Female	Senior	Science
3838	21	Female	Sophomore	Science
3839	20	Other	Freshman	Engineering
3840	21	Female	Senior	Arts
3841	24	Female	Senior	Business
3842	19	Other	Sophomore	Science
3843	19	Other	Sophomore	Arts
3844	21	Female	Junior	Engineering
3845	24	Other	Sophomore	Arts
3846	19	Female	Junior	Arts
3847	21	Male	Sophomore	Science
3848	23	Other	Freshman	Business
3849	21	Other	Freshman	Science
3850	24	Other	Sophomore	Science
3851	22	Female	Senior	Business
3852	24	Male	Junior	Arts
3853	24	Male	Sophomore	Science
3854	20	Female	Sophomore	Science
3855	19	Other	Junior	Arts
3856	20	Male	Sophomore	Science
3857	23	Male	Freshman	Business
3858	22	Female	Junior	Arts
3859	24	Other	Freshman	Science
3860	18	Other	Senior	Science
3861	21	Male	Sophomore	Business
3862	24	Other	Junior	Science
3863	19	Female	Sophomore	Business
3864	18	Female	Senior	Business
3865	24	Male	Sophomore	Science
3866	18	Female	Junior	Arts
3867	19	Male	Freshman	Arts
3868	23	Other	Freshman	Business
3869	24	Male	Freshman	Arts
3870	24	Female	Freshman	Business
3871	18	Male	Sophomore	Science
3872	23	Other	Sophomore	Science
3873	23	Female	Junior	Science
3874	24	Other	Senior	Science
3875	21	Male	Freshman	Business
3876	23	Male	Sophomore	Arts
3877	23	Female	Sophomore	Arts
3878	21	Other	Junior	Business
3879	23	Other	Freshman	Science
3880	21	Male	Sophomore	Engineering
3881	22	Female	Sophomore	Science
3882	18	Other	Freshman	Engineering
3883	21	Male	Senior	Business
3884	22	Male	Junior	Business
3885	21	Male	Sophomore	Arts
3886	21	Other	Sophomore	Business
3887	19	Other	Senior	Arts
3888	21	Male	Junior	Engineering
3889	21	Male	Freshman	Engineering
3890	21	Other	Junior	Business
3891	21	Female	Junior	Business
3892	21	Female	Freshman	Arts
3893	24	Other	Sophomore	Science
3894	20	Other	Freshman	Science
3895	20	Male	Sophomore	Engineering
3896	22	Female	Senior	Arts
3897	23	Male	Senior	Engineering
3898	22	Other	Senior	Arts
3899	22	Male	Freshman	Science
3900	20	Female	Freshman	Business
3901	24	Male	Senior	Engineering
3902	23	Male	Freshman	Business
3903	22	Male	Junior	Business
3904	19	Other	Sophomore	Business
3905	18	Female	Junior	Science
3906	19	Female	Freshman	Business
3907	18	Male	Senior	Business
3908	23	Female	Junior	Engineering
3909	18	Other	Freshman	Science
3910	21	Male	Freshman	Engineering
3911	22	Other	Junior	Engineering
3912	24	Male	Senior	Business
3913	18	Male	Sophomore	Arts
3914	24	Other	Senior	Arts
3915	21	Male	Freshman	Business
3916	19	Other	Freshman	Engineering
3917	21	Male	Freshman	Science
3918	24	Other	Freshman	Science
3919	18	Female	Junior	Business
3920	24	Female	Freshman	Arts
3921	21	Male	Senior	Science
3922	21	Female	Senior	Engineering
3923	24	Other	Sophomore	Science
3924	19	Other	Junior	Business
3925	24	Other	Junior	Science
3926	19	Other	Freshman	Business
3927	23	Male	Sophomore	Engineering
3928	24	Other	Sophomore	Science
3929	18	Male	Senior	Engineering
3930	23	Female	Senior	Science
3931	24	Female	Senior	Arts
3932	23	Female	Junior	Engineering
3933	24	Female	Junior	Engineering
3934	21	Other	Junior	Arts
3935	20	Other	Senior	Engineering
3936	21	Male	Junior	Arts
3937	18	Other	Junior	Engineering
3938	20	Female	Sophomore	Engineering
3939	23	Male	Senior	Business
3940	21	Female	Senior	Arts
3941	19	Other	Senior	Engineering
3942	18	Male	Freshman	Science
3943	21	Male	Junior	Arts
3944	19	Other	Senior	Science
3945	18	Male	Sophomore	Engineering
3946	24	Male	Sophomore	Engineering
3947	20	Male	Sophomore	Arts
3948	20	Other	Sophomore	Engineering
3949	18	Other	Junior	Science
3950	23	Female	Junior	Business
3951	19	Male	Junior	Business
3952	20	Male	Junior	Science
3953	23	Male	Junior	Business
3954	18	Female	Sophomore	Business
3955	21	Female	Sophomore	Business
3956	18	Female	Senior	Science
3957	18	Female	Junior	Engineering
3958	18	Female	Junior	Business
3959	19	Male	Freshman	Arts
3960	22	Female	Junior	Science
3961	23	Male	Freshman	Arts
3962	24	Female	Senior	Science
3963	21	Female	Freshman	Science
3964	19	Other	Junior	Business
3965	18	Other	Freshman	Business
3966	21	Male	Sophomore	Science
3967	19	Male	Senior	Arts
3968	20	Other	Senior	Business
3969	24	Male	Sophomore	Science
3970	21	Male	Senior	Arts
3971	24	Female	Senior	Engineering
3972	23	Other	Freshman	Engineering
3973	22	Female	Freshman	Arts
3974	22	Female	Junior	Arts
3975	21	Other	Sophomore	Engineering
3976	21	Other	Sophomore	Arts
3977	23	Female	Senior	Business
3978	18	Male	Freshman	Engineering
3979	18	Male	Freshman	Business
3980	23	Other	Senior	Business
3981	24	Female	Senior	Arts
3982	18	Other	Senior	Engineering
3983	21	Other	Senior	Engineering
3984	24	Male	Senior	Arts
3985	22	Female	Junior	Arts
3986	24	Female	Sophomore	Science
3987	20	Female	Freshman	Business
3988	22	Male	Sophomore	Science
3989	18	Female	Senior	Engineering
3990	19	Other	Senior	Business
3991	22	Male	Junior	Engineering
3992	18	Other	Junior	Arts
3993	23	Other	Sophomore	Arts
3994	24	Female	Sophomore	Arts
3995	21	Male	Senior	Business
3996	23	Other	Sophomore	Engineering
3997	20	Female	Sophomore	Engineering
3998	19	Other	Freshman	Engineering
3999	22	Other	Senior	Engineering
4000	18	Female	Sophomore	Engineering
4001	24	Other	Senior	Science
4002	22	Male	Junior	Engineering
4003	20	Female	Senior	Arts
4004	19	Male	Junior	Business
4005	22	Male	Senior	Science
4006	20	Male	Freshman	Business
4007	19	Other	Sophomore	Science
4008	22	Female	Freshman	Business
4009	18	Other	Senior	Business
4010	20	Male	Sophomore	Science
4011	18	Female	Junior	Science
4012	20	Other	Senior	Arts
4013	18	Other	Sophomore	Business
4014	23	Other	Junior	Engineering
4015	18	Other	Freshman	Business
4016	24	Female	Freshman	Engineering
4017	24	Female	Sophomore	Science
4018	24	Female	Senior	Business
4019	23	Female	Freshman	Business
4020	22	Other	Junior	Engineering
4021	22	Male	Senior	Science
4022	18	Other	Freshman	Engineering
4023	24	Other	Freshman	Arts
4024	20	Female	Junior	Engineering
4025	22	Other	Junior	Science
4026	24	Other	Freshman	Business
4027	22	Other	Senior	Business
4028	18	Female	Senior	Business
4029	20	Female	Sophomore	Business
4030	18	Other	Freshman	Business
4031	21	Male	Junior	Business
4032	24	Female	Freshman	Engineering
4033	18	Female	Senior	Engineering
4034	24	Male	Senior	Engineering
4035	20	Male	Sophomore	Science
4036	24	Other	Senior	Business
4037	22	Other	Senior	Arts
4038	22	Female	Sophomore	Science
4039	19	Male	Freshman	Science
4040	18	Other	Senior	Science
4041	22	Male	Freshman	Arts
4042	21	Male	Sophomore	Engineering
4043	22	Female	Sophomore	Business
4044	23	Other	Freshman	Arts
4045	23	Female	Junior	Science
4046	21	Male	Sophomore	Arts
4047	22	Female	Freshman	Science
4048	22	Female	Sophomore	Business
4049	20	Male	Senior	Science
4050	22	Other	Sophomore	Science
4051	21	Male	Junior	Arts
4052	20	Female	Sophomore	Arts
4053	22	Female	Sophomore	Engineering
4054	20	Other	Junior	Arts
4055	23	Male	Freshman	Science
4056	23	Female	Sophomore	Arts
4057	22	Male	Junior	Engineering
4058	19	Other	Senior	Business
4059	23	Male	Junior	Engineering
4060	20	Male	Senior	Science
4061	21	Female	Junior	Arts
4062	19	Male	Freshman	Arts
4063	22	Other	Senior	Science
4064	22	Female	Freshman	Arts
4065	19	Other	Junior	Business
4066	18	Male	Sophomore	Business
4067	19	Male	Junior	Business
4068	21	Female	Freshman	Engineering
4069	22	Male	Freshman	Engineering
4070	20	Male	Freshman	Arts
4071	23	Other	Junior	Business
4072	18	Male	Junior	Science
4073	20	Female	Sophomore	Arts
4074	19	Female	Sophomore	Engineering
4075	22	Other	Sophomore	Science
4076	21	Other	Freshman	Arts
4077	19	Male	Sophomore	Business
4078	24	Male	Junior	Engineering
4079	19	Other	Freshman	Arts
4080	20	Female	Sophomore	Arts
4081	20	Other	Junior	Engineering
4082	22	Female	Senior	Business
4083	24	Female	Freshman	Science
4084	20	Other	Freshman	Arts
4085	18	Female	Freshman	Arts
4086	24	Female	Freshman	Science
4087	22	Male	Freshman	Engineering
4088	21	Male	Junior	Science
4089	18	Female	Sophomore	Arts
4090	24	Male	Sophomore	Arts
4091	19	Other	Senior	Science
4092	24	Male	Sophomore	Engineering
4093	23	Female	Sophomore	Science
4094	20	Male	Junior	Business
4095	21	Other	Junior	Science
4096	22	Female	Junior	Business
4097	20	Male	Junior	Arts
4098	18	Female	Senior	Science
4099	19	Male	Junior	Arts
4100	24	Female	Junior	Arts
4101	19	Male	Senior	Arts
4102	20	Other	Sophomore	Science
4103	22	Other	Junior	Science
4104	22	Other	Sophomore	Business
4105	20	Other	Junior	Science
4106	23	Other	Junior	Science
4107	24	Male	Junior	Engineering
4108	20	Male	Senior	Engineering
4109	20	Male	Sophomore	Science
4110	23	Male	Senior	Business
4111	21	Other	Sophomore	Engineering
4112	20	Other	Sophomore	Business
4113	21	Female	Junior	Business
4114	18	Female	Sophomore	Business
4115	20	Female	Senior	Engineering
4116	20	Other	Senior	Science
4117	22	Male	Sophomore	Science
4118	20	Male	Freshman	Business
4119	23	Female	Senior	Arts
4120	21	Other	Freshman	Business
4121	24	Other	Sophomore	Engineering
4122	23	Female	Freshman	Business
4123	21	Female	Freshman	Engineering
4124	20	Female	Junior	Arts
4125	21	Male	Freshman	Arts
4126	24	Female	Junior	Arts
4127	20	Male	Senior	Engineering
4128	23	Other	Senior	Arts
4129	18	Male	Freshman	Arts
4130	21	Female	Freshman	Science
4131	21	Male	Sophomore	Business
4132	21	Other	Junior	Engineering
4133	21	Female	Junior	Engineering
4134	20	Female	Senior	Engineering
4135	20	Other	Freshman	Engineering
4136	24	Female	Senior	Arts
4137	18	Male	Senior	Engineering
4138	20	Male	Freshman	Engineering
4139	23	Other	Sophomore	Arts
4140	21	Female	Junior	Arts
4141	18	Male	Senior	Engineering
4142	19	Female	Junior	Engineering
4143	23	Other	Junior	Science
4144	22	Female	Sophomore	Science
4145	18	Female	Senior	Business
4146	24	Other	Sophomore	Science
4147	22	Male	Freshman	Arts
4148	21	Male	Freshman	Arts
4149	19	Female	Senior	Arts
4150	24	Male	Senior	Arts
4151	22	Male	Sophomore	Arts
4152	23	Other	Junior	Business
4153	18	Other	Senior	Business
4154	20	Other	Sophomore	Engineering
4155	23	Female	Freshman	Science
4156	22	Other	Senior	Business
4157	20	Male	Senior	Science
4158	22	Other	Junior	Business
4159	21	Male	Sophomore	Arts
4160	20	Other	Freshman	Business
4161	19	Female	Junior	Engineering
4162	23	Male	Freshman	Science
4163	18	Female	Freshman	Engineering
4164	19	Male	Senior	Science
4165	22	Other	Sophomore	Engineering
4166	22	Female	Senior	Arts
4167	19	Male	Junior	Engineering
4168	22	Female	Junior	Engineering
4169	21	Male	Sophomore	Business
4170	18	Male	Senior	Arts
4171	23	Female	Sophomore	Engineering
4172	21	Male	Sophomore	Engineering
4173	20	Female	Freshman	Science
4174	18	Female	Freshman	Arts
4175	18	Female	Senior	Arts
4176	22	Female	Senior	Business
4177	23	Other	Senior	Engineering
4178	20	Female	Freshman	Engineering
4179	23	Female	Sophomore	Science
4180	19	Male	Senior	Engineering
4181	23	Female	Freshman	Arts
4182	20	Male	Junior	Business
4183	19	Female	Senior	Engineering
4184	23	Other	Senior	Arts
4185	23	Male	Senior	Business
4186	20	Male	Senior	Arts
4187	24	Other	Junior	Engineering
4188	20	Female	Senior	Science
4189	24	Other	Senior	Arts
4190	19	Other	Freshman	Engineering
4191	24	Other	Senior	Engineering
4192	21	Male	Senior	Business
4193	22	Other	Senior	Arts
4194	23	Male	Senior	Engineering
4195	22	Female	Senior	Arts
4196	24	Female	Junior	Arts
4197	22	Female	Junior	Business
4198	19	Male	Freshman	Engineering
4199	23	Other	Freshman	Business
4200	23	Male	Senior	Science
4201	22	Female	Senior	Arts
4202	23	Other	Freshman	Engineering
4203	23	Male	Sophomore	Business
4204	18	Other	Senior	Arts
4205	20	Other	Junior	Science
4206	19	Other	Senior	Business
4207	24	Male	Junior	Science
4208	24	Other	Freshman	Engineering
4209	19	Female	Freshman	Business
4210	18	Male	Sophomore	Business
4211	20	Male	Senior	Science
4212	22	Female	Senior	Science
4213	19	Female	Senior	Business
4214	19	Male	Sophomore	Arts
4215	19	Other	Junior	Business
4216	19	Female	Freshman	Science
4217	19	Female	Senior	Arts
4218	19	Female	Junior	Arts
4219	18	Other	Junior	Business
4220	19	Other	Senior	Engineering
4221	21	Male	Freshman	Engineering
4222	20	Other	Senior	Engineering
4223	20	Male	Freshman	Science
4224	23	Male	Junior	Engineering
4225	22	Female	Junior	Science
4226	23	Male	Sophomore	Business
4227	19	Male	Senior	Business
4228	23	Female	Sophomore	Arts
4229	19	Male	Senior	Science
4230	18	Male	Freshman	Science
4231	21	Other	Senior	Arts
4232	24	Male	Junior	Science
4233	20	Other	Senior	Science
4234	24	Male	Senior	Science
4235	24	Female	Sophomore	Arts
4236	20	Male	Freshman	Science
4237	24	Female	Junior	Arts
4238	22	Other	Freshman	Science
4239	19	Other	Freshman	Engineering
4240	18	Other	Junior	Science
4241	22	Female	Senior	Science
4242	22	Female	Senior	Business
4243	22	Female	Senior	Engineering
4244	18	Male	Sophomore	Science
4245	18	Male	Freshman	Engineering
4246	19	Other	Senior	Arts
4247	18	Other	Junior	Science
4248	22	Male	Senior	Arts
4249	24	Male	Junior	Engineering
4250	24	Male	Sophomore	Science
4251	19	Other	Freshman	Science
4252	22	Male	Sophomore	Science
4253	24	Male	Sophomore	Arts
4254	22	Other	Freshman	Science
4255	20	Male	Junior	Science
4256	24	Male	Freshman	Engineering
4257	24	Female	Senior	Arts
4258	24	Male	Sophomore	Arts
4259	18	Male	Junior	Arts
4260	23	Other	Junior	Business
4261	20	Male	Sophomore	Science
4262	20	Other	Junior	Business
4263	23	Female	Freshman	Arts
4264	22	Female	Freshman	Science
4265	24	Male	Junior	Engineering
4266	23	Other	Sophomore	Engineering
4267	18	Female	Sophomore	Business
4268	22	Other	Sophomore	Business
4269	21	Female	Senior	Business
4270	22	Other	Sophomore	Science
4271	22	Other	Junior	Science
4272	18	Other	Senior	Business
4273	24	Female	Sophomore	Arts
4274	24	Other	Senior	Science
4275	22	Female	Sophomore	Arts
4276	23	Female	Junior	Science
4277	22	Other	Junior	Science
4278	20	Female	Junior	Engineering
4279	23	Other	Freshman	Business
4280	24	Female	Freshman	Science
4281	24	Female	Sophomore	Engineering
4282	23	Other	Freshman	Arts
4283	22	Other	Senior	Arts
4284	18	Other	Freshman	Engineering
4285	20	Male	Sophomore	Arts
4286	23	Female	Sophomore	Science
4287	19	Other	Senior	Business
4288	24	Male	Freshman	Engineering
4289	23	Other	Junior	Science
4290	24	Other	Freshman	Science
4291	19	Male	Freshman	Science
4292	22	Male	Junior	Business
4293	20	Male	Senior	Business
4294	21	Female	Sophomore	Business
4295	23	Female	Senior	Engineering
4296	19	Other	Junior	Business
4297	23	Male	Senior	Arts
4298	20	Other	Sophomore	Business
4299	23	Other	Junior	Science
4300	19	Other	Senior	Science
4301	23	Male	Freshman	Arts
4302	20	Male	Senior	Business
4303	24	Male	Freshman	Science
4304	22	Female	Sophomore	Business
4305	24	Female	Senior	Science
4306	20	Male	Junior	Arts
4307	20	Male	Senior	Business
4308	18	Male	Junior	Engineering
4309	22	Female	Senior	Business
4310	23	Female	Senior	Business
4311	21	Other	Freshman	Engineering
4312	24	Male	Sophomore	Business
4313	23	Male	Senior	Science
4314	23	Female	Junior	Engineering
4315	19	Female	Freshman	Business
4316	20	Other	Sophomore	Arts
4317	20	Male	Junior	Science
4318	22	Female	Senior	Engineering
4319	18	Male	Freshman	Arts
4320	23	Female	Junior	Arts
4321	19	Other	Sophomore	Engineering
4322	21	Male	Freshman	Business
4323	20	Other	Freshman	Arts
4324	18	Female	Senior	Business
4325	19	Male	Freshman	Arts
4326	19	Female	Sophomore	Arts
4327	21	Female	Freshman	Science
4328	22	Female	Senior	Science
4329	24	Other	Senior	Arts
4330	23	Male	Freshman	Engineering
4331	24	Female	Senior	Engineering
4332	19	Female	Sophomore	Business
4333	24	Other	Freshman	Business
4334	19	Male	Senior	Arts
4335	23	Female	Sophomore	Science
4336	21	Female	Junior	Science
4337	23	Male	Senior	Business
4338	20	Male	Sophomore	Arts
4339	22	Other	Senior	Arts
4340	24	Female	Sophomore	Engineering
4341	21	Other	Freshman	Engineering
4342	20	Other	Junior	Science
4343	21	Male	Sophomore	Arts
4344	24	Other	Sophomore	Arts
4345	23	Female	Sophomore	Science
4346	23	Female	Senior	Engineering
4347	21	Female	Freshman	Business
4348	24	Male	Junior	Science
4349	24	Male	Senior	Science
4350	23	Female	Junior	Engineering
4351	21	Female	Freshman	Business
4352	18	Male	Sophomore	Science
4353	23	Female	Junior	Engineering
4354	21	Female	Freshman	Arts
4355	23	Other	Sophomore	Science
4356	20	Male	Junior	Arts
4357	20	Male	Sophomore	Engineering
4358	19	Female	Freshman	Business
4359	24	Other	Senior	Science
4360	23	Male	Freshman	Arts
4361	18	Male	Sophomore	Science
4362	20	Male	Freshman	Engineering
4363	18	Other	Sophomore	Engineering
4364	19	Other	Freshman	Business
4365	18	Other	Freshman	Engineering
4366	20	Male	Freshman	Science
4367	22	Male	Sophomore	Business
4368	24	Other	Junior	Engineering
4369	18	Other	Junior	Science
4370	24	Other	Junior	Arts
4371	23	Female	Senior	Business
4372	18	Other	Freshman	Business
4373	22	Male	Sophomore	Engineering
4374	21	Other	Freshman	Arts
4375	22	Other	Senior	Engineering
4376	21	Female	Sophomore	Engineering
4377	24	Male	Freshman	Engineering
4378	22	Other	Senior	Arts
4379	18	Female	Junior	Business
4380	21	Other	Junior	Science
4381	24	Female	Senior	Arts
4382	24	Female	Junior	Science
4383	21	Female	Senior	Arts
4384	22	Female	Junior	Science
4385	18	Male	Senior	Engineering
4386	24	Female	Sophomore	Science
4387	18	Male	Freshman	Arts
4388	18	Male	Junior	Science
4389	21	Other	Freshman	Science
4390	21	Male	Freshman	Business
4391	23	Other	Freshman	Science
4392	23	Male	Junior	Business
4393	21	Male	Junior	Science
4394	18	Male	Sophomore	Science
4395	19	Male	Sophomore	Science
4396	19	Other	Sophomore	Arts
4397	24	Male	Junior	Arts
4398	21	Other	Senior	Engineering
4399	21	Male	Junior	Engineering
4400	18	Female	Freshman	Arts
4401	18	Other	Senior	Science
4402	19	Female	Junior	Science
4403	19	Other	Junior	Science
4404	22	Male	Senior	Arts
4405	24	Other	Junior	Engineering
4406	18	Male	Senior	Science
4407	20	Other	Freshman	Engineering
4408	22	Male	Sophomore	Arts
4409	18	Other	Junior	Science
4410	20	Female	Junior	Engineering
4411	24	Other	Junior	Business
4412	20	Other	Junior	Engineering
4413	21	Other	Junior	Arts
4414	24	Male	Senior	Arts
4415	21	Female	Sophomore	Business
4416	20	Male	Junior	Science
4417	20	Female	Sophomore	Arts
4418	24	Other	Senior	Business
4419	23	Male	Senior	Arts
4420	22	Male	Junior	Science
4421	20	Other	Sophomore	Engineering
4422	21	Male	Freshman	Business
4423	21	Female	Junior	Science
4424	21	Male	Senior	Arts
4425	19	Other	Sophomore	Business
4426	22	Other	Freshman	Science
4427	22	Male	Senior	Business
4428	22	Female	Sophomore	Science
4429	23	Other	Freshman	Engineering
4430	19	Female	Senior	Arts
4431	22	Male	Freshman	Arts
4432	19	Other	Sophomore	Engineering
4433	19	Male	Freshman	Business
4434	20	Female	Sophomore	Engineering
4435	19	Female	Sophomore	Engineering
4436	18	Female	Freshman	Arts
4437	18	Other	Sophomore	Engineering
4438	23	Other	Sophomore	Arts
4439	23	Other	Sophomore	Business
4440	22	Female	Junior	Arts
4441	18	Other	Sophomore	Engineering
4442	23	Female	Junior	Business
4443	23	Other	Freshman	Science
4444	20	Male	Junior	Engineering
4445	18	Male	Junior	Science
4446	19	Female	Junior	Arts
4447	23	Female	Junior	Business
4448	23	Male	Junior	Engineering
4449	18	Female	Freshman	Science
4450	24	Female	Junior	Engineering
4451	21	Other	Senior	Arts
4452	23	Other	Sophomore	Engineering
4453	20	Other	Freshman	Science
4454	22	Female	Junior	Engineering
4455	21	Other	Senior	Business
4456	20	Other	Freshman	Science
4457	20	Other	Freshman	Business
4458	20	Female	Junior	Arts
4459	18	Other	Sophomore	Arts
4460	18	Other	Freshman	Arts
4461	21	Female	Senior	Arts
4462	21	Female	Freshman	Business
4463	19	Other	Sophomore	Arts
4464	19	Female	Sophomore	Science
4465	19	Other	Senior	Science
4466	24	Male	Senior	Business
4467	24	Male	Sophomore	Arts
4468	20	Female	Sophomore	Arts
4469	22	Male	Sophomore	Arts
4470	19	Other	Sophomore	Business
4471	21	Female	Freshman	Engineering
4472	22	Female	Sophomore	Arts
4473	24	Female	Sophomore	Arts
4474	19	Other	Sophomore	Business
4475	18	Female	Freshman	Engineering
4476	23	Other	Freshman	Science
4477	19	Male	Junior	Arts
4478	19	Female	Sophomore	Engineering
4479	20	Male	Senior	Arts
4480	20	Other	Senior	Arts
4481	19	Male	Senior	Business
4482	20	Female	Sophomore	Engineering
4483	18	Male	Freshman	Arts
4484	22	Female	Freshman	Business
4485	22	Male	Freshman	Business
4486	20	Male	Junior	Arts
4487	19	Male	Junior	Business
4488	18	Male	Freshman	Business
4489	18	Female	Junior	Arts
4490	21	Male	Sophomore	Business
4491	20	Male	Junior	Arts
4492	24	Male	Junior	Arts
4493	21	Female	Junior	Science
4494	20	Male	Junior	Business
4495	21	Male	Senior	Arts
4496	23	Female	Senior	Arts
4497	19	Male	Freshman	Science
4498	20	Other	Freshman	Business
4499	22	Male	Sophomore	Arts
4500	20	Other	Junior	Business
4501	22	Male	Freshman	Science
4502	24	Male	Junior	Business
4503	21	Female	Freshman	Science
4504	21	Other	Freshman	Engineering
4505	19	Male	Junior	Business
4506	22	Male	Freshman	Arts
4507	19	Male	Sophomore	Arts
4508	18	Male	Sophomore	Science
4509	22	Male	Sophomore	Engineering
4510	20	Other	Sophomore	Business
4511	22	Female	Sophomore	Arts
4512	21	Female	Junior	Engineering
4513	24	Other	Senior	Science
4514	23	Female	Sophomore	Science
4515	24	Female	Junior	Arts
4516	23	Other	Junior	Arts
4517	19	Female	Freshman	Arts
4518	24	Male	Sophomore	Arts
4519	18	Female	Freshman	Arts
4520	19	Female	Junior	Engineering
4521	18	Male	Senior	Science
4522	23	Other	Freshman	Science
4523	21	Male	Sophomore	Engineering
4524	23	Other	Senior	Arts
4525	23	Male	Freshman	Arts
4526	24	Other	Junior	Science
4527	24	Male	Junior	Arts
4528	19	Male	Junior	Science
4529	20	Male	Senior	Business
4530	20	Other	Freshman	Business
4531	19	Other	Sophomore	Business
4532	23	Other	Freshman	Science
4533	24	Female	Junior	Engineering
4534	24	Female	Senior	Business
4535	23	Male	Freshman	Arts
4536	24	Male	Senior	Arts
4537	19	Male	Sophomore	Science
4538	18	Male	Junior	Science
4539	19	Male	Senior	Engineering
4540	23	Female	Senior	Science
4541	23	Male	Senior	Arts
4542	18	Female	Sophomore	Arts
4543	19	Female	Sophomore	Arts
4544	23	Male	Freshman	Science
4545	19	Other	Junior	Arts
4546	22	Female	Sophomore	Business
4547	18	Female	Junior	Business
4548	21	Other	Junior	Arts
4549	20	Female	Freshman	Engineering
4550	18	Other	Freshman	Engineering
4551	19	Male	Senior	Arts
4552	23	Male	Freshman	Science
4553	20	Male	Junior	Science
4554	24	Female	Junior	Business
4555	19	Other	Junior	Science
4556	21	Other	Freshman	Science
4557	24	Female	Junior	Engineering
4558	18	Other	Freshman	Science
4559	23	Female	Junior	Engineering
4560	23	Female	Senior	Engineering
4561	18	Female	Senior	Engineering
4562	19	Male	Sophomore	Arts
4563	19	Other	Freshman	Arts
4564	18	Other	Sophomore	Engineering
4565	24	Female	Senior	Arts
4566	19	Male	Senior	Engineering
4567	18	Female	Senior	Arts
4568	22	Female	Freshman	Engineering
4569	24	Female	Sophomore	Business
4570	21	Other	Freshman	Engineering
4571	24	Other	Junior	Science
4572	23	Male	Freshman	Science
4573	18	Female	Freshman	Arts
4574	23	Female	Junior	Science
4575	21	Other	Sophomore	Arts
4576	21	Female	Freshman	Engineering
4577	22	Male	Sophomore	Arts
4578	18	Male	Freshman	Business
4579	19	Male	Senior	Science
4580	19	Female	Freshman	Arts
4581	18	Other	Sophomore	Business
4582	18	Other	Sophomore	Engineering
4583	21	Female	Sophomore	Arts
4584	21	Female	Sophomore	Business
4585	23	Other	Junior	Engineering
4586	20	Male	Freshman	Engineering
4587	21	Male	Senior	Science
4588	18	Male	Sophomore	Arts
4589	20	Male	Sophomore	Science
4590	21	Female	Junior	Business
4591	19	Male	Senior	Arts
4592	21	Other	Junior	Engineering
4593	21	Other	Junior	Engineering
4594	21	Other	Freshman	Business
4595	24	Other	Sophomore	Science
4596	24	Male	Sophomore	Science
4597	21	Other	Junior	Science
4598	22	Male	Freshman	Arts
4599	18	Male	Junior	Business
4600	20	Female	Sophomore	Business
4601	18	Other	Freshman	Arts
4602	24	Male	Senior	Business
4603	24	Male	Freshman	Science
4604	21	Other	Senior	Arts
4605	19	Other	Sophomore	Science
4606	20	Other	Junior	Arts
4607	23	Other	Junior	Business
4608	18	Female	Senior	Business
4609	24	Male	Sophomore	Business
4610	23	Male	Freshman	Science
4611	19	Other	Freshman	Science
4612	21	Male	Freshman	Engineering
4613	19	Male	Freshman	Science
4614	24	Female	Senior	Engineering
4615	18	Female	Freshman	Arts
4616	20	Male	Freshman	Business
4617	18	Female	Sophomore	Science
4618	19	Other	Junior	Business
4619	24	Female	Senior	Business
4620	19	Female	Freshman	Engineering
4621	18	Other	Senior	Business
4622	23	Other	Senior	Arts
4623	23	Female	Junior	Engineering
4624	18	Female	Senior	Engineering
4625	18	Female	Junior	Arts
4626	19	Female	Junior	Science
4627	22	Other	Sophomore	Engineering
4628	24	Male	Freshman	Arts
4629	24	Male	Freshman	Science
4630	18	Other	Junior	Arts
4631	21	Female	Freshman	Engineering
4632	24	Female	Freshman	Business
4633	19	Male	Junior	Science
4634	22	Male	Junior	Science
4635	20	Female	Junior	Arts
4636	22	Other	Senior	Business
4637	20	Other	Senior	Business
4638	22	Other	Freshman	Engineering
4639	19	Female	Freshman	Arts
4640	21	Female	Freshman	Engineering
4641	19	Female	Senior	Engineering
4642	22	Female	Sophomore	Engineering
4643	24	Male	Junior	Science
4644	24	Other	Senior	Arts
4645	22	Male	Sophomore	Science
4646	24	Female	Freshman	Business
4647	20	Male	Freshman	Business
4648	18	Male	Sophomore	Engineering
4649	24	Male	Sophomore	Arts
4650	19	Other	Senior	Science
4651	20	Female	Sophomore	Engineering
4652	22	Female	Freshman	Engineering
4653	22	Other	Junior	Arts
4654	18	Other	Sophomore	Business
4655	19	Other	Sophomore	Engineering
4656	24	Other	Freshman	Business
4657	22	Female	Sophomore	Arts
4658	21	Other	Sophomore	Arts
4659	18	Female	Sophomore	Arts
4660	18	Other	Freshman	Business
4661	20	Female	Senior	Business
4662	20	Male	Senior	Engineering
4663	20	Male	Senior	Science
4664	24	Other	Senior	Business
4665	24	Other	Freshman	Engineering
4666	24	Female	Freshman	Science
4667	22	Female	Freshman	Engineering
4668	23	Male	Sophomore	Engineering
4669	18	Female	Sophomore	Science
4670	19	Other	Junior	Science
4671	21	Female	Sophomore	Science
4672	22	Male	Sophomore	Engineering
4673	22	Male	Freshman	Arts
4674	19	Male	Junior	Science
4675	22	Female	Sophomore	Arts
4676	19	Male	Freshman	Engineering
4677	23	Other	Freshman	Science
4678	19	Other	Freshman	Science
4679	18	Male	Sophomore	Engineering
4680	24	Female	Junior	Science
4681	22	Other	Senior	Science
4682	22	Male	Sophomore	Engineering
4683	21	Female	Freshman	Business
4684	19	Male	Senior	Business
4685	21	Male	Sophomore	Business
4686	23	Female	Junior	Business
4687	21	Female	Junior	Arts
4688	24	Female	Junior	Business
4689	23	Female	Junior	Business
4690	21	Other	Sophomore	Business
4691	20	Male	Freshman	Arts
4692	18	Female	Sophomore	Science
4693	19	Female	Sophomore	Business
4694	22	Male	Junior	Engineering
4695	20	Male	Freshman	Arts
4696	20	Female	Senior	Arts
4697	20	Other	Sophomore	Science
4698	22	Female	Junior	Arts
4699	20	Other	Senior	Science
4700	20	Other	Junior	Arts
4701	22	Female	Sophomore	Engineering
4702	18	Female	Senior	Business
4703	24	Other	Senior	Engineering
4704	23	Female	Senior	Business
4705	20	Male	Senior	Engineering
4706	19	Female	Sophomore	Business
4707	18	Female	Freshman	Engineering
4708	22	Female	Freshman	Business
4709	18	Female	Sophomore	Engineering
4710	18	Male	Freshman	Arts
4711	21	Other	Junior	Arts
4712	22	Male	Sophomore	Engineering
4713	18	Male	Junior	Science
4714	22	Female	Sophomore	Science
4715	23	Female	Freshman	Engineering
4716	20	Female	Freshman	Arts
4717	24	Male	Junior	Business
4718	22	Female	Senior	Science
4719	18	Female	Freshman	Engineering
4720	22	Male	Junior	Science
4721	21	Other	Sophomore	Business
4722	24	Male	Freshman	Engineering
4723	23	Female	Senior	Business
4724	21	Other	Freshman	Science
4725	21	Female	Freshman	Arts
4726	23	Male	Junior	Engineering
4727	23	Other	Freshman	Science
4728	24	Female	Senior	Engineering
4729	23	Male	Sophomore	Business
4730	22	Female	Freshman	Engineering
4731	18	Female	Sophomore	Arts
4732	20	Male	Senior	Engineering
4733	19	Other	Junior	Business
4734	20	Other	Freshman	Arts
4735	24	Other	Freshman	Engineering
4736	23	Male	Junior	Science
4737	21	Male	Freshman	Engineering
4738	23	Male	Sophomore	Arts
4739	18	Female	Senior	Engineering
4740	23	Male	Sophomore	Engineering
4741	23	Other	Freshman	Business
4742	22	Female	Senior	Business
4743	22	Female	Senior	Arts
4744	18	Other	Junior	Engineering
4745	18	Other	Senior	Engineering
4746	23	Other	Freshman	Science
4747	24	Female	Sophomore	Arts
4748	24	Other	Junior	Business
4749	21	Other	Senior	Arts
4750	21	Male	Freshman	Business
4751	24	Female	Junior	Business
4752	18	Female	Freshman	Science
4753	21	Other	Junior	Arts
4754	23	Other	Junior	Arts
4755	24	Male	Senior	Business
4756	19	Female	Sophomore	Engineering
4757	23	Female	Freshman	Science
4758	22	Male	Senior	Arts
4759	21	Other	Sophomore	Business
4760	21	Female	Junior	Science
4761	21	Male	Junior	Science
4762	18	Other	Freshman	Engineering
4763	23	Female	Freshman	Business
4764	23	Male	Senior	Arts
4765	19	Male	Junior	Arts
4766	23	Other	Senior	Business
4767	21	Female	Freshman	Business
4768	19	Male	Freshman	Engineering
4769	19	Other	Freshman	Arts
4770	18	Male	Sophomore	Business
4771	21	Other	Sophomore	Arts
4772	19	Male	Freshman	Arts
4773	21	Female	Junior	Engineering
4774	21	Female	Freshman	Arts
4775	23	Other	Senior	Science
4776	24	Male	Junior	Engineering
4777	20	Other	Junior	Arts
4778	24	Other	Sophomore	Business
4779	22	Other	Junior	Science
4780	21	Male	Junior	Arts
4781	23	Other	Senior	Science
4782	18	Male	Junior	Business
4783	23	Other	Sophomore	Science
4784	22	Other	Junior	Engineering
4785	18	Female	Senior	Arts
4786	18	Female	Freshman	Arts
4787	18	Other	Sophomore	Science
4788	20	Female	Freshman	Engineering
4789	22	Other	Sophomore	Engineering
4790	18	Female	Sophomore	Business
4791	23	Other	Junior	Business
4792	23	Female	Sophomore	Science
4793	20	Male	Freshman	Arts
4794	22	Other	Junior	Arts
4795	23	Other	Senior	Business
4796	18	Male	Freshman	Engineering
4797	18	Male	Senior	Business
4798	21	Male	Senior	Engineering
4799	22	Male	Junior	Arts
4800	23	Male	Senior	Science
4801	19	Female	Freshman	Business
4802	18	Female	Junior	Arts
4803	18	Female	Sophomore	Business
4804	18	Female	Senior	Arts
4805	21	Female	Sophomore	Business
4806	23	Male	Sophomore	Engineering
4807	21	Other	Sophomore	Science
4808	21	Female	Sophomore	Science
4809	22	Other	Junior	Business
4810	20	Male	Freshman	Engineering
4811	22	Other	Freshman	Science
4812	20	Male	Sophomore	Arts
4813	19	Other	Sophomore	Business
4814	22	Other	Senior	Engineering
4815	23	Male	Sophomore	Engineering
4816	24	Male	Freshman	Engineering
4817	23	Female	Sophomore	Arts
4818	23	Male	Freshman	Science
4819	23	Female	Junior	Engineering
4820	18	Female	Senior	Science
4821	19	Male	Senior	Business
4822	24	Other	Freshman	Science
4823	18	Female	Sophomore	Science
4824	20	Female	Junior	Arts
4825	21	Female	Senior	Engineering
4826	20	Male	Freshman	Engineering
4827	22	Male	Sophomore	Business
4828	23	Other	Sophomore	Engineering
4829	19	Female	Freshman	Arts
4830	23	Other	Freshman	Business
4831	19	Male	Senior	Arts
4832	19	Female	Sophomore	Business
4833	24	Male	Junior	Arts
4834	20	Female	Junior	Arts
4835	22	Male	Sophomore	Arts
4836	21	Male	Senior	Business
4837	19	Other	Junior	Science
4838	21	Other	Sophomore	Arts
4839	19	Male	Junior	Engineering
4840	19	Female	Freshman	Science
4841	20	Other	Junior	Engineering
4842	18	Female	Senior	Arts
4843	19	Male	Sophomore	Arts
4844	18	Other	Senior	Business
4845	20	Male	Sophomore	Engineering
4846	19	Female	Freshman	Engineering
4847	24	Other	Freshman	Science
4848	23	Other	Freshman	Engineering
4849	22	Female	Freshman	Arts
4850	19	Male	Junior	Engineering
4851	19	Female	Freshman	Business
4852	24	Male	Freshman	Business
4853	22	Male	Senior	Arts
4854	22	Female	Freshman	Arts
4855	19	Male	Senior	Engineering
4856	21	Other	Senior	Science
4857	20	Other	Freshman	Arts
4858	23	Other	Sophomore	Science
4859	24	Other	Senior	Business
4860	21	Other	Junior	Business
4861	23	Other	Freshman	Science
4862	19	Other	Sophomore	Science
4863	24	Other	Senior	Business
4864	23	Male	Junior	Engineering
4865	18	Other	Junior	Business
4866	22	Other	Freshman	Arts
4867	24	Male	Freshman	Science
4868	24	Male	Senior	Business
4869	23	Male	Junior	Engineering
4870	23	Male	Sophomore	Engineering
4871	22	Male	Freshman	Engineering
4872	24	Male	Freshman	Science
4873	24	Female	Senior	Arts
4874	18	Female	Junior	Business
4875	20	Male	Freshman	Arts
4876	23	Male	Sophomore	Science
4877	24	Other	Freshman	Engineering
4878	20	Other	Junior	Business
4879	19	Male	Freshman	Business
4880	19	Other	Junior	Business
4881	22	Other	Freshman	Science
4882	18	Male	Senior	Arts
4883	18	Other	Senior	Engineering
4884	21	Female	Freshman	Science
4885	20	Female	Sophomore	Arts
4886	23	Other	Junior	Engineering
4887	20	Female	Senior	Arts
4888	19	Male	Junior	Arts
4889	19	Male	Freshman	Science
4890	24	Male	Freshman	Science
4891	20	Male	Senior	Arts
4892	21	Female	Senior	Science
4893	24	Male	Freshman	Arts
4894	19	Other	Senior	Engineering
4895	19	Male	Junior	Arts
4896	24	Female	Freshman	Business
4897	23	Other	Freshman	Business
4898	21	Other	Sophomore	Arts
4899	23	Other	Senior	Engineering
4900	24	Female	Junior	Science
4901	23	Other	Senior	Engineering
4902	22	Male	Freshman	Science
4903	20	Male	Senior	Science
4904	18	Female	Senior	Business
4905	18	Female	Junior	Science
4906	18	Male	Freshman	Arts
4907	18	Male	Junior	Arts
4908	18	Other	Junior	Arts
4909	22	Male	Freshman	Arts
4910	20	Male	Senior	Engineering
4911	24	Male	Junior	Science
4912	19	Other	Junior	Business
4913	24	Other	Sophomore	Business
4914	18	Female	Junior	Science
4915	24	Other	Senior	Business
4916	21	Male	Senior	Engineering
4917	18	Female	Sophomore	Business
4918	22	Male	Freshman	Engineering
4919	20	Male	Freshman	Engineering
4920	21	Male	Freshman	Engineering
4921	18	Male	Junior	Engineering
4922	22	Female	Junior	Engineering
4923	18	Female	Senior	Science
4924	18	Other	Junior	Arts
4925	21	Other	Freshman	Science
4926	22	Male	Sophomore	Business
4927	20	Female	Sophomore	Engineering
4928	22	Female	Senior	Business
4929	20	Male	Sophomore	Business
4930	24	Male	Senior	Science
4931	20	Other	Freshman	Engineering
4932	20	Male	Sophomore	Arts
4933	20	Female	Sophomore	Business
4934	22	Other	Sophomore	Science
4935	24	Other	Freshman	Business
4936	21	Female	Junior	Science
4937	20	Other	Senior	Arts
4938	19	Other	Sophomore	Science
4939	20	Female	Sophomore	Arts
4940	24	Other	Junior	Science
4941	19	Other	Senior	Business
4942	24	Female	Junior	Arts
4943	18	Male	Freshman	Science
4944	20	Female	Senior	Science
4945	19	Other	Junior	Engineering
4946	20	Other	Freshman	Science
4947	22	Female	Sophomore	Business
4948	24	Female	Sophomore	Arts
4949	21	Female	Senior	Engineering
4950	18	Female	Freshman	Arts
4951	21	Female	Freshman	Business
4952	21	Other	Sophomore	Business
4953	22	Female	Senior	Business
4954	23	Male	Junior	Engineering
4955	19	Female	Sophomore	Science
4956	18	Male	Freshman	Business
4957	21	Other	Sophomore	Science
4958	20	Female	Senior	Arts
4959	23	Female	Senior	Engineering
4960	19	Male	Junior	Business
4961	18	Female	Junior	Engineering
4962	21	Male	Freshman	Arts
4963	23	Male	Junior	Science
4964	24	Female	Senior	Business
4965	21	Female	Senior	Engineering
4966	19	Male	Sophomore	Arts
4967	20	Female	Freshman	Business
4968	21	Male	Junior	Arts
4969	22	Other	Freshman	Engineering
4970	22	Male	Junior	Science
4971	23	Other	Freshman	Arts
4972	19	Male	Senior	Science
4973	18	Other	Junior	Business
4974	19	Male	Freshman	Science
4975	23	Other	Freshman	Science
4976	24	Male	Junior	Science
4977	19	Other	Freshman	Science
4978	18	Female	Junior	Science
4979	18	Other	Freshman	Science
4980	18	Other	Senior	Engineering
4981	20	Other	Senior	Engineering
4982	21	Male	Senior	Science
4983	19	Female	Senior	Arts
4984	24	Female	Junior	Engineering
4985	22	Male	Senior	Arts
4986	18	Other	Freshman	Engineering
4987	18	Male	Senior	Business
4988	18	Other	Junior	Science
4989	24	Female	Junior	Business
4990	21	Female	Sophomore	Business
4991	22	Male	Sophomore	Science
4992	24	Male	Freshman	Business
4993	23	Male	Freshman	Engineering
4994	23	Male	Sophomore	Business
4995	19	Other	Junior	Science
4996	21	Male	Freshman	Engineering
4997	20	Other	Junior	Engineering
4998	23	Male	Junior	Engineering
4999	23	Other	Freshman	Engineering
5000	22	Other	Freshman	Arts
5001	22	Male	Junior	Business
5002	24	Male	Junior	Arts
5003	20	Female	Freshman	Arts
5004	19	Male	Senior	Engineering
5005	22	Male	Freshman	Business
5006	18	Other	Junior	Arts
5007	19	Other	Junior	Engineering
5008	23	Male	Junior	Business
5009	23	Other	Senior	Arts
5010	21	Female	Senior	Business
5011	24	Other	Freshman	Science
5012	20	Other	Senior	Engineering
5013	18	Female	Senior	Business
5014	18	Female	Junior	Business
5015	18	Female	Freshman	Arts
5016	21	Male	Sophomore	Business
5017	24	Other	Junior	Arts
5018	18	Female	Senior	Arts
5019	22	Male	Junior	Business
5020	18	Female	Freshman	Science
5021	24	Female	Freshman	Arts
5022	24	Female	Senior	Business
5023	19	Female	Senior	Business
5024	22	Male	Sophomore	Arts
5025	24	Male	Senior	Engineering
5026	18	Female	Freshman	Engineering
5027	24	Female	Sophomore	Science
5028	23	Female	Junior	Business
5029	24	Other	Junior	Business
5030	21	Female	Freshman	Science
5031	24	Female	Senior	Arts
5032	18	Other	Freshman	Science
5033	21	Other	Sophomore	Arts
5034	22	Female	Freshman	Arts
5035	22	Other	Senior	Science
5036	24	Other	Senior	Engineering
5037	22	Other	Junior	Science
5038	22	Male	Junior	Engineering
5039	21	Other	Senior	Science
5040	19	Male	Senior	Science
5041	21	Male	Freshman	Business
5042	21	Male	Junior	Arts
5043	18	Male	Junior	Arts
5044	18	Male	Junior	Engineering
5045	21	Other	Junior	Arts
5046	20	Other	Freshman	Business
5047	19	Other	Senior	Engineering
5048	22	Other	Freshman	Arts
5049	22	Other	Freshman	Arts
5050	24	Other	Sophomore	Arts
5051	22	Male	Junior	Science
5052	18	Other	Freshman	Business
5053	18	Other	Junior	Arts
5054	19	Female	Senior	Engineering
5055	23	Male	Senior	Engineering
5056	19	Female	Senior	Engineering
5057	21	Female	Junior	Arts
5058	18	Male	Freshman	Arts
5059	24	Male	Senior	Science
5060	24	Male	Senior	Engineering
5061	22	Male	Freshman	Business
5062	24	Female	Freshman	Business
5063	21	Female	Freshman	Science
5064	20	Male	Senior	Science
5065	20	Female	Senior	Business
5066	23	Other	Sophomore	Arts
5067	24	Male	Freshman	Business
5068	19	Other	Sophomore	Science
5069	18	Other	Sophomore	Business
5070	18	Other	Junior	Business
5071	20	Other	Sophomore	Engineering
5072	19	Other	Junior	Science
5073	19	Male	Sophomore	Science
5074	18	Other	Senior	Business
5075	23	Male	Freshman	Arts
5076	18	Female	Senior	Science
5077	20	Female	Senior	Arts
5078	23	Other	Junior	Arts
5079	22	Female	Senior	Arts
5080	19	Male	Junior	Business
5081	18	Male	Senior	Engineering
5082	24	Other	Freshman	Science
5083	23	Female	Senior	Science
5084	23	Other	Senior	Arts
5085	19	Female	Junior	Engineering
5086	23	Other	Senior	Science
5087	22	Female	Sophomore	Business
5088	20	Male	Junior	Science
5089	24	Other	Junior	Engineering
5090	22	Other	Senior	Science
5091	20	Female	Junior	Business
5092	19	Other	Sophomore	Business
5093	24	Female	Sophomore	Arts
5094	21	Other	Freshman	Engineering
5095	19	Other	Sophomore	Arts
5096	21	Other	Senior	Engineering
5097	23	Female	Sophomore	Engineering
5098	19	Male	Freshman	Arts
5099	23	Female	Junior	Arts
5100	22	Male	Sophomore	Business
5101	20	Other	Junior	Science
5102	19	Female	Senior	Engineering
5103	23	Female	Freshman	Arts
5104	18	Female	Sophomore	Business
5105	20	Male	Junior	Science
5106	22	Male	Freshman	Science
5107	19	Other	Sophomore	Science
5108	23	Other	Sophomore	Engineering
5109	20	Female	Senior	Engineering
5110	18	Male	Sophomore	Business
5111	20	Female	Senior	Engineering
5112	19	Other	Sophomore	Business
5113	18	Female	Freshman	Business
5114	19	Female	Sophomore	Engineering
5115	21	Male	Senior	Business
5116	20	Male	Junior	Engineering
5117	23	Male	Sophomore	Engineering
5118	18	Male	Sophomore	Engineering
5119	19	Female	Junior	Arts
5120	24	Other	Sophomore	Arts
5121	21	Female	Freshman	Science
5122	19	Other	Sophomore	Engineering
5123	19	Male	Freshman	Engineering
5124	20	Male	Freshman	Arts
5125	20	Male	Sophomore	Arts
5126	21	Other	Sophomore	Arts
5127	23	Female	Sophomore	Science
5128	20	Female	Freshman	Arts
5129	18	Male	Senior	Engineering
5130	23	Male	Junior	Engineering
5131	21	Female	Freshman	Science
5132	20	Other	Senior	Arts
5133	23	Other	Sophomore	Business
5134	22	Other	Senior	Engineering
5135	18	Other	Senior	Business
5136	24	Female	Sophomore	Science
5137	19	Male	Junior	Engineering
5138	18	Other	Freshman	Business
5139	18	Male	Senior	Arts
5140	23	Male	Sophomore	Arts
5141	18	Male	Senior	Science
5142	22	Other	Freshman	Engineering
5143	18	Female	Junior	Science
5144	22	Female	Senior	Business
5145	22	Other	Junior	Arts
5146	20	Male	Freshman	Arts
5147	22	Male	Freshman	Science
5148	22	Female	Senior	Arts
5149	23	Other	Junior	Business
5150	23	Male	Freshman	Engineering
5151	24	Male	Freshman	Arts
5152	24	Female	Freshman	Engineering
5153	21	Other	Senior	Engineering
5154	22	Male	Junior	Arts
5155	23	Other	Senior	Engineering
5156	18	Female	Sophomore	Engineering
5157	19	Female	Senior	Engineering
5158	24	Other	Sophomore	Science
5159	22	Other	Freshman	Arts
5160	22	Female	Junior	Business
5161	20	Female	Freshman	Science
5162	23	Female	Sophomore	Science
5163	20	Female	Sophomore	Engineering
5164	18	Female	Freshman	Science
5165	21	Male	Freshman	Arts
5166	23	Male	Senior	Arts
5167	22	Male	Freshman	Arts
5168	24	Other	Sophomore	Engineering
5169	19	Female	Junior	Engineering
5170	22	Other	Sophomore	Engineering
5171	23	Male	Junior	Arts
5172	21	Other	Junior	Arts
5173	23	Other	Senior	Arts
5174	21	Female	Freshman	Engineering
5175	23	Female	Senior	Arts
5176	19	Male	Junior	Science
5177	24	Female	Sophomore	Arts
5178	18	Other	Sophomore	Business
5179	22	Male	Freshman	Business
5180	22	Other	Junior	Engineering
5181	20	Female	Sophomore	Science
5182	18	Female	Sophomore	Engineering
5183	19	Other	Freshman	Business
5184	22	Female	Freshman	Engineering
5185	23	Male	Senior	Arts
5186	23	Female	Junior	Science
5187	23	Male	Junior	Arts
5188	24	Other	Freshman	Arts
5189	21	Male	Freshman	Arts
5190	18	Male	Senior	Science
5191	24	Male	Junior	Science
5192	21	Male	Junior	Arts
5193	23	Female	Freshman	Science
5194	21	Female	Freshman	Business
5195	22	Male	Sophomore	Engineering
5196	24	Male	Freshman	Arts
5197	24	Other	Sophomore	Arts
5198	19	Female	Freshman	Science
5199	19	Female	Freshman	Science
5200	19	Female	Senior	Science
5201	22	Other	Senior	Science
5202	24	Female	Freshman	Arts
5203	23	Other	Senior	Science
5204	20	Male	Senior	Arts
5205	19	Male	Freshman	Science
5206	21	Other	Sophomore	Science
5207	24	Male	Junior	Engineering
5208	21	Female	Junior	Engineering
5209	23	Male	Junior	Science
5210	20	Male	Sophomore	Arts
5211	18	Female	Senior	Business
5212	22	Male	Freshman	Arts
5213	22	Other	Junior	Engineering
5214	21	Female	Freshman	Science
5215	19	Male	Freshman	Engineering
5216	19	Female	Sophomore	Arts
5217	24	Female	Senior	Engineering
5218	20	Other	Sophomore	Engineering
5219	18	Other	Sophomore	Science
5220	19	Male	Senior	Science
5221	19	Female	Junior	Engineering
5222	21	Male	Senior	Business
5223	23	Female	Senior	Arts
5224	19	Other	Freshman	Arts
5225	22	Male	Junior	Science
5226	19	Male	Senior	Science
5227	19	Female	Freshman	Engineering
5228	18	Other	Junior	Science
5229	22	Other	Senior	Business
5230	20	Other	Freshman	Business
5231	22	Other	Senior	Business
5232	20	Other	Senior	Science
5233	18	Female	Senior	Arts
5234	18	Female	Freshman	Science
5235	23	Other	Freshman	Arts
5236	23	Male	Junior	Business
5237	21	Other	Junior	Arts
5238	18	Female	Junior	Business
5239	19	Male	Junior	Arts
5240	24	Female	Junior	Business
5241	22	Other	Senior	Science
5242	20	Female	Senior	Science
5243	22	Other	Senior	Science
5244	22	Other	Sophomore	Arts
5245	22	Female	Senior	Arts
5246	22	Female	Senior	Science
5247	22	Other	Junior	Science
5248	23	Other	Senior	Arts
5249	24	Other	Sophomore	Engineering
5250	18	Female	Freshman	Science
5251	23	Other	Sophomore	Business
5252	22	Male	Junior	Business
5253	22	Male	Freshman	Business
5254	20	Female	Junior	Science
5255	22	Other	Freshman	Engineering
5256	24	Female	Sophomore	Arts
5257	22	Male	Junior	Arts
5258	23	Male	Senior	Engineering
5259	22	Male	Freshman	Arts
5260	19	Female	Junior	Business
5261	23	Female	Freshman	Engineering
5262	19	Female	Freshman	Engineering
5263	19	Female	Senior	Business
5264	22	Other	Sophomore	Arts
5265	18	Other	Senior	Engineering
5266	19	Male	Junior	Arts
5267	21	Male	Senior	Science
5268	19	Other	Sophomore	Business
5269	20	Male	Freshman	Business
5270	18	Other	Senior	Arts
5271	24	Female	Freshman	Science
5272	23	Other	Freshman	Business
5273	20	Female	Senior	Science
5274	20	Male	Junior	Science
5275	19	Other	Freshman	Engineering
5276	20	Female	Sophomore	Engineering
5277	20	Male	Senior	Engineering
5278	18	Female	Senior	Business
5279	19	Male	Sophomore	Engineering
5280	18	Other	Junior	Arts
5281	22	Female	Freshman	Arts
5282	19	Male	Senior	Science
5283	20	Male	Freshman	Science
5284	23	Male	Freshman	Science
5285	19	Other	Sophomore	Business
5286	23	Other	Junior	Arts
5287	19	Male	Sophomore	Business
5288	24	Other	Senior	Business
5289	22	Female	Freshman	Science
5290	24	Male	Senior	Engineering
5291	18	Male	Senior	Science
5292	19	Other	Senior	Arts
5293	24	Female	Junior	Arts
5294	23	Other	Sophomore	Science
5295	19	Male	Freshman	Science
5296	23	Female	Junior	Arts
5297	24	Female	Sophomore	Engineering
5298	21	Female	Freshman	Engineering
5299	19	Other	Junior	Arts
5300	18	Other	Senior	Business
5301	21	Male	Sophomore	Arts
5302	23	Female	Senior	Engineering
5303	20	Other	Freshman	Arts
5304	20	Male	Junior	Science
5305	19	Male	Senior	Engineering
5306	18	Male	Senior	Science
5307	19	Male	Freshman	Arts
5308	20	Female	Freshman	Science
5309	19	Male	Junior	Science
5310	19	Other	Freshman	Arts
5311	20	Female	Senior	Arts
5312	24	Female	Senior	Arts
5313	20	Female	Junior	Science
5314	24	Female	Junior	Business
5315	21	Male	Junior	Business
5316	21	Male	Sophomore	Business
5317	18	Female	Freshman	Science
5318	23	Male	Freshman	Arts
5319	24	Female	Freshman	Business
5320	24	Female	Junior	Business
5321	23	Male	Senior	Engineering
5322	18	Male	Junior	Engineering
5323	20	Other	Junior	Arts
5324	24	Male	Sophomore	Business
5325	18	Other	Sophomore	Arts
5326	18	Other	Freshman	Engineering
5327	24	Female	Freshman	Engineering
5328	21	Male	Junior	Business
5329	24	Other	Freshman	Science
5330	20	Male	Junior	Business
5331	21	Other	Freshman	Engineering
5332	19	Other	Junior	Science
5333	20	Other	Senior	Arts
5334	22	Male	Senior	Science
5335	18	Female	Freshman	Science
5336	18	Other	Sophomore	Engineering
5337	20	Other	Senior	Science
5338	24	Male	Freshman	Business
5339	22	Male	Freshman	Business
5340	23	Female	Senior	Business
5341	20	Female	Sophomore	Business
5342	18	Other	Sophomore	Arts
5343	23	Other	Freshman	Science
5344	18	Other	Sophomore	Business
5345	20	Male	Sophomore	Business
5346	23	Male	Sophomore	Business
5347	19	Other	Junior	Arts
5348	24	Male	Junior	Engineering
5349	21	Other	Sophomore	Engineering
5350	20	Other	Junior	Science
5351	24	Other	Sophomore	Business
5352	19	Female	Senior	Arts
5353	22	Female	Freshman	Science
5354	18	Other	Freshman	Science
5355	18	Female	Senior	Arts
5356	20	Female	Freshman	Science
5357	24	Male	Freshman	Science
5358	22	Other	Freshman	Arts
5359	20	Female	Sophomore	Engineering
5360	21	Male	Sophomore	Engineering
5361	20	Other	Freshman	Business
5362	18	Male	Senior	Science
5363	18	Other	Sophomore	Engineering
5364	24	Other	Freshman	Arts
5365	23	Female	Junior	Business
5366	24	Other	Sophomore	Arts
5367	19	Female	Senior	Business
5368	21	Female	Freshman	Arts
5369	23	Male	Freshman	Engineering
5370	23	Male	Senior	Science
5371	23	Other	Senior	Arts
5372	19	Male	Sophomore	Business
5373	21	Other	Senior	Engineering
5374	24	Male	Senior	Engineering
5375	18	Other	Freshman	Engineering
5376	23	Male	Senior	Engineering
5377	23	Other	Sophomore	Arts
5378	23	Male	Junior	Science
5379	20	Other	Sophomore	Business
5380	18	Other	Sophomore	Science
5381	19	Male	Junior	Business
5382	19	Other	Junior	Engineering
5383	20	Male	Junior	Arts
5384	23	Male	Senior	Engineering
5385	22	Male	Freshman	Arts
5386	18	Female	Senior	Engineering
5387	19	Male	Junior	Arts
5388	24	Female	Sophomore	Engineering
5389	22	Other	Freshman	Arts
5390	24	Other	Freshman	Engineering
5391	22	Female	Junior	Arts
5392	18	Female	Junior	Business
5393	19	Other	Junior	Arts
5394	22	Female	Freshman	Arts
5395	19	Male	Junior	Science
5396	22	Male	Senior	Arts
5397	18	Male	Senior	Business
5398	18	Female	Junior	Business
5399	19	Female	Junior	Engineering
5400	18	Male	Junior	Arts
5401	21	Male	Junior	Engineering
5402	18	Other	Freshman	Engineering
5403	24	Female	Freshman	Engineering
5404	20	Female	Sophomore	Science
5405	18	Male	Senior	Arts
5406	19	Female	Sophomore	Business
5407	24	Male	Sophomore	Science
5408	23	Male	Freshman	Science
5409	22	Male	Senior	Science
5410	24	Female	Senior	Arts
5411	21	Female	Senior	Business
5412	19	Female	Senior	Science
5413	19	Female	Junior	Business
5414	24	Female	Junior	Business
5415	22	Male	Senior	Science
5416	22	Male	Junior	Arts
5417	20	Female	Sophomore	Science
5418	19	Female	Senior	Business
5419	24	Other	Freshman	Arts
5420	21	Other	Senior	Arts
5421	20	Other	Senior	Business
5422	20	Other	Sophomore	Engineering
5423	21	Female	Sophomore	Arts
5424	22	Female	Sophomore	Engineering
5425	22	Other	Junior	Business
5426	19	Male	Junior	Science
5427	20	Female	Junior	Business
5428	21	Male	Sophomore	Science
5429	21	Other	Senior	Engineering
5430	24	Female	Senior	Science
5431	24	Female	Sophomore	Engineering
5432	21	Female	Freshman	Science
5433	20	Female	Junior	Engineering
5434	18	Male	Sophomore	Business
5435	18	Male	Senior	Engineering
5436	19	Other	Senior	Engineering
5437	23	Female	Freshman	Business
5438	20	Male	Sophomore	Business
5439	23	Other	Sophomore	Engineering
5440	20	Male	Sophomore	Business
5441	18	Male	Freshman	Business
5442	22	Female	Freshman	Science
5443	18	Other	Freshman	Arts
5444	23	Female	Junior	Arts
5445	20	Male	Freshman	Science
5446	23	Male	Junior	Business
5447	21	Other	Sophomore	Science
5448	20	Male	Junior	Business
5449	19	Female	Freshman	Engineering
5450	18	Male	Junior	Science
5451	19	Female	Freshman	Business
5452	18	Female	Sophomore	Engineering
5453	24	Other	Freshman	Science
5454	18	Other	Freshman	Arts
5455	19	Other	Junior	Arts
5456	24	Female	Freshman	Arts
5457	19	Female	Freshman	Business
5458	21	Male	Senior	Science
5459	23	Male	Junior	Engineering
5460	19	Female	Junior	Science
5461	22	Female	Freshman	Business
5462	20	Female	Freshman	Science
5463	23	Female	Junior	Business
5464	21	Male	Senior	Arts
5465	18	Female	Senior	Arts
5466	23	Male	Senior	Engineering
5467	24	Male	Sophomore	Science
5468	22	Other	Senior	Business
5469	19	Male	Senior	Engineering
5470	19	Male	Junior	Engineering
5471	22	Male	Junior	Arts
5472	20	Female	Freshman	Science
5473	24	Male	Junior	Engineering
5474	24	Male	Junior	Science
5475	22	Other	Sophomore	Science
5476	18	Female	Senior	Engineering
5477	23	Female	Freshman	Science
5478	22	Other	Freshman	Arts
5479	23	Other	Sophomore	Arts
5480	21	Male	Junior	Engineering
5481	22	Other	Senior	Engineering
5482	24	Other	Senior	Science
5483	24	Male	Senior	Science
5484	22	Other	Sophomore	Arts
5485	18	Female	Junior	Engineering
5486	24	Other	Junior	Business
5487	24	Male	Sophomore	Business
5488	18	Other	Freshman	Engineering
5489	20	Female	Freshman	Engineering
5490	18	Female	Junior	Business
5491	18	Other	Senior	Arts
5492	18	Male	Senior	Science
5493	22	Male	Senior	Arts
5494	22	Female	Freshman	Arts
5495	18	Female	Sophomore	Business
5496	19	Other	Sophomore	Science
5497	18	Other	Senior	Engineering
5498	18	Male	Sophomore	Science
5499	23	Female	Senior	Science
5500	20	Male	Sophomore	Science
7	19	Female	Senior	Engineering
\.


--
-- Data for Name: students_spending; Type: TABLE DATA; Schema: public; Owner: postgres
--

COPY public.students_spending (spendingid, studentid, categoryid, month, year, amount) FROM stdin;
1	4036	1	January	2023	242
2	4870	1	October	2021	315
3	3746	5	April	2023	784
4	5075	3	June	2020	736
5	796	1	February	2020	594
6	4440	1	July	2021	295
7	2808	1	July	2023	216
8	3471	5	September	2020	312
9	1778	2	December	2020	536
10	1453	4	October	2023	403
11	2790	3	April	2021	914
12	3730	2	March	2023	487
13	4979	1	November	2022	881
14	2319	3	September	2023	838
15	3697	3	December	2020	670
16	5168	3	February	2022	291
17	771	2	May	2021	915
18	4655	1	December	2023	105
19	4601	5	May	2023	569
20	357	5	September	2020	623
21	544	4	May	2022	137
22	933	4	May	2020	552
23	4073	1	December	2021	723
24	4570	1	December	2023	762
25	2310	5	May	2020	581
26	2751	4	December	2023	472
27	1578	5	October	2021	831
28	3736	5	March	2021	754
29	3726	2	June	2020	670
30	1945	2	December	2022	122
31	2454	5	May	2020	821
32	3543	4	June	2021	630
33	2100	2	November	2022	419
34	2765	3	April	2021	891
35	461	2	May	2022	841
36	2954	4	August	2022	619
37	4015	2	March	2023	939
38	833	5	November	2021	627
39	2984	5	July	2020	346
40	3987	4	April	2021	153
41	3617	3	September	2022	721
42	4665	5	January	2021	522
43	5053	5	June	2021	298
44	2039	1	May	2020	278
45	1694	5	September	2020	953
46	5145	1	September	2020	816
47	5363	4	September	2020	614
48	2979	3	September	2021	633
49	2670	1	June	2021	115
50	5482	3	March	2021	634
51	1992	4	April	2023	387
52	905	5	April	2020	765
53	1822	1	October	2020	415
54	2941	2	August	2020	983
55	3315	2	April	2021	805
56	3321	1	May	2021	586
57	2250	3	May	2023	494
58	929	3	March	2023	304
59	4559	1	July	2023	330
60	4784	4	December	2021	182
61	1066	2	September	2022	474
62	3111	3	March	2021	557
63	1791	5	August	2020	761
64	1411	1	January	2022	197
65	399	4	August	2021	108
66	4731	1	September	2021	480
67	689	3	March	2021	836
68	5142	5	April	2023	250
69	1429	5	March	2023	742
70	2744	3	May	2021	513
71	2165	5	March	2020	793
72	3776	3	June	2021	650
73	3798	5	September	2022	130
74	2755	4	March	2021	179
75	1817	4	May	2022	460
76	4172	2	November	2023	870
77	551	3	December	2022	755
78	2930	2	November	2023	362
79	3924	4	October	2023	821
80	1961	5	August	2022	337
81	2088	5	August	2023	151
82	1338	3	May	2023	310
83	1214	4	May	2021	592
84	1918	3	July	2023	369
85	5402	1	January	2023	957
86	5052	5	May	2020	517
87	4101	4	January	2020	287
88	1893	3	July	2022	209
89	4813	4	December	2020	982
90	2224	4	January	2021	215
91	687	1	September	2023	775
92	1559	1	September	2021	787
93	3682	1	November	2021	393
94	1714	3	November	2021	309
95	1431	1	June	2022	185
96	1017	4	January	2023	247
97	4514	2	May	2023	919
98	5489	3	February	2023	647
99	645	3	November	2021	303
100	3464	5	July	2022	974
101	4214	2	May	2022	412
102	5217	2	June	2021	811
103	278	1	November	2020	233
104	5458	4	November	2022	847
105	1304	5	February	2023	458
106	2515	4	November	2020	788
107	1526	5	March	2023	352
108	5257	4	March	2022	509
109	5312	2	September	2021	435
110	4042	2	October	2023	831
111	47	2	May	2021	803
112	319	4	July	2021	678
113	4479	5	July	2022	503
114	3875	5	March	2020	947
115	161	2	October	2023	254
116	1296	1	March	2023	866
117	1833	2	August	2023	538
118	1243	3	March	2021	598
119	1629	4	September	2021	838
120	3799	5	December	2021	985
121	1707	3	May	2020	629
122	3304	2	August	2022	430
123	4891	2	June	2023	402
124	566	1	September	2020	335
125	264	3	December	2020	262
126	3384	2	December	2021	434
127	307	5	November	2020	493
128	5036	3	March	2022	109
129	4195	3	March	2022	483
130	5476	2	August	2023	802
131	3990	5	November	2021	750
132	2005	1	February	2023	581
133	2218	3	September	2023	195
134	1066	5	February	2023	902
135	4594	3	January	2021	454
136	3454	3	August	2022	771
137	5189	4	July	2020	459
138	3094	1	July	2023	350
139	5038	2	April	2020	557
140	1615	5	July	2022	590
141	4602	3	July	2020	984
142	4067	5	March	2022	737
143	1238	4	May	2020	335
144	4537	3	May	2020	311
145	3955	2	October	2021	863
146	2073	4	February	2020	153
147	128	5	November	2023	562
148	4501	3	April	2020	696
149	887	5	August	2022	651
150	3851	3	May	2022	120
151	246	3	May	2023	103
152	501	3	January	2023	421
153	3926	1	June	2023	619
154	4368	2	August	2021	442
155	996	2	January	2020	374
156	5433	4	July	2023	279
157	1226	4	April	2020	923
158	846	3	March	2023	720
159	3340	1	November	2023	595
160	1848	1	November	2023	146
161	2008	2	March	2023	286
162	1669	4	April	2020	797
163	2902	4	April	2020	993
164	2735	2	January	2020	364
165	1450	5	June	2022	478
166	2330	5	September	2021	414
167	4094	5	June	2020	761
168	3455	4	February	2021	335
169	4190	3	November	2023	543
170	841	1	November	2020	603
171	5150	2	December	2023	304
172	758	5	July	2020	705
173	266	1	November	2022	342
174	5029	1	February	2020	856
175	4452	2	August	2023	329
176	2407	3	December	2023	626
177	989	2	January	2023	684
178	2753	3	September	2020	484
179	2599	3	March	2023	664
180	2000	2	January	2022	338
181	1593	4	October	2020	334
182	988	5	September	2020	818
183	4060	4	June	2023	759
184	4355	4	February	2023	940
185	834	1	October	2023	212
186	596	5	May	2020	209
187	3133	2	June	2023	111
188	5295	5	June	2021	930
189	4596	5	October	2020	516
190	1802	3	May	2023	356
191	2209	3	April	2020	925
192	4067	5	December	2023	367
193	4290	5	April	2021	119
194	2299	5	February	2023	627
195	2606	1	October	2023	716
196	3545	3	May	2023	109
197	2433	1	October	2023	336
198	1141	1	January	2020	351
199	5305	4	September	2023	830
200	5266	1	March	2022	805
201	937	2	April	2022	539
202	679	1	December	2021	796
203	1429	1	January	2022	717
204	5221	3	June	2022	475
205	2913	5	May	2020	358
206	2784	2	June	2023	222
207	1005	3	June	2023	549
208	47	4	September	2021	987
209	5428	3	July	2021	487
210	528	2	March	2021	955
211	2247	4	June	2023	371
212	1881	5	February	2023	845
213	3002	4	April	2023	506
214	3702	5	January	2021	872
215	4359	5	October	2023	914
216	4301	3	June	2020	611
217	2027	1	April	2021	926
218	2816	3	February	2022	472
219	1627	4	March	2023	574
220	2473	4	August	2020	895
221	5313	3	February	2021	616
222	396	4	February	2020	613
223	5140	2	March	2021	803
224	5260	1	April	2020	498
225	5446	5	February	2022	705
226	5412	5	June	2020	557
227	4347	1	March	2020	722
228	1525	1	March	2021	835
229	4706	3	April	2023	156
230	2414	5	August	2020	443
231	1771	4	February	2020	699
232	3079	1	December	2022	799
233	5066	4	February	2020	756
234	252	5	February	2022	560
235	2168	3	January	2022	983
236	1034	5	October	2022	133
237	5483	1	March	2020	463
238	151	3	December	2021	391
239	5193	5	May	2021	797
240	4809	4	December	2023	791
241	895	5	September	2020	442
242	4270	2	January	2023	620
243	4172	2	June	2022	729
244	4039	3	April	2021	318
245	690	5	May	2020	644
246	1781	1	November	2021	827
247	1972	4	May	2022	150
248	2757	1	June	2023	708
249	943	3	December	2021	296
250	5437	2	September	2021	698
251	4535	4	June	2023	841
252	1653	2	July	2022	441
253	324	3	April	2023	681
254	1612	4	January	2022	991
255	3541	2	February	2022	315
256	3569	4	September	2020	611
257	3444	2	September	2023	226
258	4698	2	April	2023	565
259	4683	5	August	2021	357
260	4995	4	March	2023	468
261	5373	1	June	2020	441
262	137	2	May	2023	202
263	1840	4	March	2021	866
264	1728	2	July	2021	728
265	2563	4	March	2020	833
266	1465	5	November	2020	362
267	2239	5	January	2023	720
268	5378	5	June	2021	959
269	4956	5	January	2022	878
270	331	3	June	2023	474
271	4057	3	August	2023	952
272	904	2	July	2023	737
273	3632	1	April	2023	102
274	1946	1	March	2021	119
275	1986	3	July	2020	137
276	746	5	July	2022	192
277	4776	3	August	2022	678
278	1590	5	February	2021	500
279	891	4	April	2023	653
280	3578	3	March	2023	244
281	967	2	April	2023	918
282	29	2	October	2021	776
283	1444	1	September	2020	436
284	1393	5	March	2022	772
285	1653	5	July	2022	559
286	1956	1	December	2021	302
287	2220	5	November	2021	871
288	469	2	May	2023	615
289	786	5	August	2021	442
290	2658	2	November	2021	214
291	2890	2	September	2022	695
292	2131	3	June	2021	707
293	3971	1	November	2022	612
294	4556	1	February	2020	693
295	1370	1	October	2020	351
296	5249	3	July	2020	783
297	1634	3	April	2023	214
298	1095	3	December	2022	368
299	5291	2	August	2022	835
300	361	1	August	2022	393
301	3275	3	June	2022	428
302	1805	3	November	2022	486
303	854	5	September	2020	435
304	2139	1	April	2021	719
305	529	5	March	2020	207
306	1280	1	April	2022	522
307	2174	5	June	2020	479
308	4	1	June	2023	591
309	331	1	October	2023	559
310	5309	4	February	2023	290
311	2005	2	August	2020	471
312	120	4	June	2022	117
313	3874	4	November	2020	952
314	1494	1	October	2021	472
315	4369	4	June	2020	485
316	4185	3	June	2023	638
317	222	1	November	2020	442
318	5067	4	October	2021	610
319	4579	1	January	2020	122
320	4702	5	December	2020	790
321	1209	5	September	2023	957
322	4737	5	October	2020	913
323	3361	3	August	2023	190
324	2969	3	December	2021	310
325	1042	1	February	2022	862
326	106	4	August	2021	685
327	873	3	October	2023	116
328	1795	1	March	2022	188
329	1722	2	November	2021	196
330	4185	3	April	2023	427
331	433	1	December	2023	282
332	5319	1	March	2020	975
333	441	5	February	2023	720
334	1207	4	July	2022	936
335	4642	2	June	2023	400
336	1173	4	October	2020	301
337	904	5	March	2021	624
338	3997	4	July	2020	403
339	1019	3	June	2021	774
340	3065	4	February	2023	457
341	3721	2	October	2022	576
342	1733	3	July	2023	167
343	2823	5	March	2023	883
344	3484	2	January	2021	306
345	328	2	April	2020	260
346	3382	2	December	2020	670
347	2639	3	August	2020	225
348	3236	2	December	2020	314
349	3343	5	October	2021	727
350	4186	4	September	2021	549
351	1858	4	September	2021	762
352	5451	3	April	2021	939
353	3685	2	July	2020	250
354	4515	1	February	2020	943
355	41	1	May	2023	679
356	2964	2	October	2023	851
357	818	4	May	2021	249
358	35	4	September	2023	210
359	338	4	June	2020	206
360	5358	2	June	2023	124
361	3991	3	April	2021	195
362	2560	2	April	2022	194
363	2449	2	March	2021	976
364	3587	4	December	2020	698
365	5073	1	February	2021	638
366	3992	4	June	2022	456
367	4339	5	October	2021	940
368	230	3	September	2022	204
369	5282	5	February	2022	212
370	1070	2	April	2022	407
371	1197	3	August	2020	369
372	1678	3	July	2021	314
373	4671	1	June	2022	840
374	3409	2	December	2021	267
375	1427	3	January	2021	394
376	4678	1	November	2023	672
377	2191	5	December	2020	470
378	1205	2	January	2021	727
379	4694	4	March	2023	226
380	626	5	October	2020	488
381	771	3	May	2023	402
382	2882	4	March	2023	947
383	205	2	January	2023	614
384	3355	3	March	2021	148
385	5172	3	July	2020	483
386	4904	2	December	2023	150
387	5443	3	September	2021	630
388	4348	2	March	2020	802
389	4504	4	December	2020	313
390	4075	3	October	2021	264
391	566	2	April	2020	162
392	3043	4	December	2020	239
393	973	1	August	2020	534
394	1248	1	December	2023	918
395	5258	5	February	2023	767
396	4329	5	November	2023	182
397	3232	3	April	2023	763
398	4523	2	March	2023	572
399	2534	3	November	2023	709
400	3468	5	March	2020	138
401	1118	2	December	2022	592
402	4305	4	November	2022	933
403	1505	3	February	2023	374
404	928	4	November	2021	930
405	3258	3	March	2020	813
406	2267	1	June	2023	924
407	535	1	January	2022	220
408	1439	3	August	2020	424
409	3563	3	January	2023	696
410	2983	1	June	2020	339
411	555	5	December	2020	459
412	4204	5	June	2022	516
413	22	2	June	2022	720
414	3123	4	December	2023	281
415	4756	4	November	2020	335
416	775	2	March	2023	988
417	3272	5	February	2023	395
418	3776	4	July	2020	931
419	5218	4	December	2022	628
420	394	2	September	2020	463
421	2725	5	May	2020	496
422	1015	1	May	2021	283
423	1199	5	December	2022	659
424	4933	4	September	2023	735
425	2654	1	October	2022	117
426	4048	4	February	2023	342
427	600	5	August	2021	701
428	3856	4	December	2020	943
429	4639	3	November	2020	880
430	3832	3	October	2021	841
431	394	5	July	2023	974
432	3401	1	September	2020	348
433	716	2	August	2022	743
434	624	2	December	2021	470
435	118	1	April	2021	733
436	5054	5	September	2023	411
437	899	5	February	2020	290
438	5067	2	September	2020	501
439	1691	4	March	2023	826
440	4236	2	November	2020	312
441	3521	4	May	2022	578
442	4879	5	March	2022	342
443	297	5	August	2021	462
444	1501	3	June	2023	780
445	2403	4	March	2022	364
446	2562	5	March	2023	596
447	2691	4	May	2020	217
448	662	4	January	2020	448
449	5179	5	October	2023	920
450	3982	5	April	2023	998
451	5063	2	July	2022	898
452	4794	3	September	2022	964
453	2257	1	March	2021	494
454	1680	2	August	2021	663
455	3131	5	June	2023	623
456	1836	5	November	2022	120
457	3178	2	June	2021	142
458	4421	5	October	2023	912
459	3992	5	May	2021	114
460	894	5	February	2023	358
461	3839	3	October	2020	854
462	744	2	September	2021	137
463	404	1	May	2023	550
464	2466	5	December	2022	512
465	29	4	June	2022	813
466	1240	2	May	2022	570
467	1033	1	May	2020	451
468	157	1	February	2020	749
469	79	5	November	2023	786
470	1023	3	January	2022	427
471	2209	2	January	2021	825
472	157	5	July	2023	132
473	3541	3	June	2022	249
474	3386	5	May	2023	920
475	140	1	April	2021	545
476	334	5	January	2023	894
477	4245	4	November	2023	813
478	4537	5	February	2021	785
479	2134	2	February	2020	268
480	2788	1	August	2021	508
481	1333	3	May	2022	359
482	2413	1	November	2020	276
483	4395	1	January	2022	704
484	2213	3	March	2021	761
485	3572	4	November	2023	144
486	2966	4	December	2021	172
487	4239	5	October	2020	916
488	2323	3	October	2023	294
489	4489	2	December	2022	765
490	1128	3	August	2021	382
491	281	1	July	2023	194
492	1530	2	January	2021	771
493	5232	3	September	2023	826
494	1783	3	December	2023	293
495	3742	1	April	2021	926
496	2273	3	March	2021	138
497	1917	1	April	2020	183
498	3678	2	July	2022	156
499	1295	4	August	2023	656
500	1270	5	April	2023	122
501	3218	2	July	2020	648
502	4311	4	February	2021	176
503	355	4	November	2022	493
504	4765	3	July	2023	295
505	34	4	February	2022	824
506	4659	3	November	2023	259
507	2960	3	May	2022	167
508	480	4	November	2023	262
509	1457	3	June	2021	337
510	1285	5	April	2020	230
511	3609	4	December	2020	261
512	4315	4	April	2021	610
513	3565	1	March	2023	114
514	483	5	October	2022	701
515	1560	1	June	2021	935
516	4241	2	September	2020	662
517	960	1	May	2020	652
518	1659	5	July	2023	891
519	3216	3	May	2023	293
520	1446	1	October	2023	348
521	2318	3	September	2021	664
522	1005	5	May	2023	966
523	1376	4	July	2020	565
524	4548	2	November	2020	530
525	2298	2	December	2022	437
526	4347	1	April	2023	813
527	4385	2	September	2023	213
528	305	4	October	2022	382
529	4008	3	September	2021	354
530	1761	4	August	2020	659
531	2750	3	September	2022	529
532	1490	2	October	2023	175
533	4555	4	July	2023	558
534	4613	5	June	2022	513
535	3940	4	June	2022	163
536	2149	4	February	2023	282
537	4050	3	January	2020	168
538	395	2	April	2023	202
539	4813	1	May	2021	504
540	2648	1	July	2023	739
541	5081	3	May	2023	808
542	704	4	February	2021	181
543	4048	2	June	2023	526
544	5097	1	June	2021	700
545	512	4	February	2020	884
546	1926	1	October	2020	498
547	181	3	August	2021	219
548	73	5	April	2020	238
549	874	3	November	2021	894
550	4441	5	February	2020	645
551	1693	4	October	2023	580
552	2871	2	November	2022	338
553	4709	1	May	2022	700
554	4683	1	February	2023	465
555	2037	4	September	2021	174
556	1460	5	November	2021	126
557	3571	2	April	2020	958
558	4567	5	February	2021	672
559	2215	1	May	2020	150
560	2318	1	September	2022	655
561	4977	4	May	2021	589
562	537	2	November	2020	403
563	2895	2	February	2022	299
564	1341	2	June	2020	343
565	1714	2	October	2020	199
566	5150	2	January	2020	662
567	3618	5	March	2021	677
568	2663	4	May	2023	766
569	466	1	September	2021	622
570	3359	5	December	2021	374
571	3917	2	June	2020	380
572	397	2	August	2023	868
573	5147	2	March	2022	518
574	4070	4	July	2021	220
575	2710	3	February	2022	399
576	3760	4	December	2021	313
577	2759	2	June	2020	607
578	912	2	July	2021	254
579	1509	5	January	2022	395
580	536	2	September	2022	105
581	913	3	July	2023	415
582	2732	5	December	2022	763
583	4765	5	January	2022	377
584	4866	4	February	2023	664
585	3633	5	May	2022	813
586	2095	1	November	2022	963
587	846	1	February	2020	516
588	2488	1	October	2023	606
589	466	5	October	2020	706
590	173	3	August	2020	716
591	2548	5	November	2020	765
592	674	1	May	2021	875
593	2223	2	August	2021	262
594	25	3	July	2020	504
595	1926	2	December	2021	803
596	4910	5	September	2020	856
597	413	5	September	2022	496
598	4000	2	December	2022	573
599	2224	3	May	2021	792
600	3251	2	July	2023	878
601	4397	1	September	2022	767
602	1424	2	July	2023	675
603	3754	2	October	2020	881
604	4466	4	July	2022	907
605	5251	4	July	2022	520
606	4255	2	February	2023	221
607	826	1	August	2021	668
608	2821	5	June	2022	746
609	2447	3	June	2022	318
610	623	4	June	2022	828
611	5477	4	March	2021	612
612	4872	5	January	2023	481
613	4651	4	February	2023	728
614	2674	2	September	2021	364
615	5000	3	February	2023	192
616	4865	2	January	2023	232
617	4837	4	February	2023	131
618	1900	4	January	2023	190
619	1607	1	May	2020	124
620	1853	2	July	2021	380
621	4507	2	December	2023	359
622	840	2	October	2021	807
623	5261	5	January	2023	888
624	3118	1	April	2023	154
625	1823	5	July	2021	771
626	1457	4	September	2023	229
627	2719	2	October	2020	349
628	1537	5	September	2020	791
629	4947	2	December	2021	857
630	5169	1	May	2023	573
631	4073	4	December	2020	235
632	763	5	July	2020	887
633	1448	3	January	2020	901
634	337	4	December	2022	697
635	3218	3	June	2022	431
636	2194	1	July	2023	871
637	5413	2	November	2021	106
638	1777	2	September	2020	893
639	1387	4	September	2023	648
640	4182	2	January	2020	202
641	4181	5	February	2021	498
642	2888	5	July	2023	516
643	3259	2	February	2023	479
644	2908	3	December	2020	154
645	5270	4	June	2020	949
646	4002	4	April	2023	978
647	51	3	November	2022	295
648	2841	4	January	2023	424
649	111	3	December	2021	945
650	2717	2	September	2021	759
651	2554	2	July	2020	899
652	5195	5	August	2021	483
653	1005	5	November	2021	364
654	538	5	February	2021	324
655	866	2	April	2020	975
656	4189	1	May	2020	956
657	2767	1	September	2022	112
658	2838	2	July	2020	894
659	3901	1	December	2020	149
660	714	1	September	2023	751
661	4187	3	June	2023	526
662	5202	1	August	2020	780
663	1829	2	May	2023	334
664	1097	5	March	2023	309
665	4259	3	November	2020	704
666	4092	4	July	2020	273
667	1366	5	August	2020	180
668	247	5	May	2020	964
669	724	1	November	2020	197
670	228	3	February	2020	282
671	899	5	May	2022	978
672	2979	1	April	2020	462
673	1500	1	June	2023	429
674	1680	2	April	2023	226
675	1579	1	July	2020	185
676	4784	3	May	2020	786
677	849	5	March	2022	580
678	4114	1	February	2021	220
679	2530	4	April	2021	521
680	3713	3	January	2022	359
681	2008	5	August	2023	113
682	1699	1	April	2023	731
683	2857	1	March	2021	132
684	2645	3	April	2022	409
685	627	5	January	2020	149
686	3291	1	May	2020	190
687	664	2	June	2022	132
688	3938	4	December	2022	288
689	915	5	December	2021	502
690	2611	5	August	2023	753
691	500	2	August	2020	790
692	2792	4	September	2023	346
693	1722	2	June	2022	644
694	4551	4	December	2023	982
695	1980	1	February	2022	798
696	4969	4	July	2022	101
697	4078	4	July	2020	202
698	252	4	October	2022	101
699	4987	2	June	2021	963
700	4858	4	December	2021	370
701	722	3	July	2023	995
702	3532	4	October	2023	613
703	2252	3	February	2021	362
704	1906	5	September	2022	109
705	50	1	May	2022	685
706	798	2	December	2022	212
707	3050	3	September	2020	199
708	1709	5	March	2020	779
709	1690	2	May	2023	294
710	3177	3	January	2023	328
711	2369	3	July	2021	496
712	3273	1	September	2023	680
713	1178	2	August	2022	738
714	4724	2	October	2022	375
715	5065	5	November	2022	615
716	4219	4	September	2022	256
717	2296	3	April	2021	950
718	1031	5	November	2020	751
719	3701	5	February	2020	517
720	994	3	October	2021	968
721	5286	4	December	2022	362
722	372	5	February	2020	927
723	1281	1	August	2021	380
724	5075	3	July	2020	817
725	5436	2	January	2022	867
726	2571	5	November	2021	957
727	833	1	May	2020	684
728	3485	2	November	2021	338
729	1245	2	December	2021	992
730	401	4	October	2022	776
731	550	2	September	2022	392
732	1419	4	January	2021	600
733	1347	5	April	2021	305
734	3704	1	January	2023	634
735	2454	3	March	2020	444
736	4721	3	April	2020	530
737	228	3	July	2023	696
738	1463	1	November	2023	232
739	4709	5	October	2021	797
740	762	5	October	2020	454
741	5201	4	November	2021	700
742	642	1	November	2020	993
743	4736	4	April	2022	861
744	1806	3	October	2022	421
745	1189	5	April	2022	409
746	1116	1	November	2020	828
747	4660	4	January	2021	180
748	5165	3	September	2020	609
749	1694	1	September	2020	139
750	5485	1	February	2021	834
751	2400	1	March	2020	689
752	4893	2	April	2020	458
753	4561	1	November	2020	599
754	3666	3	September	2023	759
755	3669	2	May	2023	630
756	2199	1	September	2021	348
757	1940	1	January	2022	371
758	4646	5	November	2023	311
759	1109	4	April	2023	337
760	1307	1	September	2020	664
761	1693	5	November	2020	461
762	4849	3	June	2021	619
763	2693	2	June	2020	991
764	2582	2	July	2021	831
765	959	3	August	2020	696
766	2680	3	December	2022	533
767	1280	3	March	2021	680
768	4413	5	October	2020	959
769	2806	4	May	2020	610
770	4266	1	July	2020	833
771	2509	5	December	2022	729
772	5176	5	September	2020	596
773	5176	4	May	2022	928
774	3461	5	September	2020	627
775	5420	5	February	2023	919
776	1942	2	October	2022	940
777	3591	3	May	2021	811
778	4590	1	September	2021	752
779	2867	5	April	2020	331
780	5229	1	December	2021	489
781	836	5	October	2020	207
782	567	1	May	2022	125
783	608	5	December	2021	365
784	1808	1	May	2020	701
785	1859	1	July	2022	204
786	2366	1	August	2021	859
787	223	3	November	2020	634
788	3237	1	November	2021	845
789	1868	3	September	2021	705
790	5147	4	October	2023	319
791	4976	3	November	2020	406
792	1174	2	November	2021	670
793	4366	4	July	2021	368
794	4369	4	August	2022	230
795	1317	4	October	2022	510
796	4852	2	December	2021	710
797	898	2	December	2021	272
798	4867	4	June	2020	518
799	4085	4	February	2020	298
800	2453	1	September	2023	867
801	4577	2	July	2023	955
802	1094	2	July	2022	756
803	2226	2	August	2021	721
804	1828	3	August	2020	254
805	1904	3	May	2023	922
806	3648	3	December	2020	166
807	2082	4	May	2020	130
808	4485	4	November	2023	357
809	1923	2	November	2023	255
810	5219	5	September	2022	165
811	856	3	July	2022	463
812	5284	5	September	2020	104
813	816	5	May	2020	197
814	4997	4	December	2021	666
815	3515	4	January	2021	728
816	1003	1	May	2021	242
817	620	3	July	2020	535
818	5002	1	January	2023	610
819	4944	2	April	2020	999
820	3967	1	May	2023	744
821	1089	1	May	2021	647
822	4332	2	November	2020	248
823	3772	2	January	2021	175
824	1308	2	July	2021	767
825	4823	1	October	2023	107
826	5426	5	August	2020	902
827	1888	1	September	2020	884
828	4446	5	October	2022	207
829	125	4	May	2021	102
830	2156	4	April	2022	344
831	4592	2	March	2020	269
832	3234	2	December	2021	363
833	3676	3	September	2021	759
834	1198	3	May	2023	975
835	1770	5	August	2023	380
836	3947	3	February	2022	327
837	5217	3	February	2022	459
838	4822	2	February	2021	796
839	1244	5	March	2021	840
840	4591	4	January	2020	469
841	3994	2	August	2023	974
842	399	4	January	2020	525
843	1597	3	January	2023	433
844	574	3	October	2022	401
845	325	4	February	2023	910
846	4836	3	January	2022	934
847	2160	5	October	2023	534
848	1916	3	September	2022	246
849	705	2	May	2020	239
850	5401	1	November	2021	245
851	2902	4	June	2020	261
852	5355	3	May	2023	611
853	4482	3	March	2022	878
854	1750	4	August	2023	709
855	5087	4	December	2021	487
856	3694	1	March	2023	137
857	1308	3	December	2020	814
858	1241	2	January	2021	716
859	2890	1	May	2021	323
860	4270	4	August	2023	140
861	3934	3	February	2020	913
862	2928	3	November	2021	335
863	4330	3	February	2020	489
864	2859	3	March	2022	611
865	4920	2	November	2022	635
866	1909	3	January	2023	570
867	3599	5	December	2023	708
868	4	2	June	2022	630
869	5231	1	June	2022	352
870	5109	1	January	2021	353
871	556	3	July	2021	476
872	5295	1	May	2022	377
873	1878	2	February	2022	595
874	3313	4	July	2021	523
875	5009	2	March	2021	373
876	1122	2	October	2021	872
877	4786	1	June	2022	254
878	1201	1	July	2023	149
879	3960	2	August	2020	378
880	2876	4	March	2021	827
881	3795	5	February	2023	654
882	5036	1	October	2020	881
883	1312	5	October	2020	952
884	2047	1	November	2020	740
885	5329	4	October	2020	211
886	1149	1	October	2020	511
887	2367	2	June	2020	363
888	2132	5	July	2020	950
889	5303	4	March	2021	980
890	2901	2	September	2020	347
891	3992	3	August	2022	603
892	2880	4	August	2023	427
893	2169	2	May	2023	102
894	256	2	April	2021	266
895	5084	1	April	2020	787
896	2401	2	February	2021	536
897	1479	3	January	2022	293
898	2917	2	July	2022	253
899	1532	5	October	2021	187
900	4099	4	August	2023	636
901	3175	3	April	2022	238
902	527	2	November	2021	624
903	886	4	March	2021	396
904	950	1	February	2020	545
905	311	4	December	2020	432
906	4623	5	January	2020	566
907	3933	2	August	2020	118
908	758	4	April	2022	797
909	4088	1	November	2020	874
910	1748	2	July	2023	594
911	2087	1	February	2023	720
912	3483	1	January	2020	179
913	3456	5	November	2023	675
914	2747	2	May	2022	491
915	2135	5	October	2020	463
916	4616	2	August	2021	321
917	749	5	April	2021	866
918	1851	1	June	2022	460
919	1248	3	September	2022	470
920	1584	5	April	2021	987
921	4328	3	August	2020	851
922	369	3	March	2022	875
923	246	2	May	2021	254
924	68	4	September	2023	447
925	2790	5	March	2020	509
926	2873	1	April	2023	672
927	4777	4	June	2022	353
928	2512	3	May	2022	214
929	2052	1	September	2020	403
930	2092	5	September	2020	196
931	5373	5	October	2021	885
932	4058	2	December	2023	302
933	4280	1	December	2020	738
934	2762	5	March	2022	783
935	98	1	July	2022	166
936	3405	4	May	2023	994
937	4728	1	July	2020	177
938	4765	1	January	2021	311
939	5091	4	May	2023	274
940	1963	5	April	2021	434
941	1222	3	October	2022	572
942	4621	1	November	2020	202
943	1498	3	March	2020	279
944	3131	2	December	2023	266
945	2680	1	November	2023	498
946	1902	3	October	2023	378
947	4240	4	July	2021	790
948	613	4	April	2023	537
949	1722	4	January	2021	183
950	1970	5	October	2023	519
951	3562	3	November	2022	534
952	5177	5	June	2023	552
953	1146	2	June	2022	946
954	4306	3	March	2022	458
955	3364	4	July	2023	132
956	280	1	October	2022	173
957	430	5	March	2023	867
958	4755	3	April	2020	969
959	2256	1	November	2020	196
960	5424	2	January	2022	982
961	81	3	June	2021	543
962	386	5	September	2023	860
963	2328	2	June	2022	314
964	2450	4	July	2022	770
965	2973	1	April	2022	765
966	5484	2	January	2021	787
967	1680	1	July	2021	394
968	3870	1	July	2022	225
969	3113	5	March	2020	653
970	2370	2	September	2023	349
971	3390	4	May	2022	275
972	3850	5	January	2020	987
973	4077	4	June	2021	491
974	2963	1	August	2023	698
975	3043	4	March	2020	980
976	3922	2	December	2023	116
977	1704	3	June	2023	341
978	5492	2	June	2020	751
979	2333	4	May	2021	539
980	3521	4	December	2021	314
981	4582	1	August	2021	485
982	1445	3	May	2022	494
983	4708	2	April	2021	205
984	3476	5	January	2020	170
985	3186	3	October	2020	640
986	4875	1	February	2023	716
987	2428	1	March	2023	182
988	5216	4	November	2020	583
989	1770	1	March	2022	805
990	1958	5	October	2020	619
991	3680	1	August	2022	679
992	3143	1	December	2022	865
993	4523	3	October	2021	721
994	4646	3	October	2020	229
995	3686	1	September	2022	977
996	4336	3	November	2022	478
997	3686	3	September	2020	448
998	3846	3	February	2022	416
999	2243	4	January	2022	583
1000	1810	3	December	2021	831
1001	1553	4	December	2021	539
1002	5217	5	October	2021	316
1003	1122	1	August	2023	949
1004	764	3	June	2022	503
1005	556	2	July	2020	412
1006	2075	5	March	2020	651
1007	4056	3	July	2023	760
1008	5442	3	November	2020	983
1009	1628	4	August	2023	723
1010	2379	3	November	2020	324
1011	332	3	October	2023	416
1012	747	4	April	2021	386
1013	591	1	February	2020	233
1014	4575	2	June	2022	555
1015	1069	1	January	2020	662
1016	4871	2	February	2022	935
1017	423	1	December	2022	907
1018	5208	5	June	2023	755
1019	1698	1	February	2022	176
1020	445	4	October	2022	102
1021	3720	3	May	2020	427
1022	4454	2	November	2022	630
1023	5234	3	June	2021	464
1024	1960	2	December	2020	365
1025	3866	4	November	2021	720
1026	1307	1	August	2023	833
1027	2048	5	August	2022	391
1028	3318	3	May	2020	168
1029	2499	2	December	2023	530
1030	1380	4	December	2022	897
1031	259	3	August	2023	535
1032	444	1	May	2020	755
1033	4529	2	October	2021	930
1034	553	1	June	2022	234
1035	4324	3	June	2022	266
1036	4960	1	April	2022	365
1037	3131	4	April	2022	784
1038	609	4	December	2021	443
1039	695	5	May	2023	547
1040	5420	2	April	2023	946
1041	4460	2	March	2020	616
1042	950	3	June	2021	925
1043	2411	1	October	2021	775
1044	5098	1	December	2022	188
1045	4070	5	September	2020	740
1046	757	2	September	2020	374
1047	691	2	July	2023	331
1048	426	3	October	2020	286
1049	926	2	October	2022	587
1050	1867	5	March	2023	408
1051	184	3	April	2020	377
1052	4755	2	September	2020	653
1053	3499	3	November	2022	301
1054	4154	4	January	2022	163
1055	5032	3	May	2023	235
1056	1909	5	August	2020	523
1057	2868	3	April	2023	244
1058	5349	3	September	2022	288
1059	3020	2	February	2021	160
1060	1579	4	October	2020	402
1061	2787	3	September	2020	348
1062	3251	1	December	2023	751
1063	4519	3	January	2020	989
1064	2953	2	November	2020	699
1065	4249	3	August	2023	744
1066	2214	4	March	2021	752
1067	4327	4	November	2022	245
1068	3210	3	October	2020	783
1069	2349	1	July	2020	498
1070	4167	4	December	2023	217
1071	750	3	December	2021	561
1072	64	3	February	2020	231
1073	4230	5	August	2022	494
1074	4902	1	August	2023	261
1075	1745	5	March	2022	156
1076	309	4	November	2022	572
1077	3201	5	September	2023	940
1078	3188	5	June	2022	322
1079	2937	4	August	2022	278
1080	2457	4	November	2021	968
1081	1670	2	December	2022	163
1082	5066	1	September	2022	480
1083	890	3	December	2023	249
1084	5369	2	December	2020	778
1085	1002	2	September	2022	319
1086	2962	5	September	2021	185
1087	4694	2	November	2023	140
1088	2110	2	January	2022	641
1089	2724	5	February	2021	663
1090	4582	3	July	2021	221
1091	5010	5	February	2021	747
1092	2392	4	July	2021	843
1093	1172	2	December	2020	553
1094	5177	1	August	2023	144
1095	1169	4	December	2023	646
1096	3453	1	August	2023	858
1097	3815	4	February	2023	618
1098	4972	5	December	2023	360
1099	970	5	February	2023	993
1100	2643	4	May	2021	864
1101	4413	2	November	2022	441
1102	4834	4	March	2023	799
1103	191	1	July	2020	474
1104	2390	5	October	2022	576
1105	4913	1	December	2020	199
1106	2339	1	November	2021	919
1107	1457	1	December	2021	790
1108	4130	1	May	2023	139
1109	4681	2	May	2021	577
1110	1079	4	January	2023	850
1111	3372	5	March	2020	398
1112	4009	1	December	2021	202
1113	2809	1	March	2020	711
1114	1759	3	October	2021	136
1115	462	4	September	2020	626
1116	838	3	June	2023	884
1117	438	2	August	2023	975
1118	1993	1	August	2023	364
1119	2928	5	October	2023	446
1120	2035	4	September	2020	461
1121	4514	3	December	2022	281
1122	3732	2	October	2021	138
1123	4840	1	August	2020	542
1124	1065	3	December	2022	672
1125	1060	3	December	2022	674
1126	2771	5	January	2020	733
1127	2642	2	August	2021	612
1128	165	5	April	2023	239
1129	3123	5	November	2023	824
1130	745	4	August	2023	212
1131	1294	2	January	2021	886
1132	3200	1	December	2022	354
1133	2400	2	April	2023	134
1134	157	1	December	2023	391
1135	2206	1	January	2023	874
1136	839	4	January	2021	605
1137	1966	2	May	2023	827
1138	4302	3	November	2020	144
1139	4136	2	December	2023	292
1140	3161	3	August	2020	890
1141	5197	5	March	2023	541
1142	2518	1	August	2022	868
1143	4850	1	April	2021	910
1144	4111	4	January	2021	585
1145	2109	4	June	2020	986
1146	4820	1	November	2021	599
1147	1326	1	January	2020	166
1148	1343	3	March	2020	206
1149	1688	5	February	2021	356
1150	4909	1	October	2023	737
1151	2851	1	October	2021	768
1152	1335	1	June	2021	914
1153	3558	3	March	2022	638
1154	3473	3	January	2020	799
1155	5246	3	August	2022	422
1156	2093	5	February	2023	392
1157	1282	5	April	2023	107
1158	1079	5	September	2023	912
1159	1165	1	November	2020	975
1160	3116	3	November	2022	830
1161	829	5	November	2023	207
1162	345	2	October	2021	806
1163	2536	3	July	2021	669
1164	4800	3	February	2022	331
1165	2591	4	October	2021	426
1166	2896	2	April	2020	619
1167	3131	1	May	2023	150
1168	3124	4	October	2021	561
1169	3951	3	June	2023	934
1170	2564	1	July	2020	584
1171	293	4	January	2023	423
1172	3788	1	March	2023	606
1173	2163	3	January	2020	663
1174	2983	3	November	2021	448
1175	5146	4	March	2020	881
1176	3506	3	February	2022	481
1177	227	4	June	2022	144
1178	2655	5	August	2022	820
1179	213	3	September	2023	703
1180	4937	5	June	2023	580
1181	824	2	April	2021	811
1182	3341	2	May	2020	798
1183	2940	1	July	2021	371
1184	1402	5	December	2023	782
1185	249	5	November	2021	834
1186	2996	2	November	2022	585
1187	3827	2	December	2020	996
1188	119	1	January	2022	809
1189	5056	4	May	2020	278
1190	2807	4	October	2020	179
1191	2011	5	October	2023	332
1192	1659	5	October	2021	866
1193	5363	3	October	2020	784
1194	1970	4	June	2020	635
1195	3322	1	January	2023	858
1196	599	3	March	2022	276
1197	2373	5	October	2020	182
1198	4959	2	October	2021	481
1199	5143	2	October	2022	507
1200	4911	3	August	2020	154
1201	4804	5	August	2021	685
1202	3761	3	September	2023	220
1203	3815	1	November	2022	493
1204	4681	1	July	2021	353
1205	2496	5	August	2023	875
1206	3757	4	September	2022	314
1207	3011	1	January	2021	359
1208	1559	5	May	2021	560
1209	4897	1	September	2021	561
1210	4818	5	May	2022	416
1211	3634	1	September	2021	999
1212	1433	1	March	2020	215
1213	2389	5	May	2020	703
1214	797	1	December	2023	522
1215	1205	1	October	2022	866
1216	1118	1	November	2022	263
1217	4411	1	June	2020	447
1218	5470	2	April	2020	443
1219	2088	4	July	2022	968
1220	3319	4	July	2023	214
1221	1539	2	September	2022	945
1222	4319	4	September	2022	232
1223	1354	3	April	2022	870
1224	2151	5	August	2023	518
1225	75	4	December	2021	201
1226	2351	3	November	2021	522
1227	929	3	November	2021	268
1228	4188	2	February	2022	192
1229	3377	2	August	2023	151
1230	5265	2	December	2023	722
1231	4905	4	April	2021	684
1232	4299	1	June	2020	105
1233	1799	4	March	2021	265
1234	1088	4	May	2021	297
1235	4240	1	March	2020	827
1236	2013	4	July	2020	244
1237	2296	4	August	2023	776
1238	268	5	September	2020	756
1239	4809	1	March	2021	794
1240	98	2	April	2020	292
1241	2853	5	June	2023	858
1242	5097	4	April	2021	623
1243	1861	1	October	2021	838
1244	504	3	August	2022	612
1245	2840	2	June	2020	453
1246	2481	2	August	2021	177
1247	2699	5	February	2020	237
1248	5448	2	January	2022	940
1249	3081	4	February	2023	184
1250	4951	3	July	2021	611
1251	3799	3	January	2023	919
1252	1009	2	November	2022	161
1253	767	3	September	2021	765
1254	3047	5	June	2020	968
1255	4701	4	July	2022	586
1256	2824	1	February	2021	860
1257	5493	2	June	2022	227
1258	1907	2	May	2021	564
1259	3618	1	October	2021	272
1260	614	4	February	2020	873
1261	1	1	March	2020	109
1262	1999	3	October	2022	968
1263	5126	2	November	2022	315
1264	2586	2	September	2022	465
1265	5411	3	October	2020	430
1266	4854	2	August	2023	221
1267	5138	2	February	2021	713
1268	3181	5	August	2023	760
1269	287	1	May	2022	524
1270	117	2	August	2021	289
1271	5124	2	December	2020	917
1272	215	4	February	2020	530
1273	234	1	May	2022	405
1274	968	2	July	2022	430
1275	1333	3	May	2020	527
1276	3542	5	February	2022	374
1277	1811	5	August	2020	638
1278	4126	2	June	2020	221
1279	1913	4	June	2023	883
1280	2737	2	November	2022	682
1281	5345	3	May	2023	136
1282	5376	4	March	2020	135
1283	2478	2	August	2021	448
1284	4803	4	July	2021	874
1285	228	1	January	2023	293
1286	4331	1	September	2020	830
1287	109	5	October	2020	141
1288	2498	3	March	2020	244
1289	611	5	May	2020	714
1290	443	2	September	2020	904
1291	5284	3	September	2022	517
1292	94	5	January	2022	803
1293	777	4	October	2022	966
1294	1005	4	December	2020	268
1295	3011	2	November	2021	343
1296	753	5	April	2020	989
1297	4881	4	May	2022	597
1298	835	1	October	2021	370
1299	829	3	May	2023	605
1300	358	1	November	2022	274
1301	4044	4	December	2023	230
1302	2671	1	October	2021	437
1303	4355	1	February	2023	297
1304	4833	5	October	2021	495
1305	2404	5	February	2022	965
1306	5263	4	March	2022	188
1307	1327	3	July	2023	340
1308	905	4	January	2021	743
1309	1487	5	September	2023	633
1310	4035	4	June	2022	544
1311	1663	3	January	2020	371
1312	264	5	August	2021	811
1313	1024	2	January	2020	313
1314	1259	4	March	2020	727
1315	1378	2	November	2023	460
1316	3089	5	July	2021	680
1317	332	3	January	2022	857
1318	941	1	October	2022	284
1319	1221	5	September	2021	281
1320	324	4	December	2021	677
1321	1528	3	March	2022	696
1322	1686	3	September	2023	195
1323	5216	1	February	2022	902
1324	1755	1	July	2020	358
1325	5249	1	December	2021	188
1326	5001	4	December	2020	815
1327	1519	2	October	2023	799
1328	299	1	September	2021	946
1329	4376	4	December	2021	955
1330	93	5	August	2020	191
1331	3139	1	October	2020	530
1332	3009	2	August	2023	340
1333	712	4	November	2023	720
1334	4482	3	October	2023	329
1335	3918	3	June	2022	187
1336	1798	5	July	2023	771
1337	4970	3	January	2021	369
1338	3282	1	March	2022	263
1339	4845	5	February	2021	399
1340	5142	3	May	2021	508
1341	2586	3	July	2023	517
1342	4196	2	July	2022	380
1343	1094	5	August	2022	752
1344	1585	1	February	2021	145
1345	307	1	February	2022	360
1346	284	2	May	2020	479
1347	1041	5	October	2021	913
1348	32	4	January	2023	929
1349	3686	5	June	2020	644
1350	807	1	January	2021	321
1351	2418	5	June	2021	537
1352	6	5	March	2020	979
1353	143	4	December	2022	526
1354	5109	2	December	2021	429
1355	5345	1	February	2021	500
1356	4189	5	August	2021	389
1357	2081	3	June	2021	360
1358	4856	4	February	2023	720
1359	3107	5	June	2020	402
1360	1253	2	May	2022	716
1361	1557	4	March	2021	152
1362	3596	1	September	2022	723
1363	2285	1	October	2022	207
1364	1453	4	November	2023	406
1365	5366	4	March	2021	960
1366	4798	3	December	2023	658
1367	2110	5	October	2022	338
1368	4696	2	March	2022	398
1369	2440	2	August	2021	386
1370	4011	1	August	2022	389
1371	4445	1	March	2023	951
1372	3640	5	March	2023	565
1373	2204	3	November	2023	705
1374	3726	1	December	2022	691
1375	3329	3	February	2021	250
1376	2331	2	September	2021	638
1377	855	2	January	2022	153
1378	1559	1	May	2021	852
1379	469	3	November	2023	389
1380	4940	4	January	2021	631
1381	1047	4	February	2022	326
1382	391	3	August	2023	897
1383	3429	5	July	2021	241
1384	905	3	December	2023	597
1385	4657	2	August	2022	266
1386	3535	4	March	2021	508
1387	3252	2	November	2020	258
1388	4078	4	November	2023	405
1389	97	5	May	2022	656
1390	4013	1	May	2022	775
1391	564	2	October	2023	596
1392	3215	2	August	2022	444
1393	4506	4	July	2022	963
1394	1838	2	May	2022	459
1395	3093	4	December	2022	112
1396	5057	3	October	2022	183
1397	2897	5	August	2021	374
1398	2206	2	December	2021	883
1399	3037	1	August	2022	636
1400	3468	3	August	2023	381
1401	1535	1	September	2020	761
1402	336	2	April	2022	200
1403	854	1	August	2020	923
1404	4804	2	March	2022	543
1405	2724	4	October	2021	673
1406	3536	1	May	2022	396
1407	5363	2	December	2023	849
1408	4297	2	December	2022	550
1409	4044	4	November	2022	290
1410	2442	2	August	2021	384
1411	3087	4	May	2022	122
1412	444	5	November	2023	774
1413	3297	3	April	2021	936
1414	1464	5	November	2022	255
1415	4249	4	August	2021	275
1416	5105	1	July	2023	848
1417	1274	3	February	2021	288
1418	347	2	January	2022	869
1419	1292	5	March	2021	270
1420	111	1	October	2021	189
1421	1908	2	November	2020	158
1422	5378	2	May	2023	782
1423	2277	4	August	2023	349
1424	2925	5	February	2023	495
1425	3346	2	August	2021	759
1426	1368	2	January	2021	789
1427	4994	2	October	2020	457
1428	3124	5	October	2020	531
1429	1969	3	August	2022	728
1430	2192	2	November	2021	359
1431	1962	2	February	2022	679
1432	1514	5	January	2023	117
1433	534	3	September	2022	649
1434	4401	3	November	2021	962
1435	3342	5	July	2020	645
1436	2193	4	May	2020	906
1437	5144	3	February	2023	823
1438	747	5	March	2020	660
1439	23	2	February	2023	687
1440	530	2	October	2023	799
1441	3856	3	September	2020	431
1442	3139	1	June	2023	129
1443	1912	5	May	2021	851
1444	4151	1	November	2023	874
1445	5226	4	March	2020	407
1446	1278	4	January	2021	525
1447	288	1	July	2020	926
1448	423	5	April	2023	880
1449	4406	5	December	2023	820
1450	2795	3	June	2020	867
1451	2698	5	May	2020	816
1452	3466	5	November	2023	879
1453	2099	4	October	2021	526
1454	4092	2	August	2023	799
1455	3962	1	July	2023	656
1456	5379	2	February	2020	931
1457	5076	4	August	2021	584
1458	2258	1	March	2020	886
1459	231	3	March	2021	930
1460	770	2	January	2022	424
1461	2775	2	September	2023	405
1462	3880	3	July	2021	550
1463	2413	3	November	2021	974
1464	556	4	January	2021	939
1465	5006	5	November	2022	219
1466	2040	3	January	2022	988
1467	525	1	July	2022	610
1468	2828	2	August	2021	193
1469	811	4	November	2022	261
1470	3187	2	March	2020	322
1471	2218	3	November	2020	309
1472	2694	5	July	2020	394
1473	3396	1	February	2023	333
1474	3898	2	August	2021	631
1475	4678	4	December	2020	794
1476	82	4	July	2023	509
1477	3338	5	April	2023	930
1478	2596	5	September	2020	580
1479	54	4	September	2023	859
1480	1771	5	April	2020	370
1481	5199	5	November	2022	719
1482	1956	1	July	2020	317
1483	1545	1	September	2022	157
1484	661	2	May	2020	640
1485	4380	3	July	2020	139
1486	4687	5	December	2020	117
1487	1518	4	November	2020	605
1488	3372	1	June	2023	620
1489	5377	3	July	2023	539
1490	2913	2	December	2021	968
1491	1929	4	July	2023	490
1492	2170	2	November	2023	692
1493	5175	5	December	2023	486
1494	3679	5	April	2023	246
1495	2028	3	April	2021	910
1496	4257	4	October	2023	144
1497	657	3	June	2022	330
1498	300	1	October	2021	825
1499	236	5	September	2020	310
1500	1853	1	August	2023	615
1501	737	2	August	2022	626
1502	3593	3	October	2023	181
1503	2966	5	March	2022	849
1504	4937	2	October	2021	608
1505	615	1	January	2023	888
1506	4146	5	March	2021	251
1507	1282	1	May	2020	864
1508	2395	1	November	2021	484
1509	1539	2	May	2021	278
1510	4077	1	August	2021	471
1511	1146	2	October	2023	719
1512	2138	2	September	2022	344
1513	4693	3	February	2023	934
1514	4618	2	March	2022	693
1515	427	4	March	2022	221
1516	1394	5	March	2021	748
1517	3481	4	September	2023	346
1518	5054	3	December	2021	166
1519	2643	5	June	2022	349
1520	7	4	January	2022	277
1521	1680	2	April	2023	885
1522	5155	1	February	2023	766
1523	3722	1	June	2023	484
1524	5456	4	November	2021	338
1525	907	5	August	2021	398
1526	2286	2	March	2021	943
1527	1434	4	April	2023	911
1528	5454	5	March	2023	178
1529	2071	1	March	2023	229
1530	3396	4	January	2023	362
1531	2759	5	November	2021	131
1532	4174	4	August	2023	152
1533	3560	1	December	2022	869
1534	3668	4	January	2020	582
1535	1822	1	November	2022	487
1536	4345	1	May	2021	495
1537	3549	5	February	2020	813
1538	3473	1	December	2023	430
1539	909	1	May	2020	366
1540	2510	3	November	2020	482
1541	1576	1	November	2022	960
1542	5166	4	September	2020	234
1543	156	5	November	2023	526
1544	3162	3	December	2020	439
1545	4519	1	May	2023	602
1546	3180	2	March	2021	886
1547	1018	2	November	2023	557
1548	2515	4	April	2021	666
1549	4262	5	November	2023	587
1550	4001	4	January	2022	615
1551	4481	4	March	2020	613
1552	418	5	October	2020	494
1553	5031	1	March	2022	480
1554	2537	4	March	2022	405
1555	1820	4	January	2022	215
1556	3184	3	July	2021	175
1557	831	2	September	2022	946
1558	2280	2	September	2023	278
1559	4621	2	August	2021	909
1560	5464	5	December	2020	478
1561	3337	4	March	2021	212
1562	5213	4	December	2021	602
1563	461	2	June	2022	914
1564	4621	4	August	2020	178
1565	4808	1	October	2023	876
1566	1318	5	May	2021	749
1567	5431	2	November	2020	580
1568	5271	4	January	2020	965
1569	5066	3	February	2023	510
1570	3988	2	January	2021	732
1571	4502	1	August	2021	709
1572	4480	3	December	2022	954
1573	816	3	December	2022	808
1574	2663	5	July	2020	601
1575	168	1	October	2021	182
1576	4486	2	January	2023	368
1577	510	4	January	2021	319
1578	2310	5	February	2021	901
1579	2732	2	October	2020	801
1580	315	4	February	2023	178
1581	3133	4	July	2021	943
1582	4446	3	January	2023	551
1583	3185	1	April	2021	357
1584	3751	5	April	2020	229
1585	3467	2	July	2023	348
1586	1540	2	December	2021	995
1587	5473	4	November	2023	966
1588	1193	3	September	2022	662
1589	759	1	December	2021	259
1590	1303	3	April	2023	740
1591	4831	2	January	2023	795
1592	1902	1	July	2021	434
1593	4716	2	February	2021	373
1594	3451	3	August	2021	412
1595	624	1	June	2023	942
1596	4977	2	January	2022	322
1597	4815	2	July	2020	449
1598	5093	3	June	2022	510
1599	3734	3	December	2023	772
1600	1184	1	November	2022	667
1601	1565	3	July	2023	498
1602	3963	5	February	2021	489
1603	1393	4	July	2021	162
1604	1306	4	April	2023	944
1605	3249	4	March	2021	772
1606	1313	2	June	2021	420
1607	1271	4	December	2020	114
1608	2764	2	February	2020	267
1609	192	3	March	2023	415
1610	2453	5	April	2021	823
1611	3903	2	July	2021	948
1612	2169	4	December	2022	482
1613	4507	4	October	2022	811
1614	4100	5	March	2020	591
1615	4029	1	March	2023	401
1616	5019	1	May	2020	640
1617	3820	1	October	2023	710
1618	1168	4	April	2021	473
1619	1838	5	August	2021	606
1620	5222	1	June	2021	441
1621	2780	5	February	2023	938
1622	1986	1	April	2023	562
1623	4023	1	August	2023	960
1624	1744	2	October	2022	286
1625	4762	3	August	2020	938
1626	1166	3	April	2020	235
1627	3555	2	November	2023	331
1628	309	4	September	2022	736
1629	338	5	March	2022	553
1630	4541	4	February	2020	123
1631	2494	1	March	2023	347
1632	342	3	April	2020	454
1633	5496	2	September	2020	176
1634	928	4	July	2023	157
1635	2965	3	August	2023	328
1636	1680	3	December	2020	726
1637	1471	3	July	2021	653
1638	3824	5	April	2020	414
1639	1907	3	December	2023	839
1640	2810	1	December	2022	445
1641	395	4	June	2023	400
1642	4577	4	September	2021	301
1643	526	5	January	2020	643
1644	4940	1	June	2020	158
1645	5258	3	April	2020	306
1646	771	4	April	2021	336
1647	586	2	May	2020	764
1648	53	4	February	2020	641
1649	1814	2	July	2020	856
1650	4395	5	February	2023	525
1651	2862	1	April	2022	635
1652	3702	5	October	2023	738
1653	300	4	March	2022	437
1654	2267	3	June	2022	575
1655	85	5	December	2022	571
1656	4843	1	June	2022	718
1657	2099	5	July	2021	391
1658	1590	3	July	2021	942
1659	1583	5	July	2023	957
1660	2129	3	May	2021	678
1661	5069	2	November	2021	768
1662	3335	5	August	2023	861
1663	3227	2	April	2020	657
1664	2859	3	March	2021	985
1665	2815	2	October	2022	778
1666	4654	1	July	2021	491
1667	2138	2	November	2022	200
1668	2095	4	August	2020	383
1669	3954	3	March	2021	852
1670	4599	1	January	2020	903
1671	2603	1	December	2021	702
1672	3820	2	June	2021	633
1673	477	4	October	2021	591
1674	3565	2	August	2021	651
1675	4750	2	January	2023	119
1676	5492	5	March	2020	142
1677	4947	3	June	2022	546
1678	5386	1	July	2023	274
1679	5345	3	August	2020	245
1680	1153	1	November	2020	520
1681	4611	2	November	2021	203
1682	581	2	April	2023	916
1683	4634	4	August	2021	677
1684	3163	5	November	2020	256
1685	2723	2	May	2022	620
1686	1767	4	March	2022	788
1687	4875	4	January	2023	147
1688	15	4	June	2023	416
1689	3783	3	March	2023	649
1690	1352	4	February	2023	421
1691	1375	1	March	2021	318
1692	3243	4	July	2023	619
1693	2835	4	November	2023	706
1694	267	4	October	2022	298
1695	1970	3	May	2023	838
1696	3176	3	June	2022	939
1697	655	1	July	2022	827
1698	1070	2	November	2023	367
1699	2949	3	May	2020	671
1700	3527	1	March	2020	500
1701	1033	3	December	2022	253
1702	2825	2	April	2020	359
1703	2865	1	May	2020	257
1704	1135	1	September	2023	376
1705	1260	1	August	2022	960
1706	1731	1	December	2021	356
1707	5162	4	June	2021	699
1708	3226	5	May	2022	772
1709	3219	5	July	2020	234
1710	2802	5	July	2021	776
1711	4044	4	May	2023	147
1712	931	1	July	2020	608
1713	2451	2	October	2020	401
1714	1120	5	October	2022	450
1715	145	2	August	2023	671
1716	4502	5	September	2022	371
1717	2002	2	August	2020	262
1718	1810	2	May	2023	857
1719	2216	4	April	2023	730
1720	5370	3	June	2020	153
1721	3462	5	May	2020	672
1722	4353	4	February	2020	300
1723	3142	4	September	2022	953
1724	493	5	July	2021	847
1725	2447	4	November	2022	161
1726	819	5	October	2023	261
1727	3085	2	June	2022	729
1728	11	4	June	2022	695
1729	5343	4	July	2020	414
1730	5094	5	November	2020	658
1731	1929	2	July	2021	362
1732	4712	4	May	2021	225
1733	1887	4	August	2023	624
1734	2955	2	July	2021	500
1735	4413	1	October	2023	683
1736	3714	4	October	2023	533
1737	2634	3	March	2021	379
1738	2135	2	April	2022	274
1739	4819	4	February	2021	119
1740	660	3	April	2022	535
1741	4931	1	December	2021	841
1742	396	3	January	2023	340
1743	2800	1	July	2020	343
1744	1095	2	February	2022	654
1745	2186	4	June	2023	180
1746	2385	2	February	2023	757
1747	3213	2	April	2020	454
1748	2282	1	June	2023	434
1749	4286	1	May	2023	355
1750	1644	4	December	2020	798
1751	784	1	January	2021	654
1752	2037	4	February	2023	242
1753	266	4	December	2021	191
1754	3390	2	December	2021	681
1755	4864	4	November	2020	374
1756	497	2	January	2020	116
1757	1305	4	April	2020	616
1758	3597	3	March	2021	252
1759	4919	2	March	2023	730
1760	833	5	June	2020	273
1761	1359	1	January	2020	596
1762	2182	5	October	2021	852
1763	4198	4	October	2022	874
1764	376	3	December	2023	235
1765	2685	3	June	2022	374
1766	4847	4	April	2020	523
1767	1187	3	December	2023	521
1768	1960	2	September	2021	552
1769	4248	4	September	2021	328
1770	2109	5	November	2020	484
1771	1952	3	May	2023	390
1772	2053	2	February	2021	586
1773	3642	3	March	2022	910
1774	4810	4	September	2023	198
1775	3324	4	February	2020	434
1776	631	3	November	2020	552
1777	5172	3	May	2022	894
1778	4869	4	December	2023	650
1779	2224	4	September	2020	996
1780	1039	4	April	2020	317
1781	304	5	March	2023	893
1782	3200	4	September	2022	170
1783	4625	4	May	2023	252
1784	248	1	March	2021	682
1785	3420	2	October	2023	365
1786	1336	5	September	2023	607
1787	2935	3	July	2020	326
1788	1053	1	September	2021	160
1789	1879	4	September	2020	286
1790	3043	4	January	2023	382
1791	1795	1	August	2022	688
1792	750	2	May	2023	120
1793	377	5	October	2020	934
1794	5206	3	July	2023	891
1795	3963	3	July	2023	313
1796	2063	1	November	2020	642
1797	2247	4	February	2022	517
1798	353	3	February	2021	676
1799	3028	1	December	2020	568
1800	3232	5	July	2022	370
1801	98	2	June	2020	922
1802	1887	1	April	2022	549
1803	1105	1	February	2021	826
1804	4033	4	August	2022	307
1805	3934	1	February	2020	939
1806	760	4	August	2022	232
1807	5169	1	January	2022	265
1808	1673	3	June	2021	661
1809	3789	3	September	2020	522
1810	4271	3	July	2023	306
1811	2534	3	August	2021	395
1812	333	5	July	2023	345
1813	3806	3	May	2022	950
1814	4610	2	August	2021	231
1815	2519	1	April	2020	232
1816	2679	4	May	2020	993
1817	4266	2	February	2023	698
1818	1346	5	September	2023	359
1819	2819	3	May	2020	464
1820	3459	4	June	2022	558
1821	265	2	November	2021	635
1822	3908	4	February	2021	736
1823	1582	3	March	2022	472
1824	3048	4	June	2023	938
1825	1320	3	February	2022	447
1826	4070	2	May	2023	879
1827	4363	2	February	2022	595
1828	1020	4	April	2021	906
1829	3227	1	June	2022	182
1830	3778	2	July	2021	985
1831	3	4	March	2021	619
1832	1204	5	August	2022	407
1833	4666	3	November	2021	343
1834	3700	4	January	2023	552
1835	2440	4	April	2022	595
1836	3741	1	March	2022	518
1837	2425	5	September	2023	308
1838	4146	5	November	2022	184
1839	2419	1	July	2021	384
1840	3101	2	September	2021	450
1841	1360	3	December	2022	163
1842	3501	5	September	2023	783
1843	3862	2	December	2023	996
1844	3937	5	September	2021	538
1845	1082	5	March	2021	156
1846	5477	2	August	2023	573
1847	2288	5	August	2020	125
1848	4560	1	May	2022	763
1849	722	1	February	2022	503
1850	2618	2	June	2020	805
1851	5183	2	April	2022	143
1852	153	2	January	2023	530
1853	1541	3	August	2020	229
1854	1598	5	July	2022	794
1855	2332	5	September	2022	943
1856	4878	1	October	2020	727
1857	1070	2	November	2020	155
1858	1306	4	December	2021	456
1859	3990	2	December	2021	576
1860	1460	4	October	2022	566
1861	3166	5	December	2020	721
1862	703	1	June	2021	751
1863	1341	5	December	2020	871
1864	3335	3	May	2020	314
1865	2780	2	November	2021	308
1866	4593	4	September	2021	722
1867	1297	3	August	2021	514
1868	1038	4	April	2020	902
1869	767	1	June	2022	811
1870	1870	5	June	2020	809
1871	1953	3	May	2023	313
1872	2197	1	January	2022	863
1873	3173	4	October	2023	166
1874	3212	4	May	2023	621
1875	1552	1	September	2021	606
1876	4636	1	December	2023	487
1877	3338	2	July	2022	532
1878	3730	4	July	2020	370
1879	3336	2	February	2021	379
1880	4818	2	December	2023	419
1881	1496	5	October	2023	241
1882	3673	1	June	2023	957
1883	558	1	March	2021	389
1884	3190	4	September	2023	341
1885	1217	3	June	2022	427
1886	1627	3	October	2021	713
1887	3320	5	April	2020	843
1888	4685	3	July	2023	982
1889	452	2	March	2021	473
1890	4834	1	February	2022	387
1891	2584	3	May	2022	741
1892	3482	3	April	2021	507
1893	3990	1	October	2023	849
1894	3799	4	July	2021	446
1895	4935	1	December	2020	418
1896	2173	5	November	2023	615
1897	3260	5	April	2021	796
1898	2690	5	September	2021	892
1899	3107	4	June	2021	464
1900	4099	5	May	2023	673
1901	4634	5	January	2022	596
1902	3766	5	May	2020	648
1903	4375	3	July	2022	223
1904	5333	5	November	2021	454
1905	1082	4	August	2020	596
1906	2206	4	June	2022	308
1907	47	5	December	2020	422
1908	3118	3	April	2020	980
1909	859	4	June	2023	556
1910	1096	4	December	2023	380
1911	3064	4	June	2022	246
1912	5240	2	January	2020	639
1913	4767	4	August	2022	989
1914	843	4	April	2021	385
1915	4938	2	July	2022	854
1916	3048	1	March	2023	793
1917	5143	4	February	2023	814
1918	4467	1	June	2022	661
1919	2415	5	August	2023	744
1920	185	1	September	2022	739
1921	1283	4	February	2023	902
1922	316	3	October	2022	650
1923	324	2	September	2020	528
1924	3042	1	September	2022	272
1925	5433	4	October	2021	983
1926	3159	5	January	2022	442
1927	2522	5	January	2023	481
1928	2998	3	February	2023	355
1929	4628	3	July	2021	898
1930	1648	3	August	2023	822
1931	3605	2	May	2020	867
1932	1308	2	July	2020	508
1933	1726	3	June	2020	902
1934	3225	1	September	2021	192
1935	3429	3	September	2022	409
1936	1669	2	February	2021	367
1937	2434	2	May	2020	974
1938	2116	2	September	2021	210
1939	1273	2	August	2022	193
1940	4559	1	January	2021	784
1941	4788	4	September	2022	486
1942	1300	3	April	2020	191
1943	1088	2	March	2020	275
1944	242	5	November	2022	852
1945	4242	2	February	2023	451
1946	4940	4	October	2020	929
1947	2312	4	April	2020	628
1948	3237	4	November	2020	158
1949	1927	3	July	2021	232
1950	2005	2	June	2021	935
1951	5459	4	March	2022	784
1952	1194	2	August	2020	221
1953	2934	5	December	2022	811
1954	5048	4	January	2022	147
1955	1461	3	August	2023	976
1956	1518	1	October	2023	643
1957	109	2	June	2020	957
1958	2755	1	December	2021	833
1959	1735	1	May	2023	127
1960	552	5	August	2023	409
1961	1391	2	September	2020	726
1962	2904	3	August	2020	717
1963	728	5	August	2020	719
1964	4933	4	November	2020	739
1965	3454	2	July	2022	687
1966	42	4	October	2022	180
1967	1546	2	May	2023	781
1968	4610	3	June	2021	726
1969	2175	2	May	2023	614
1970	3809	2	October	2023	497
1971	761	3	February	2023	688
1972	3354	2	December	2023	937
1973	2443	5	July	2021	583
1974	802	4	December	2023	983
1975	2463	4	October	2023	424
1976	4790	4	May	2023	640
1977	5124	2	January	2021	838
1978	3971	2	September	2022	987
1979	1674	4	October	2021	522
1980	5173	2	May	2021	140
1981	3379	3	November	2023	894
1982	780	5	April	2022	589
1983	5299	2	August	2020	316
1984	4913	1	January	2020	389
1985	1116	1	October	2021	265
1986	5427	3	June	2021	992
1987	1065	5	February	2021	837
1988	4435	4	November	2023	656
1989	4132	2	March	2023	263
1990	3215	2	September	2023	867
1991	1784	5	January	2021	479
1992	1978	5	February	2023	491
1993	1402	1	June	2022	831
1994	196	5	November	2021	905
1995	2431	2	February	2023	543
1996	5424	3	February	2022	745
1997	3760	1	September	2021	793
1998	1830	3	December	2020	663
1999	4693	2	September	2020	634
2000	2603	5	August	2023	498
2001	4820	2	June	2023	452
2002	2464	2	May	2022	207
2003	1460	3	October	2020	621
2004	252	1	October	2022	630
2005	4482	5	June	2020	546
2006	253	3	March	2021	100
2007	3094	2	November	2022	408
2008	3152	4	August	2020	804
2009	5308	5	April	2022	869
2010	4851	2	September	2020	459
2011	2969	1	September	2020	203
2012	4090	4	June	2021	241
2013	2506	2	May	2023	273
2014	4494	2	January	2021	417
2015	5097	1	December	2021	442
2016	4681	5	July	2022	725
2017	3664	3	November	2021	689
2018	2647	1	August	2021	265
2019	1916	5	May	2023	138
2020	2544	5	May	2021	963
2021	699	1	May	2022	737
2022	5077	2	November	2021	487
2023	1006	2	January	2021	204
2024	4484	4	April	2020	589
2025	4732	4	December	2022	253
2026	5199	5	March	2022	359
2027	3361	5	October	2023	791
2028	2105	3	December	2020	870
2029	2758	1	November	2020	816
2030	3786	1	August	2022	134
2031	1424	5	November	2022	237
2032	5018	1	November	2022	202
2033	510	4	January	2020	672
2034	5396	5	May	2023	927
2035	746	1	November	2022	706
2036	2784	2	November	2022	737
2037	4831	2	March	2023	849
2038	2945	2	October	2023	774
2039	2509	5	November	2021	285
2040	2004	1	September	2020	244
2041	4020	3	November	2023	295
2042	3904	4	February	2021	715
2043	4252	1	June	2023	143
2044	3480	4	January	2023	997
2045	4012	3	May	2023	300
2046	1085	2	December	2021	656
2047	2	4	January	2023	407
2048	2972	3	April	2023	783
2049	4460	5	October	2022	239
2050	2518	2	September	2020	941
2051	1742	3	November	2023	350
2052	3592	3	April	2023	209
2053	1028	2	May	2022	445
2054	566	3	February	2023	123
2055	1660	5	March	2021	883
2056	3161	4	May	2020	638
2057	3419	3	October	2021	839
2058	1224	5	June	2020	130
2059	2343	5	July	2023	947
2060	197	3	April	2022	817
2061	1166	5	December	2022	955
2062	2528	2	April	2023	822
2063	4320	5	May	2021	549
2064	1507	4	April	2021	397
2065	3858	2	November	2020	292
2066	2251	4	September	2020	410
2067	1713	3	September	2022	537
2068	1836	4	December	2023	568
2069	657	1	September	2023	382
2070	830	3	November	2022	905
2071	2699	1	July	2023	741
2072	1682	4	February	2020	735
2073	3967	5	March	2023	857
2074	3303	1	May	2023	511
2075	354	1	December	2023	980
2076	511	3	June	2022	937
2077	3494	1	March	2021	395
2078	3916	2	June	2022	789
2079	2395	5	December	2023	715
2080	3018	3	November	2021	849
2081	1401	5	January	2020	921
2082	385	1	January	2023	882
2083	1509	4	June	2021	420
2084	1773	3	October	2021	764
2085	1370	4	May	2022	266
2086	3843	4	October	2021	727
2087	1383	1	October	2023	655
2088	318	5	December	2021	141
2089	1492	4	October	2021	452
2090	3625	2	March	2020	696
2091	5011	1	January	2022	109
2092	928	1	November	2020	471
2093	1611	5	March	2022	351
2094	3523	5	July	2023	270
2095	2202	5	August	2023	257
2096	5273	4	February	2020	850
2097	4633	1	July	2020	797
2098	2913	1	August	2023	460
2099	1371	2	November	2020	207
2100	283	1	January	2022	580
2101	4466	5	February	2022	210
2102	5373	1	January	2021	435
2103	5036	2	February	2022	675
2104	1042	1	February	2023	395
2105	584	5	April	2021	515
2106	1732	2	February	2021	727
2107	5277	3	December	2022	667
2108	665	2	May	2022	863
2109	4254	1	October	2020	504
2110	5182	4	January	2020	659
2111	1125	4	February	2021	160
2112	561	1	May	2020	775
2113	5420	4	July	2022	703
2114	1398	2	August	2022	404
2115	750	5	April	2020	315
2116	5479	5	June	2023	490
2117	404	5	November	2020	782
2118	3138	3	October	2022	973
2119	2018	3	November	2020	978
2120	2882	4	November	2021	513
2121	3538	5	June	2021	719
2122	1363	1	June	2021	574
2123	2091	2	May	2020	555
2124	3569	2	May	2020	848
2125	2473	5	April	2023	742
2126	3268	1	September	2020	242
2127	4660	1	May	2022	945
2128	263	1	July	2021	302
2129	294	2	May	2022	534
2130	345	4	March	2022	204
2131	2628	1	September	2020	844
2132	1524	3	December	2022	663
2133	2627	1	November	2023	999
2134	3904	4	December	2023	545
2135	2915	3	December	2023	842
2136	3598	2	July	2022	247
2137	2586	4	February	2020	107
2138	4673	4	August	2022	448
2139	4121	1	March	2020	148
2140	2548	4	January	2022	638
2141	4975	5	May	2020	467
2142	4056	3	June	2021	390
2143	3367	1	November	2020	703
2144	1947	2	February	2020	290
2145	3671	1	March	2020	789
2146	4463	5	January	2023	227
2147	284	5	August	2023	139
2148	1040	1	January	2020	926
2149	3164	5	September	2023	745
2150	5421	1	July	2020	681
2151	1341	4	February	2022	202
2152	3932	1	February	2023	353
2153	2877	3	January	2020	339
2154	4406	2	November	2020	732
2155	4508	4	October	2021	459
2156	3310	4	July	2023	902
2157	4326	3	December	2023	869
2158	3058	5	November	2021	759
2159	131	2	February	2021	747
2160	2763	1	November	2023	375
2161	3907	5	February	2022	598
2162	4582	2	January	2023	117
2163	4015	5	July	2020	635
2164	3488	2	July	2023	760
2165	582	2	June	2023	181
2166	5313	2	March	2021	671
2167	4515	3	August	2022	885
2168	2400	2	August	2023	844
2169	3314	4	November	2021	771
2170	3250	2	January	2021	468
2171	1110	4	January	2021	648
2172	925	1	November	2021	789
2173	1215	2	April	2020	215
2174	1281	4	August	2021	117
2175	2389	5	June	2021	510
2176	646	4	November	2021	951
2177	2279	1	January	2020	651
2178	5249	5	May	2022	351
2179	420	1	April	2021	791
2180	1179	3	August	2022	743
2181	1950	4	March	2020	207
2182	4990	3	December	2021	993
2183	1732	2	September	2021	269
2184	3241	2	March	2022	114
2185	3755	5	November	2022	364
2186	2790	5	May	2023	549
2187	5221	2	May	2020	405
2188	2827	1	January	2020	651
2189	1448	2	April	2020	376
2190	910	3	June	2023	381
2191	5196	4	December	2023	122
2192	3832	1	February	2023	591
2193	1523	1	November	2020	454
2194	5111	4	December	2023	775
2195	2208	2	November	2022	785
2196	4279	4	September	2021	894
2197	5008	2	March	2022	908
2198	128	5	March	2022	232
2199	4398	2	August	2020	679
2200	322	5	June	2022	659
2201	1893	4	June	2020	197
2202	4037	2	September	2022	986
2203	2018	4	August	2021	465
2204	3747	3	August	2022	136
2205	2654	5	September	2021	436
2206	3210	5	May	2020	263
2207	1994	1	November	2022	884
2208	4023	3	March	2023	140
2209	535	5	February	2023	377
2210	1833	1	March	2021	491
2211	5453	5	June	2020	902
2212	2750	5	November	2022	270
2213	1506	5	June	2021	688
2214	774	2	March	2020	628
2215	1914	3	April	2020	372
2216	1088	4	January	2020	667
2217	127	5	August	2020	814
2218	571	2	November	2021	285
2219	4445	3	September	2021	805
2220	574	4	October	2023	463
2221	5358	2	August	2023	150
2222	2683	1	April	2023	784
2223	2312	4	March	2023	523
2224	2323	5	March	2020	570
2225	1947	5	January	2020	903
2226	2783	2	December	2022	804
2227	3386	4	March	2020	508
2228	1709	2	January	2023	893
2229	944	2	July	2022	125
2230	1945	1	June	2020	702
2231	5032	1	September	2023	298
2232	30	5	May	2021	678
2233	2973	5	July	2020	238
2234	4749	5	August	2022	196
2235	1044	1	September	2021	510
2236	3321	2	February	2020	970
2237	1025	3	March	2021	797
2238	3952	2	July	2023	636
2239	2671	4	May	2020	655
2240	4813	5	November	2021	207
2241	406	4	July	2022	971
2242	3126	4	August	2022	154
2243	3612	3	May	2023	510
2244	4125	2	March	2022	655
2245	4922	1	September	2023	288
2246	867	4	March	2023	866
2247	2494	4	August	2021	997
2248	1843	4	January	2020	444
2249	985	3	November	2022	301
2250	1639	3	February	2021	672
2251	4935	2	April	2021	114
2252	1474	4	July	2020	463
2253	4591	5	January	2021	283
2254	1016	1	April	2022	821
2255	3453	5	December	2021	788
2256	2962	4	March	2022	147
2257	2344	1	January	2023	957
2258	1373	1	March	2020	721
2259	4697	5	July	2022	192
2260	2292	4	October	2021	863
2261	5188	5	October	2020	604
2262	967	4	May	2020	421
2263	2599	3	February	2022	379
2264	3431	2	July	2021	704
2265	5497	2	April	2023	426
2266	1562	4	March	2023	684
2267	2383	1	June	2023	873
2268	868	4	May	2022	887
2269	2631	5	August	2020	310
2270	2771	1	August	2022	356
2271	4586	5	December	2023	803
2272	5144	4	March	2022	709
2273	3965	3	February	2021	368
2274	4226	2	September	2023	610
2275	1313	3	July	2022	588
2276	1362	4	March	2023	534
2277	5319	4	April	2021	903
2278	3032	5	December	2020	333
2279	679	2	June	2022	374
2280	1121	4	September	2021	526
2281	3376	5	April	2022	666
2282	1386	1	November	2020	285
2283	1665	2	April	2022	477
2284	1412	4	June	2020	377
2285	5083	4	August	2021	631
2286	2209	3	March	2020	578
2287	3722	4	March	2022	772
2288	5398	1	August	2023	299
2289	1811	3	May	2023	763
2290	4973	3	May	2021	390
2291	1031	5	September	2023	392
2292	2941	2	November	2022	224
2293	4946	1	March	2023	494
2294	1959	4	April	2022	710
2295	4025	1	May	2020	327
2296	2586	4	August	2022	253
2297	2616	5	February	2022	845
2298	2357	5	December	2021	676
2299	3021	4	September	2023	902
2300	5280	2	March	2020	659
2301	4847	4	April	2021	635
2302	4608	2	October	2021	538
2303	1738	1	September	2022	682
2304	4871	1	February	2021	961
2305	1205	3	December	2022	936
2306	5429	1	March	2021	955
2307	948	4	September	2021	572
2308	3493	5	June	2022	447
2309	3260	1	April	2021	760
2310	2010	5	April	2023	245
2311	5295	5	August	2021	479
2312	4379	2	September	2022	783
2313	5064	3	October	2022	620
2314	908	1	February	2020	385
2315	1267	5	December	2021	212
2316	5308	4	May	2023	309
2317	3195	2	July	2023	729
2318	4635	1	July	2021	285
2319	4450	3	November	2022	209
2320	1528	5	January	2022	974
2321	2047	4	October	2022	679
2322	4278	1	June	2021	860
2323	1791	5	March	2021	267
2324	3478	1	November	2021	584
2325	603	5	October	2022	351
2326	2081	2	March	2020	586
2327	4703	4	October	2022	318
2328	630	3	December	2022	262
2329	84	5	February	2022	346
2330	3649	3	September	2022	379
2331	4012	2	March	2023	785
2332	1934	2	November	2021	950
2333	1958	2	June	2020	152
2334	3994	5	May	2022	104
2335	4545	5	May	2021	636
2336	1430	5	June	2021	957
2337	678	2	November	2020	541
2338	1546	3	December	2020	431
2339	2352	3	March	2020	256
2340	1173	5	August	2020	639
2341	550	5	December	2021	627
2342	325	4	May	2021	900
2343	5000	1	January	2023	328
2344	274	4	August	2023	284
2345	119	2	January	2022	995
2346	2842	3	September	2022	860
2347	1523	4	April	2021	404
2348	840	5	November	2022	711
2349	4495	5	January	2021	522
2350	1095	2	March	2020	241
2351	754	3	January	2020	488
2352	3241	2	February	2021	285
2353	1160	5	November	2021	817
2354	2367	2	May	2022	350
2355	4534	4	July	2020	535
2356	1536	1	December	2022	121
2357	3391	4	May	2023	859
2358	3918	3	February	2021	599
2359	1965	3	March	2021	594
2360	2042	1	October	2022	954
2361	2720	4	November	2022	205
2362	42	4	July	2023	481
2363	2321	4	March	2020	873
2364	4531	4	June	2022	865
2365	1048	5	April	2023	643
2366	1557	4	November	2021	564
2367	2408	2	September	2023	256
2368	1438	4	May	2020	920
2369	2681	5	May	2022	179
2370	2557	5	August	2021	163
2371	1461	1	September	2023	648
2372	5121	4	September	2023	344
2373	3100	3	June	2023	700
2374	2798	5	January	2021	184
2375	4813	5	March	2020	549
2376	1981	4	August	2021	225
2377	1564	5	June	2020	150
2378	4374	2	November	2020	245
2379	5401	1	November	2020	661
2380	1484	3	August	2022	155
2381	2801	2	March	2021	659
2382	2410	1	August	2023	653
2383	4548	4	October	2023	822
2384	4964	2	August	2021	597
2385	520	4	July	2023	903
2386	5230	2	September	2022	663
2387	4669	2	December	2020	252
2388	67	1	May	2023	752
2389	1536	4	July	2023	908
2390	380	2	October	2021	394
2391	358	2	September	2022	432
2392	3536	1	July	2021	967
2393	5308	4	November	2020	986
2394	2442	1	June	2022	397
2395	3612	1	September	2022	544
2396	707	5	December	2020	522
2397	2906	4	June	2021	529
2398	1769	4	July	2020	405
2399	2011	5	February	2023	439
2400	3239	3	July	2022	212
2401	1537	4	August	2020	803
2402	3007	5	June	2020	615
2403	1623	4	September	2023	495
2404	504	1	January	2023	324
2405	4603	3	November	2023	158
2406	3212	1	September	2022	864
2407	3931	4	March	2022	125
2408	4154	2	March	2020	276
2409	2762	3	January	2021	128
2410	2589	5	October	2021	210
2411	1415	4	March	2023	924
2412	1828	1	July	2020	754
2413	5214	3	September	2021	294
2414	4887	4	August	2021	933
2415	2286	2	December	2023	203
2416	4490	3	June	2023	440
2417	2016	5	March	2020	910
2418	774	4	July	2021	282
2419	1723	4	April	2020	972
2420	3417	4	February	2021	728
2421	3953	2	February	2020	672
2422	2702	2	August	2020	520
2423	3659	5	February	2023	330
2424	226	4	April	2022	165
2425	2930	4	August	2022	257
2426	1299	2	June	2023	324
2427	210	3	July	2022	358
2428	3141	1	September	2023	312
2429	5212	1	July	2022	965
2430	3245	5	August	2023	569
2431	2738	1	June	2023	268
2432	843	1	April	2021	189
2433	5354	2	October	2023	165
2434	4957	2	July	2023	566
2435	301	4	December	2021	464
2436	4261	5	October	2022	729
2437	1059	2	November	2021	116
2438	4946	1	May	2022	915
2439	2212	1	May	2021	360
2440	2459	5	July	2021	166
2441	2763	1	January	2022	969
2442	928	1	April	2021	788
2443	5128	3	April	2022	535
2444	2496	3	May	2023	217
2445	3986	1	June	2022	376
2446	2891	5	December	2023	906
2447	1704	3	May	2020	971
2448	1296	3	November	2022	590
2449	4076	1	April	2020	356
2450	1923	1	March	2020	413
2451	2922	3	September	2020	309
2452	1611	1	September	2023	985
2453	800	5	October	2020	738
2454	208	5	August	2021	600
2455	4688	5	December	2023	553
2456	3222	3	May	2020	905
2457	2852	4	May	2021	594
2458	691	4	October	2021	823
2459	1723	3	March	2020	769
2460	4519	4	April	2023	690
2461	17	4	March	2023	931
2462	3561	4	May	2021	585
2463	2349	2	May	2020	414
2464	4635	2	May	2020	314
2465	589	4	February	2023	792
2466	3367	4	July	2021	251
2467	1032	2	October	2023	459
2468	1091	4	November	2023	888
2469	3279	5	June	2023	893
2470	1903	5	September	2022	964
2471	3961	2	March	2021	925
2472	3171	3	July	2020	839
2473	2597	5	January	2020	936
2474	1518	5	March	2020	830
2475	4153	3	December	2022	162
2476	808	3	August	2022	343
2477	3345	3	March	2023	931
2478	2032	1	January	2023	563
2479	4804	4	March	2021	399
2480	729	1	July	2020	559
2481	4550	5	July	2020	919
2482	5438	5	February	2020	298
2483	3670	3	December	2020	984
2484	1422	1	November	2023	848
2485	2049	5	January	2022	909
2486	2777	3	May	2021	887
2487	3493	5	June	2021	574
2488	114	4	September	2021	432
2489	1813	1	April	2022	429
2490	2895	4	April	2020	946
2491	358	1	September	2023	168
2492	1459	2	August	2023	133
2493	3708	1	September	2023	377
2494	535	2	January	2021	163
2495	214	5	January	2023	659
2496	1341	5	October	2021	839
2497	3072	3	March	2021	913
2498	261	5	March	2023	997
2499	4718	2	March	2022	402
2500	2120	5	June	2022	674
2501	2650	5	May	2023	371
2502	5464	1	July	2022	349
2503	3110	5	February	2021	815
2504	1661	5	September	2021	881
2505	1381	4	October	2021	990
2506	3287	4	July	2023	331
2507	3052	5	October	2022	571
2508	2211	5	June	2022	484
2509	1816	3	April	2020	127
2510	1037	4	July	2021	847
2511	470	2	March	2023	580
2512	1815	5	August	2023	506
2513	2179	2	May	2020	160
2514	5088	2	July	2022	108
2515	1562	1	March	2020	613
2516	4608	3	August	2021	263
2517	799	2	October	2020	215
2518	2610	1	October	2023	982
2519	1782	5	February	2022	539
2520	523	1	May	2023	772
2521	1882	1	December	2021	672
2522	1370	5	August	2022	267
2523	4716	4	November	2021	552
2524	185	5	December	2021	789
2525	5478	3	November	2022	776
2526	1305	1	February	2022	737
2527	229	4	November	2022	583
2528	1154	2	October	2023	457
2529	676	5	May	2020	536
2530	3730	1	January	2023	229
2531	4419	4	January	2020	982
2532	5488	5	March	2023	637
2533	4120	4	January	2021	414
2534	1118	2	August	2022	920
2535	4705	2	May	2023	364
2536	2672	2	November	2022	693
2537	3564	5	November	2022	630
2538	5378	1	August	2022	410
2539	62	5	June	2021	976
2540	433	3	February	2022	107
2541	1537	2	October	2020	563
2542	1219	5	March	2022	971
2543	4087	3	August	2021	444
2544	1654	3	June	2022	544
2545	596	2	February	2020	482
2546	1836	4	February	2022	198
2547	1513	5	November	2020	464
2548	1946	1	July	2021	372
2549	3942	5	June	2023	898
2550	4933	4	October	2020	352
2551	698	3	February	2023	964
2552	5019	1	April	2022	127
2553	3946	4	October	2022	934
2554	2384	5	May	2020	151
2555	632	5	July	2022	527
2556	2073	5	March	2022	264
2557	1142	4	October	2022	735
2558	36	2	October	2023	301
2559	4193	2	December	2021	649
2560	4059	4	June	2020	151
2561	4723	3	September	2022	837
2562	4776	5	January	2020	504
2563	4138	4	July	2023	651
2564	1621	2	May	2021	697
2565	4624	5	August	2021	677
2566	1889	5	May	2023	430
2567	1986	3	October	2021	482
2568	2432	2	April	2022	375
2569	4288	5	March	2023	502
2570	2746	3	November	2023	845
2571	4102	3	December	2023	477
2572	4002	1	August	2021	826
2573	839	4	February	2021	154
2574	1490	2	March	2021	552
2575	4473	1	November	2022	982
2576	4276	5	March	2020	781
2577	2463	5	April	2020	276
2578	3473	2	August	2021	455
2579	2528	2	January	2022	603
2580	338	5	November	2023	821
2581	3755	1	April	2020	197
2582	2945	1	October	2021	476
2583	2307	1	November	2020	526
2584	2227	2	February	2021	529
2585	5157	1	April	2020	391
2586	2494	3	November	2023	306
2587	3366	5	November	2023	861
2588	2243	1	September	2021	622
2589	3228	4	August	2021	735
2590	4548	3	November	2021	475
2591	596	5	March	2021	725
2592	4761	4	December	2021	877
2593	4229	3	November	2021	525
2594	1120	2	July	2023	711
2595	4147	2	December	2022	224
2596	3248	2	September	2020	464
2597	1847	1	January	2023	884
2598	2205	3	June	2023	743
2599	3423	2	January	2023	660
2600	2332	4	January	2023	935
2601	2784	1	January	2020	841
2602	2408	2	May	2023	205
2603	3877	4	May	2021	486
2604	2837	4	August	2020	916
2605	1081	5	October	2021	345
2606	4664	3	July	2021	810
2607	1831	5	September	2021	232
2608	5315	3	October	2020	287
2609	3931	5	February	2021	171
2610	2990	2	October	2022	328
2611	2628	4	December	2023	338
2612	3386	4	December	2020	340
2613	529	1	May	2020	402
2614	507	5	December	2021	547
2615	2267	3	October	2021	193
2616	1558	4	May	2022	625
2617	1767	2	November	2023	840
2618	2567	5	December	2021	342
2619	4435	1	April	2022	102
2620	1614	2	December	2021	312
2621	1447	2	October	2022	840
2622	4109	4	July	2020	378
2623	830	3	September	2023	421
2624	3978	2	October	2020	578
2625	388	5	October	2023	749
2626	2266	5	August	2021	267
2627	2819	3	July	2021	136
2628	424	2	October	2020	736
2629	2033	3	November	2020	821
2630	5455	3	May	2021	621
2631	5342	5	August	2021	642
2632	90	3	August	2022	779
2633	2481	4	December	2023	375
2634	1188	2	June	2021	354
2635	4378	2	April	2021	411
2636	2443	2	December	2020	329
2637	290	5	February	2021	407
2638	3984	5	July	2021	161
2639	4696	4	March	2020	915
2640	2070	5	December	2022	781
2641	798	4	May	2021	490
2642	2599	5	December	2020	838
2643	4237	3	May	2020	221
2644	829	2	November	2022	595
2645	3072	3	August	2020	342
2646	1457	2	August	2020	972
2647	4034	1	September	2021	733
2648	1240	1	August	2023	231
2649	3596	1	June	2021	616
2650	2361	1	January	2020	616
2651	1770	2	October	2020	461
2652	4993	1	December	2023	533
2653	1898	4	April	2020	589
2654	4674	5	July	2020	852
2655	1424	3	December	2021	412
2656	1549	3	May	2021	916
2657	1259	5	November	2023	286
2658	1976	1	April	2022	949
2659	2542	5	August	2020	955
2660	4992	4	October	2023	160
2661	774	2	January	2021	644
2662	4137	1	November	2021	740
2663	4424	5	July	2023	975
2664	1127	5	October	2023	411
2665	4252	2	December	2022	242
2666	2248	5	July	2022	564
2667	3881	4	June	2023	847
2668	5347	3	July	2022	998
2669	2533	3	January	2023	586
2670	4185	3	April	2021	758
2671	3179	4	November	2023	785
2672	1435	3	December	2023	726
2673	4966	5	May	2020	869
2674	5469	2	November	2021	614
2675	2834	2	January	2023	576
2676	3151	4	March	2020	524
2677	1188	1	May	2023	845
2678	2594	1	February	2022	497
2679	4653	3	May	2022	113
2680	765	1	December	2022	509
2681	4714	4	December	2023	943
2682	4658	1	November	2020	899
2683	4623	1	August	2022	691
2684	4946	5	May	2020	130
2685	15	4	May	2021	482
2686	4416	1	August	2020	424
2687	1582	2	November	2023	915
2688	2670	5	February	2023	386
2689	2485	4	March	2023	689
2690	4666	4	May	2020	671
2691	1141	5	May	2020	250
2692	3008	4	December	2021	143
2693	563	3	November	2023	198
2694	1237	5	May	2023	937
2695	1282	5	October	2021	561
2696	2064	3	July	2023	260
2697	271	5	November	2020	853
2698	1310	3	April	2022	176
2699	3798	1	July	2021	311
2700	5120	4	May	2022	110
2701	4301	2	March	2023	436
2702	1193	2	November	2021	280
2703	993	3	April	2023	220
2704	193	1	November	2021	665
2705	4283	3	December	2021	744
2706	3241	5	June	2023	282
2707	815	5	July	2022	834
2708	3175	1	May	2023	373
2709	5478	2	November	2023	981
2710	1937	2	December	2020	452
2711	1784	4	August	2020	790
2712	2753	5	March	2021	451
2713	2601	5	January	2020	681
2714	4592	2	August	2021	597
2715	4892	3	February	2023	883
2716	1894	1	April	2021	511
2717	4892	5	October	2022	738
2718	3552	1	February	2023	538
2719	2083	5	June	2023	631
2720	1512	5	February	2022	946
2721	2700	2	May	2021	550
2722	3762	5	March	2023	219
2723	1322	4	December	2021	349
2724	2440	1	September	2023	200
2725	5021	1	April	2022	517
2726	5151	1	June	2022	537
2727	2829	1	July	2021	877
2728	3051	3	May	2020	147
2729	5111	5	March	2022	840
2730	1264	2	January	2020	537
2731	190	5	June	2022	456
2732	3221	1	April	2022	350
2733	3919	5	August	2020	169
2734	3693	4	June	2023	816
2735	4665	2	March	2020	468
2736	1236	5	September	2020	780
2737	1810	1	May	2022	506
2738	4556	3	July	2022	947
2739	430	2	October	2023	115
2740	5019	4	April	2020	820
2741	5199	3	September	2020	878
2742	2618	2	August	2023	969
2743	4464	1	September	2021	588
2744	5105	4	November	2020	433
2745	4076	2	May	2021	754
2746	4709	1	August	2023	957
2747	2177	1	January	2021	968
2748	5185	2	March	2020	647
2749	1524	4	July	2020	156
2750	4825	5	September	2023	830
2751	3099	3	June	2021	495
2752	2435	1	April	2021	343
2753	3137	2	July	2023	514
2754	3576	4	February	2022	606
2755	1686	5	August	2020	269
2756	1598	5	January	2021	641
2757	3474	4	September	2021	717
2758	1096	5	February	2023	748
2759	3481	1	June	2023	881
2760	408	1	November	2020	695
2761	885	5	November	2023	402
2762	2589	1	May	2021	146
2763	1937	3	June	2023	355
2764	4947	1	November	2020	585
2765	205	3	July	2023	269
2766	5000	4	June	2022	844
2767	509	1	January	2023	724
2768	1574	3	March	2021	562
2769	1552	3	September	2021	566
2770	435	5	May	2021	683
2771	3928	4	November	2020	547
2772	2426	5	October	2022	499
2773	4806	2	September	2023	938
2774	427	1	May	2023	709
2775	5435	5	January	2021	353
2776	4487	5	February	2022	641
2777	1889	4	February	2021	852
2778	4872	4	June	2023	281
2779	2792	3	June	2020	101
2780	139	1	April	2020	352
2781	4076	3	December	2022	198
2782	422	1	July	2022	720
2783	4268	2	December	2022	760
2784	3408	1	September	2020	913
2785	1975	3	March	2022	449
2786	5432	2	December	2021	821
2787	3251	5	August	2021	726
2788	1453	1	January	2020	535
2789	1392	4	June	2021	952
2790	3524	2	February	2022	252
2791	1633	2	November	2022	884
2792	3360	3	June	2023	691
2793	5116	4	January	2022	472
2794	4845	5	October	2022	494
2795	3481	1	March	2022	111
2796	833	5	April	2021	696
2797	672	3	September	2022	865
2798	5208	5	May	2020	546
2799	4927	5	January	2020	257
2800	3142	2	December	2020	659
2801	3955	4	July	2023	206
2802	3946	4	December	2023	899
2803	224	2	May	2021	219
2804	1016	1	March	2021	942
2805	1630	4	January	2023	615
2806	246	3	February	2022	981
2807	2733	1	September	2021	803
2808	4791	2	March	2023	503
2809	4104	5	March	2023	768
2810	1230	5	October	2020	377
2811	4878	1	July	2023	201
2812	913	4	May	2023	707
2813	4230	4	April	2020	894
2814	2138	3	March	2020	377
2815	3207	4	July	2022	634
2816	3436	2	February	2023	407
2817	2678	4	February	2021	812
2818	5282	1	September	2023	740
2819	2284	4	April	2023	600
2820	333	2	July	2023	779
2821	5050	5	February	2022	475
2822	2812	4	June	2021	156
2823	871	3	April	2023	914
2824	3170	2	September	2022	259
2825	1689	1	September	2020	613
2826	1142	2	March	2022	203
2827	4619	2	April	2021	477
2828	2581	5	December	2022	714
2829	1620	3	July	2023	840
2830	3936	2	September	2021	748
2831	4251	5	August	2021	737
2832	2752	3	August	2021	349
2833	757	2	August	2023	340
2834	373	1	April	2020	866
2835	5207	5	August	2023	622
2836	5318	1	June	2023	747
2837	1272	2	July	2022	464
2838	2761	5	November	2020	201
2839	2790	2	April	2023	300
2840	3354	4	October	2021	713
2841	1982	5	July	2022	552
2842	2235	1	January	2021	342
2843	5072	4	January	2020	227
2844	1427	4	November	2023	490
2845	2132	3	April	2022	610
2846	26	1	May	2020	155
2847	1413	3	December	2023	518
2848	3689	4	May	2021	396
2849	1338	4	February	2020	806
2850	5099	4	December	2023	915
2851	589	1	March	2023	797
2852	3845	1	November	2023	790
2853	250	3	September	2020	920
2854	3932	5	October	2023	421
2855	3968	2	February	2023	589
2856	5496	3	April	2020	682
2857	3602	2	December	2021	976
2858	110	5	May	2021	340
2859	1943	1	February	2021	417
2860	4710	2	September	2021	725
2861	1590	4	August	2020	994
2862	5428	2	September	2022	853
2863	4836	2	December	2020	105
2864	731	5	August	2022	705
2865	2996	3	April	2020	746
2866	2814	2	August	2022	158
2867	5128	2	June	2023	666
2868	5304	1	March	2020	219
2869	1347	2	June	2020	690
2870	3604	3	January	2023	670
2871	5129	2	March	2023	167
2872	975	3	June	2021	593
2873	3220	3	January	2020	490
2874	4792	3	July	2021	896
2875	3507	1	March	2022	796
2876	2948	3	November	2022	333
2877	5198	3	April	2023	539
2878	5070	5	March	2020	887
2879	4514	5	March	2020	572
2880	1946	3	November	2023	866
2881	1125	5	May	2021	378
2882	4901	1	April	2021	182
2883	1610	2	November	2023	509
2884	3891	4	July	2021	537
2885	1398	3	December	2021	554
2886	3696	2	October	2021	265
2887	5207	3	June	2023	370
2888	1559	3	July	2020	509
2889	984	5	May	2022	541
2890	2862	1	September	2020	525
2891	4437	2	June	2022	715
2892	2173	1	October	2023	535
2893	438	4	February	2023	464
2894	567	2	July	2021	591
2895	4329	1	May	2021	748
2896	2552	3	August	2023	371
2897	2063	1	May	2022	829
2898	4939	4	March	2020	564
2899	1511	4	April	2022	946
2900	3231	3	October	2020	551
2901	3889	4	May	2021	573
2902	4235	2	April	2020	439
2903	3338	3	February	2020	679
2904	3790	3	August	2022	215
2905	656	5	June	2023	532
2906	2608	1	May	2020	144
2907	3639	1	October	2020	348
2908	3805	5	September	2020	923
2909	4906	2	May	2023	791
2910	1494	4	October	2021	497
2911	3244	3	February	2020	515
2912	4539	5	February	2020	781
2913	4277	5	May	2023	754
2914	763	3	November	2023	161
2915	4448	1	April	2021	787
2916	715	5	August	2023	458
2917	1068	5	February	2020	346
2918	4628	4	February	2021	185
2919	820	1	November	2021	573
2920	894	2	January	2022	459
2921	2099	4	February	2023	670
2922	2670	3	December	2022	210
2923	2687	4	July	2023	971
2924	1044	2	July	2022	792
2925	5057	2	March	2020	415
2926	782	3	October	2022	873
2927	2798	4	January	2023	507
2928	1347	4	December	2021	603
2929	1591	5	July	2020	118
2930	5203	5	February	2022	805
2931	3640	2	November	2020	105
2932	3908	5	November	2021	875
2933	2917	4	March	2023	527
2934	112	1	July	2020	100
2935	2245	4	October	2021	111
2936	5114	3	December	2022	753
2937	2540	4	March	2023	357
2938	1867	2	November	2021	222
2939	3290	2	July	2022	957
2940	527	2	March	2020	208
2941	4860	5	October	2020	204
2942	371	2	July	2021	559
2943	4311	5	June	2022	972
2944	4259	4	November	2023	325
2945	2588	5	June	2020	511
2946	1067	3	September	2021	523
2947	1710	5	January	2021	591
2948	4782	4	December	2021	237
2949	2655	4	November	2022	992
2950	2282	3	November	2022	559
2951	4088	2	March	2020	439
2952	615	4	January	2022	293
2953	5361	3	September	2021	222
2954	4285	5	September	2023	983
2955	215	3	May	2023	806
2956	717	2	July	2022	820
2957	762	4	April	2021	406
2958	4511	1	September	2021	854
2959	1459	3	June	2022	911
2960	4218	5	July	2022	611
2961	1100	2	December	2022	755
2962	4899	1	February	2023	613
2963	2455	3	June	2020	895
2964	2276	3	May	2022	331
2965	5046	5	February	2022	807
2966	1125	4	November	2020	538
2967	1338	5	April	2022	408
2968	3664	2	August	2022	913
2969	3522	5	November	2021	633
2970	5268	1	August	2023	939
2971	39	2	March	2023	870
2972	1843	4	October	2021	921
2973	5223	2	September	2020	219
2974	2682	1	August	2021	862
2975	2948	4	January	2023	241
2976	467	3	February	2022	286
2977	4372	3	August	2021	846
2978	3122	4	October	2022	678
2979	3305	1	July	2022	304
2980	5084	2	September	2022	273
2981	4523	5	December	2020	335
2982	4901	5	October	2022	321
2983	3910	4	May	2020	975
2984	3962	5	October	2020	247
2985	4544	2	November	2023	945
2986	1610	2	August	2020	660
2987	3858	2	November	2022	606
2988	3609	5	September	2021	892
2989	104	5	March	2021	494
2990	1670	3	November	2020	306
2991	969	4	March	2021	863
2992	4788	2	January	2022	778
2993	3117	5	July	2022	567
2994	1102	5	February	2022	830
2995	1929	5	September	2021	897
2996	3403	4	December	2021	641
2997	5209	2	July	2023	694
2998	2212	2	June	2023	651
2999	428	3	April	2022	239
3000	4986	3	October	2022	208
3001	612	3	October	2020	133
3002	3861	4	July	2021	113
3003	1665	4	May	2021	380
3004	305	3	January	2020	444
3005	2756	4	February	2020	904
3006	2654	2	October	2022	598
3007	4304	1	March	2022	517
3008	1368	3	April	2023	662
3009	374	4	February	2020	612
3010	1451	1	June	2023	369
3011	4875	1	October	2020	514
3012	4882	3	March	2021	153
3013	3493	2	September	2023	408
3014	2784	1	December	2020	506
3015	3673	3	December	2020	528
3016	1340	1	June	2023	826
3017	3206	4	April	2022	484
3018	3492	5	August	2021	807
3019	3524	5	May	2023	968
3020	564	4	July	2020	523
3021	862	4	November	2022	929
3022	1919	1	January	2023	196
3023	567	3	October	2021	507
3024	1044	5	December	2023	302
3025	2608	1	June	2023	912
3026	4433	2	January	2021	917
3027	1486	4	March	2021	933
3028	4281	3	January	2021	569
3029	149	2	January	2020	726
3030	4322	1	January	2020	156
3031	4852	1	June	2022	896
3032	2825	3	December	2021	409
3033	1927	1	February	2021	713
3034	4487	4	June	2022	983
3035	2910	1	May	2023	669
3036	3415	5	September	2020	238
3037	1432	2	October	2023	754
3038	892	2	July	2023	278
3039	4764	3	March	2020	876
3040	5311	4	October	2021	912
3041	2728	3	February	2022	226
3042	142	4	April	2020	240
3043	3596	4	February	2021	509
3044	5463	2	August	2021	939
3045	3786	5	March	2022	464
3046	4252	5	March	2022	623
3047	2638	3	September	2020	248
3048	276	4	January	2021	739
3049	800	1	August	2020	708
3050	437	3	January	2023	537
3051	847	3	January	2020	396
3052	4893	3	August	2023	937
3053	22	3	April	2023	301
3054	1595	4	January	2022	891
3055	1139	2	December	2023	181
3056	793	5	January	2020	194
3057	1654	4	January	2022	540
3058	5188	1	May	2020	788
3059	2469	2	November	2020	796
3060	2352	3	June	2020	700
3061	2874	1	March	2022	521
3062	4138	1	February	2020	726
3063	1636	5	January	2023	226
3064	3921	3	May	2020	867
3065	4261	4	May	2021	361
3066	4987	5	November	2022	674
3067	2846	3	April	2022	702
3068	2616	1	June	2022	749
3069	3055	3	July	2021	624
3070	3772	5	June	2021	694
3071	5373	1	September	2023	159
3072	4574	4	June	2020	898
3073	4867	3	May	2022	129
3074	636	5	September	2020	533
3075	4355	4	August	2023	818
3076	1766	2	September	2020	175
3077	4145	2	August	2022	550
3078	4414	1	July	2020	448
3079	2088	2	December	2021	824
3080	938	1	May	2023	433
3081	5493	3	February	2023	451
3082	2268	4	May	2023	443
3083	2008	3	June	2020	729
3084	4910	5	November	2022	476
3085	2518	2	July	2023	533
3086	3538	5	November	2020	439
3087	3634	5	March	2023	859
3088	1988	3	March	2023	394
3089	3443	1	December	2022	665
3090	272	3	April	2022	152
3091	4891	2	August	2021	667
3092	978	4	April	2023	969
3093	1215	2	December	2022	125
3094	4859	5	July	2023	625
3095	2356	2	December	2022	638
3096	329	5	February	2021	158
3097	524	3	March	2022	683
3098	3056	3	August	2020	281
3099	1181	4	June	2022	571
3100	940	4	January	2021	677
3101	2825	5	May	2021	721
3102	5314	3	September	2020	590
3103	288	4	July	2022	160
3104	4759	3	September	2021	682
3105	825	1	May	2021	224
3106	5487	5	December	2021	707
3107	3055	4	January	2023	891
3108	3872	2	January	2020	528
3109	3685	5	June	2022	659
3110	2224	5	March	2023	569
3111	5226	3	February	2023	351
3112	556	4	January	2022	521
3113	166	2	February	2023	811
3114	4453	4	August	2021	735
3115	221	3	October	2020	678
3116	1334	2	July	2023	666
3117	1984	1	July	2020	301
3118	422	3	January	2020	743
3119	4277	5	November	2022	477
3120	2187	2	June	2021	518
3121	2741	5	January	2020	218
3122	587	1	August	2023	821
3123	1527	2	July	2021	903
3124	743	1	February	2020	788
3125	3437	5	November	2021	729
3126	4420	3	August	2021	491
3127	5369	4	November	2022	110
3128	5011	3	January	2022	995
3129	4185	5	June	2023	666
3130	316	4	January	2021	950
3131	768	2	February	2021	665
3132	1416	2	April	2023	970
3133	2793	1	November	2023	277
3134	4588	2	February	2022	878
3135	669	3	September	2020	492
3136	5343	4	February	2022	873
3137	3258	1	July	2022	587
3138	2406	4	March	2021	569
3139	1418	4	August	2022	727
3140	2569	5	May	2022	418
3141	2215	1	March	2020	425
3142	3388	5	March	2022	130
3143	3230	3	January	2022	463
3144	3691	5	June	2023	449
3145	154	4	April	2023	958
3146	1039	2	December	2023	690
3147	4608	2	May	2022	719
3148	3103	5	May	2021	978
3149	1301	3	July	2022	708
3150	4526	3	July	2022	955
3151	2712	4	September	2020	345
3152	191	5	March	2020	208
3153	3461	5	September	2022	383
3154	1013	5	August	2021	691
3155	362	5	January	2023	422
3156	341	5	June	2021	603
3157	2304	2	November	2020	148
3158	905	1	August	2020	692
3159	2915	3	February	2021	542
3160	4384	2	July	2020	404
3161	433	5	November	2020	720
3162	4516	1	November	2021	870
3163	1854	1	January	2023	434
3164	623	4	August	2021	328
3165	2957	1	April	2023	642
3166	2658	1	September	2023	993
3167	322	5	April	2020	792
3168	95	4	November	2023	110
3169	181	2	October	2022	812
3170	3046	4	January	2020	633
3171	1921	3	July	2023	640
3172	5080	4	February	2023	755
3173	1761	1	April	2023	147
3174	2434	1	December	2023	488
3175	1399	5	September	2022	983
3176	2078	3	December	2021	148
3177	4372	4	June	2023	450
3178	684	4	December	2023	587
3179	2452	3	February	2021	578
3180	5317	3	December	2022	754
3181	2734	1	September	2021	513
3182	1757	5	June	2022	831
3183	677	4	January	2023	779
3184	3274	4	September	2022	128
3185	5122	1	December	2021	427
3186	4855	1	December	2020	124
3187	193	1	March	2020	879
3188	234	5	January	2020	451
3189	4465	1	September	2022	626
3190	820	2	August	2022	518
3191	3866	5	February	2021	823
3192	1019	1	January	2020	891
3193	4782	4	April	2023	159
3194	4248	2	April	2023	586
3195	4855	1	March	2023	260
3196	538	3	November	2021	757
3197	3801	3	June	2021	288
3198	1380	1	December	2023	691
3199	1333	4	October	2020	685
3200	2145	3	August	2021	674
3201	3741	2	June	2023	872
3202	5471	3	April	2022	821
3203	4320	2	October	2022	228
3204	2509	1	December	2021	372
3205	1433	4	October	2021	912
3206	5411	2	December	2022	169
3207	2522	4	November	2023	791
3208	1762	3	January	2021	299
3209	2210	3	January	2023	853
3210	1043	2	April	2023	309
3211	3658	2	April	2020	201
3212	2285	4	July	2020	129
3213	4018	2	June	2020	123
3214	2297	5	January	2021	609
3215	3678	3	November	2022	627
3216	1434	5	June	2021	134
3217	2850	4	January	2021	616
3218	1947	4	January	2022	287
3219	2877	3	August	2022	132
3220	855	1	March	2020	986
3221	3912	1	August	2022	395
3222	552	5	September	2023	178
3223	4009	1	December	2022	103
3224	1081	2	April	2020	418
3225	5362	5	June	2021	939
3226	2695	2	January	2020	990
3227	3191	4	March	2022	703
3228	1548	1	September	2022	929
3229	937	2	July	2022	516
3230	2676	3	September	2023	931
3231	1518	1	December	2022	243
3232	3614	3	May	2023	346
3233	3924	1	May	2023	944
3234	3128	2	January	2020	661
3235	535	1	July	2022	308
3236	4969	1	June	2023	800
3237	2177	3	October	2023	174
3238	4439	3	November	2021	203
3239	557	4	May	2023	313
3240	1469	5	August	2020	495
3241	5392	4	January	2021	752
3242	1517	1	February	2020	101
3243	1401	2	January	2023	259
3244	2552	2	January	2022	565
3245	490	5	November	2023	479
3246	1396	3	August	2023	802
3247	3548	5	June	2022	961
3248	484	3	April	2020	580
3249	4067	1	July	2022	197
3250	270	2	January	2023	908
3251	637	2	February	2021	486
3252	1920	2	May	2021	267
3253	548	1	March	2020	468
3254	689	1	May	2022	249
3255	5209	3	March	2020	367
3256	1063	5	February	2022	556
3257	1335	5	February	2023	217
3258	2753	2	April	2020	795
3259	2552	1	February	2023	514
3260	4117	3	August	2021	525
3261	4498	2	March	2023	209
3262	978	3	July	2021	921
3263	2665	2	January	2022	255
3264	898	2	October	2020	365
3265	5085	2	November	2021	596
3266	16	2	June	2023	625
3267	4308	3	April	2021	769
3268	4422	3	April	2023	270
3269	2084	1	February	2020	603
3270	1322	5	January	2020	253
3271	1509	2	June	2023	576
3272	2386	4	September	2023	545
3273	688	4	December	2021	780
3274	5206	4	April	2023	572
3275	557	3	July	2020	285
3276	3921	4	February	2021	372
3277	4420	4	March	2021	909
3278	2455	5	February	2020	759
3279	2070	1	December	2021	805
3280	5089	2	December	2021	301
3281	1834	3	December	2021	722
3282	2648	2	January	2020	385
3283	4407	3	October	2022	836
3284	3612	5	February	2021	470
3285	3028	2	September	2022	827
3286	2573	2	October	2023	599
3287	1328	3	October	2023	624
3288	232	4	June	2022	274
3289	1246	3	February	2023	313
3290	193	5	February	2020	592
3291	3623	4	February	2020	207
3292	3150	3	March	2022	474
3293	775	5	December	2020	465
3294	2110	4	August	2022	713
3295	2901	4	May	2022	220
3296	1711	3	March	2020	930
3297	4773	2	January	2020	854
3298	3004	2	July	2023	167
3299	943	4	October	2020	363
3300	1399	1	February	2021	315
3301	421	5	February	2023	660
3302	774	1	December	2022	282
3303	4457	2	March	2022	784
3304	1778	3	May	2020	780
3305	5422	5	November	2021	859
3306	2438	5	December	2023	934
3307	1061	4	April	2022	605
3308	1957	1	February	2023	292
3309	5123	3	March	2022	938
3310	2748	5	December	2020	870
3311	5299	2	March	2022	292
3312	5240	1	November	2022	480
3313	3824	5	April	2023	923
3314	3138	1	January	2022	455
3315	5018	5	February	2020	293
3316	3746	4	May	2021	960
3317	3752	2	October	2020	955
3318	2456	4	January	2023	783
3319	3844	1	September	2023	202
3320	1773	2	February	2021	574
3321	3568	4	March	2020	872
3322	3889	5	September	2022	591
3323	3509	1	January	2023	568
3324	1059	4	February	2020	398
3325	5110	5	July	2020	751
3326	1578	5	May	2020	961
3327	1118	3	April	2021	828
3328	2977	2	March	2021	239
3329	3479	1	May	2022	557
3330	5052	4	March	2023	729
3331	3796	4	May	2023	467
3332	568	5	June	2023	557
3333	4150	4	May	2021	703
3334	174	1	December	2021	617
3335	4465	2	August	2021	136
3336	736	4	October	2022	543
3337	2877	1	January	2023	784
3338	3622	1	April	2023	444
3339	3687	1	February	2022	789
3340	3401	4	August	2020	808
3341	5060	1	February	2020	709
3342	2166	2	September	2021	665
3343	4120	5	January	2021	968
3344	2349	2	March	2023	444
3345	868	5	October	2023	520
3346	4055	3	June	2020	575
3347	1770	1	December	2021	233
3348	2489	3	March	2022	764
3349	1707	1	February	2020	794
3350	521	2	February	2021	991
3351	424	3	April	2020	626
3352	3939	4	December	2023	351
3353	2267	2	November	2022	453
3354	2419	1	March	2021	164
3355	2041	3	September	2020	971
3356	4276	4	August	2022	955
3357	2305	4	March	2021	909
3358	4202	1	January	2022	415
3359	792	2	February	2022	464
3360	2322	4	February	2023	230
3361	2963	5	August	2023	726
3362	566	5	February	2021	864
3363	707	1	December	2023	930
3364	5455	4	August	2020	418
3365	1123	2	October	2021	124
3366	2519	1	August	2023	341
3367	3188	5	April	2022	243
3368	4021	3	October	2021	215
3369	3690	2	August	2021	679
3370	1316	3	June	2021	873
3371	743	1	November	2021	127
3372	2322	5	December	2023	542
3373	2999	5	January	2023	738
3374	3569	2	July	2021	448
3375	2431	3	February	2021	773
3376	4953	2	June	2021	999
3377	3910	2	November	2022	276
3378	5304	3	October	2021	222
3379	4642	5	October	2022	873
3380	950	4	June	2020	794
3381	4618	2	March	2020	470
3382	4059	2	July	2021	202
3383	458	4	June	2020	780
3384	2089	4	August	2022	314
3385	5239	5	June	2021	876
3386	393	2	November	2023	830
3387	743	3	November	2022	699
3388	3977	2	July	2021	212
3389	4197	4	May	2023	542
3390	5154	5	July	2020	273
3391	4993	3	May	2022	302
3392	5217	4	July	2022	370
3393	4134	3	March	2021	872
3394	3247	3	December	2021	470
3395	5002	4	November	2022	949
3396	3726	1	November	2022	901
3397	2780	5	August	2021	695
3398	2309	2	August	2023	269
3399	3827	4	December	2023	710
3400	970	4	August	2020	832
3401	1229	1	August	2020	665
3402	259	1	February	2021	704
3403	313	4	March	2023	216
3404	3607	5	April	2022	988
3405	374	5	November	2023	811
3406	81	5	May	2023	369
3407	1983	3	June	2020	367
3408	3760	4	March	2021	881
3409	3427	3	July	2021	118
3410	2890	3	March	2021	865
3411	4785	3	August	2020	684
3412	3842	3	September	2021	462
3413	4861	3	September	2023	560
3414	2589	5	May	2023	919
3415	2830	5	May	2022	642
3416	3353	3	July	2021	769
3417	4675	3	November	2022	855
3418	627	2	December	2021	349
3419	4444	2	February	2020	108
3420	4973	5	May	2020	583
3421	3998	3	September	2022	462
3422	2436	4	February	2022	782
3423	1577	2	December	2023	217
3424	290	5	November	2021	678
3425	2454	3	August	2021	636
3426	5189	4	November	2022	901
3427	14	5	March	2020	500
3428	3826	4	September	2020	169
3429	1993	1	November	2023	532
3430	907	5	April	2020	227
3431	2943	1	February	2023	414
3432	1685	1	December	2021	264
3433	2364	3	June	2021	948
3434	4833	1	June	2021	972
3435	2747	5	November	2023	759
3436	358	4	March	2020	918
3437	2857	3	October	2022	936
3438	318	4	April	2022	531
3439	4749	5	June	2023	505
3440	242	3	July	2022	702
3441	1241	5	February	2021	858
3442	1014	4	January	2020	588
3443	1346	1	April	2023	597
3444	2132	3	December	2022	726
3445	145	1	January	2023	132
3446	989	3	December	2022	145
3447	4639	2	November	2021	805
3448	3706	3	December	2022	445
3449	292	4	April	2021	833
3450	2409	1	October	2023	337
3451	1315	5	March	2020	692
3452	2558	1	May	2023	138
3453	5217	2	August	2021	682
3454	427	2	September	2022	446
3455	4906	3	November	2021	607
3456	2382	4	October	2023	492
3457	177	3	May	2023	298
3458	2812	2	March	2023	371
3459	248	3	November	2021	658
3460	3236	2	September	2020	693
3461	5388	2	November	2023	768
3462	5206	2	December	2022	973
3463	2466	5	February	2021	351
3464	4152	1	April	2021	569
3465	2786	2	March	2023	433
3466	3452	1	August	2023	463
3467	4067	1	February	2021	506
3468	1309	5	September	2022	846
3469	19	3	July	2020	334
3470	1446	1	February	2023	970
3471	4800	2	February	2020	769
3472	4265	2	October	2022	131
3473	5201	2	September	2021	179
3474	3321	4	May	2021	365
3475	3858	4	October	2021	533
3476	2900	3	October	2021	530
3477	2295	2	March	2022	199
3478	4245	1	September	2020	711
3479	2981	2	February	2020	847
3480	93	5	March	2021	164
3481	4818	5	February	2021	301
3482	5192	4	December	2022	831
3483	4835	1	October	2021	809
3484	298	3	November	2020	261
3485	4662	5	April	2021	239
3486	2341	5	March	2023	803
3487	885	1	July	2021	582
3488	1897	4	November	2020	153
3489	3336	2	November	2021	208
3490	5260	5	May	2022	889
3491	1529	4	June	2020	755
3492	357	1	November	2022	639
3493	3945	4	August	2023	954
3494	5285	3	July	2021	637
3495	3743	1	October	2022	138
3496	1296	4	August	2021	499
3497	3627	5	May	2020	631
3498	3898	3	February	2020	698
3499	4889	5	June	2020	464
3500	4654	5	November	2021	406
3501	2064	2	November	2020	972
3502	4812	4	March	2021	167
3503	3301	3	December	2023	595
3504	1068	3	October	2022	393
3505	3170	4	November	2021	111
3506	5002	2	September	2023	913
3507	3070	5	July	2023	786
3508	689	1	January	2023	901
3509	1831	5	May	2023	536
3510	3072	3	July	2020	248
3511	5007	2	June	2023	339
3512	3936	2	October	2021	309
3513	3166	1	March	2021	108
3514	3803	3	July	2021	537
3515	1063	4	August	2020	300
3516	1446	1	September	2023	209
3517	3009	4	July	2020	160
3518	4381	1	November	2020	840
3519	2309	5	October	2022	499
3520	428	4	August	2022	173
3521	1366	4	June	2022	635
3522	4436	1	July	2023	956
3523	3104	4	August	2020	886
3524	4829	1	July	2022	406
3525	61	3	July	2023	160
3526	1724	3	May	2023	716
3527	713	1	April	2023	723
3528	2010	1	March	2020	548
3529	1680	1	November	2021	761
3530	1219	5	December	2022	167
3531	512	5	June	2023	149
3532	2947	2	May	2020	584
3533	4333	2	May	2023	128
3534	4279	3	February	2021	497
3535	4648	3	December	2023	971
3536	505	2	September	2021	411
3537	5235	2	November	2021	596
3538	1328	1	March	2020	153
3539	2133	2	April	2022	709
3540	4429	3	June	2021	977
3541	4802	4	December	2021	668
3542	1796	1	September	2020	843
3543	1758	1	January	2022	816
3544	3760	4	September	2023	855
3545	2505	4	March	2020	238
3546	3517	4	September	2020	295
3547	2827	2	August	2023	685
3548	2111	3	March	2021	715
3549	1796	1	December	2021	505
3550	3905	1	February	2021	618
3551	448	3	May	2021	448
3552	2011	5	June	2020	449
3553	4802	3	July	2022	881
3554	4120	3	September	2022	117
3555	5389	3	December	2021	611
3556	1940	3	July	2023	540
3557	2270	4	January	2020	502
3558	2510	1	October	2021	990
3559	4072	3	April	2022	491
3560	1206	4	June	2022	833
3561	829	5	November	2023	928
3562	21	4	July	2021	444
3563	510	2	August	2021	495
3564	2131	5	October	2022	635
3565	1823	2	January	2021	436
3566	2531	5	September	2022	305
3567	1107	5	June	2021	530
3568	3103	5	November	2022	870
3569	3008	4	September	2020	968
3570	4468	5	August	2022	120
3571	646	5	June	2020	447
3572	4095	1	November	2022	634
3573	4082	2	October	2023	912
3574	4064	1	August	2021	537
3575	3753	1	December	2020	714
3576	1745	5	March	2023	655
3577	4444	2	February	2023	858
3578	209	2	July	2023	889
3579	5097	5	March	2022	481
3580	2653	2	August	2021	570
3581	4048	2	April	2020	407
3582	4238	1	December	2021	266
3583	4511	5	November	2023	817
3584	5461	1	August	2021	318
3585	2278	5	July	2020	770
3586	3081	4	July	2021	915
3587	1363	2	April	2023	473
3588	296	1	January	2020	854
3589	2583	5	October	2022	278
3590	2024	4	July	2020	460
3591	2071	5	March	2020	323
3592	5464	4	November	2023	410
3593	2645	2	August	2020	941
3594	5382	4	May	2022	112
3595	800	5	October	2020	921
3596	3999	2	January	2023	924
3597	3470	2	December	2020	274
3598	2274	4	January	2023	955
3599	4976	3	July	2020	320
3600	5470	2	July	2022	483
3601	3622	5	June	2022	701
3602	3926	1	June	2021	242
3603	4336	5	July	2020	387
3604	4877	3	May	2020	127
3605	2373	1	February	2022	497
3606	2865	3	August	2021	467
3607	1233	3	March	2022	385
3608	5207	4	August	2020	158
3609	3942	5	February	2023	903
3610	602	1	July	2021	784
3611	3451	5	February	2022	302
3612	426	3	January	2023	157
3613	162	3	April	2020	986
3614	1609	1	February	2020	893
3615	806	1	July	2022	573
3616	1890	4	August	2021	666
3617	57	2	December	2023	595
3618	3790	4	March	2023	550
3619	4624	4	February	2023	962
3620	2421	1	March	2021	859
3621	113	5	November	2022	500
3622	3442	3	June	2021	618
3623	490	1	October	2022	577
3624	4948	2	January	2020	732
3625	225	2	January	2022	529
3626	5291	3	November	2021	963
3627	2193	3	July	2023	519
3628	254	5	December	2020	651
3629	2983	3	January	2023	980
3630	4972	5	October	2023	136
3631	2497	3	July	2021	703
3632	3070	2	April	2023	338
3633	2374	2	February	2021	622
3634	1195	1	September	2020	206
3635	4350	1	May	2023	279
3636	2630	1	August	2021	560
3637	3947	1	October	2020	975
3638	3494	3	November	2022	820
3639	2594	5	April	2023	523
3640	150	2	July	2020	183
3641	398	1	August	2021	344
3642	4916	2	May	2020	937
3643	921	3	November	2022	423
3644	4385	2	October	2020	408
3645	4587	4	August	2023	369
3646	4573	2	November	2020	276
3647	5052	4	November	2022	591
3648	2512	4	February	2022	205
3649	4041	1	March	2023	742
3650	4924	1	April	2021	102
3651	2210	2	June	2021	299
3652	4867	4	November	2021	961
3653	765	2	May	2023	202
3654	2152	5	May	2020	559
3655	2026	3	July	2022	745
3656	2988	2	November	2022	618
3657	2126	4	June	2022	983
3658	3844	1	December	2022	315
3659	5491	4	March	2020	426
3660	4329	1	December	2020	671
3661	78	3	October	2023	205
3662	1005	1	February	2023	579
3663	2670	1	December	2022	330
3664	935	5	July	2020	791
3665	1364	5	April	2023	143
3666	4360	1	September	2020	555
3667	463	5	August	2022	832
3668	3995	1	July	2021	267
3669	2753	3	November	2022	780
3670	895	2	September	2023	681
3671	2689	5	January	2023	978
3672	2975	3	August	2023	385
3673	1288	3	July	2023	247
3674	1579	2	September	2020	834
3675	4748	4	April	2023	161
3676	3428	4	February	2022	867
3677	2480	2	November	2022	403
3678	796	2	March	2023	748
3679	3070	4	May	2023	464
3680	1770	3	August	2023	797
3681	2815	1	July	2020	268
3682	385	2	February	2022	556
3683	922	3	November	2022	315
3684	2840	5	June	2020	917
3685	4504	4	May	2023	646
3686	1453	4	June	2022	921
3687	4114	3	March	2023	567
3688	5259	3	December	2023	703
3689	312	1	February	2020	145
3690	4460	5	July	2023	278
3691	1818	5	June	2021	172
3692	1352	4	April	2023	491
3693	4132	5	April	2022	947
3694	1883	3	September	2020	148
3695	561	1	April	2020	879
3696	268	2	December	2021	192
3697	5449	3	June	2020	125
3698	3469	3	November	2022	968
3699	68	2	December	2022	914
3700	5127	4	January	2023	194
3701	4815	4	October	2023	834
3702	4427	2	October	2020	754
3703	220	2	February	2023	698
3704	1117	1	November	2021	440
3705	4069	5	June	2021	963
3706	2002	3	July	2021	183
3707	382	1	March	2020	844
3708	3259	2	May	2021	768
3709	4662	2	July	2020	998
3710	2235	2	May	2020	654
3711	2451	4	January	2020	725
3712	2660	3	July	2022	344
3713	3601	4	January	2023	577
3714	3071	4	March	2022	174
3715	2287	3	August	2023	119
3716	5435	2	December	2020	235
3717	2968	5	September	2022	407
3718	1048	5	June	2021	809
3719	3164	4	August	2020	440
3720	1296	5	February	2023	347
3721	4428	5	March	2022	162
3722	2875	5	February	2020	219
3723	3731	4	February	2023	501
3724	4521	4	September	2020	353
3725	2927	2	June	2020	522
3726	3329	1	October	2020	500
3727	2622	5	November	2023	487
3728	4014	4	August	2022	269
3729	3057	1	July	2020	592
3730	2275	5	May	2022	725
3731	2581	3	February	2021	776
3732	2248	5	May	2021	484
3733	3423	1	September	2023	734
3734	1248	5	July	2022	593
3735	1051	2	December	2021	702
3736	863	2	December	2021	494
3737	4810	4	May	2021	244
3738	1866	3	March	2020	115
3739	742	1	February	2021	826
3740	2516	5	June	2023	843
3741	318	5	March	2021	963
3742	1396	3	February	2023	754
3743	2393	5	December	2023	471
3744	5223	1	November	2023	672
3745	1771	2	January	2021	284
3746	1226	1	July	2022	501
3747	2901	1	April	2021	665
3748	1022	1	October	2021	806
3749	1856	5	April	2021	364
3750	1346	2	November	2022	323
3751	4735	1	October	2022	991
3752	4812	5	May	2020	208
3753	373	3	April	2021	664
3754	5142	3	October	2021	201
3755	1428	3	May	2023	854
3756	2701	2	March	2020	323
3757	89	4	April	2023	923
3758	417	5	April	2023	728
3759	1116	3	May	2023	301
3760	905	2	June	2020	407
3761	2328	4	February	2021	121
3762	932	5	October	2023	868
3763	3878	4	February	2023	889
3764	105	1	March	2023	470
3765	4815	2	June	2021	983
3766	3646	3	September	2022	688
3767	4360	2	January	2021	399
3768	4517	5	November	2022	958
3769	2087	3	September	2022	418
3770	2557	1	July	2021	461
3771	1224	2	October	2023	393
3772	3976	3	October	2022	963
3773	4143	4	March	2023	451
3774	4630	5	November	2021	531
3775	3389	2	October	2020	337
3776	4898	1	March	2020	331
3777	699	2	September	2023	670
3778	4541	3	August	2023	731
3779	1317	5	February	2021	798
3780	4614	5	August	2022	812
3781	4686	1	October	2023	809
3782	1003	4	September	2021	482
3783	3309	4	June	2023	877
3784	4017	4	January	2022	230
3785	5001	2	March	2020	484
3786	2165	5	March	2023	978
3787	4131	5	March	2022	714
3788	4379	2	February	2022	614
3789	3003	2	July	2023	955
3790	4806	5	October	2023	229
3791	136	5	July	2021	771
3792	372	2	May	2023	208
3793	3560	2	August	2023	297
3794	3868	5	August	2021	139
3795	3973	2	January	2022	178
3796	949	1	February	2021	181
3797	1214	5	September	2020	981
3798	3235	4	November	2023	870
3799	360	3	March	2020	337
3800	4462	2	February	2020	813
3801	2489	2	October	2023	909
3802	1685	1	May	2022	311
3803	1537	1	July	2023	736
3804	4568	5	August	2021	619
3805	3945	4	February	2020	227
3806	3172	4	May	2020	712
3807	626	1	November	2023	214
3808	275	5	October	2020	930
3809	4563	2	July	2021	882
3810	423	4	April	2022	969
3811	10	3	February	2021	447
3812	4986	2	May	2022	354
3813	1976	3	April	2020	190
3814	3166	3	August	2022	167
3815	4100	3	July	2020	629
3816	5451	4	March	2020	261
3817	4615	1	June	2022	938
3818	83	1	October	2021	408
3819	5311	1	September	2021	321
3820	2554	2	January	2023	263
3821	1172	1	May	2020	769
3822	3516	5	October	2023	538
3823	4963	5	November	2020	652
3824	4298	4	September	2022	820
3825	1278	2	February	2023	579
3826	1913	4	November	2022	655
3827	4011	5	July	2023	542
3828	3826	3	May	2021	201
3829	1625	5	May	2021	510
3830	2598	3	December	2021	393
3831	4634	5	June	2023	953
3832	2289	4	March	2021	532
3833	3346	4	June	2023	608
3834	3043	2	January	2023	590
3835	850	2	October	2020	135
3836	3142	3	September	2022	624
3837	2120	3	February	2022	358
3838	2996	1	November	2021	548
3839	762	5	May	2022	539
3840	3619	1	December	2021	889
3841	463	4	November	2022	273
3842	4427	3	December	2023	209
3843	2194	5	June	2021	876
3844	4446	5	June	2021	144
3845	4792	4	June	2021	612
3846	1471	1	December	2023	205
3847	2323	3	July	2023	147
3848	1611	4	December	2021	548
3849	3215	2	May	2023	832
3850	1098	2	February	2023	656
3851	4580	5	April	2022	533
3852	3603	2	March	2023	429
3853	1429	4	November	2023	685
3854	1416	3	August	2021	223
3855	2852	3	September	2023	207
3856	1233	4	January	2021	340
3857	3256	2	November	2021	662
3858	1784	5	July	2020	276
3859	5127	1	January	2022	123
3860	3471	2	April	2022	662
3861	145	5	October	2020	891
3862	864	1	October	2021	981
3863	2062	5	September	2020	928
3864	187	5	April	2022	406
3865	1433	2	September	2021	162
3866	4253	5	October	2020	903
3867	5394	4	June	2020	853
3868	3699	5	September	2022	357
3869	1414	3	March	2021	932
3870	3112	4	March	2021	455
3871	218	4	January	2022	926
3872	4448	4	August	2023	718
3873	5313	5	April	2021	871
3874	4138	2	January	2020	423
3875	5282	1	February	2020	933
3876	5098	1	July	2020	551
3877	4599	4	September	2022	906
3878	1588	3	December	2022	139
3879	5237	5	November	2023	892
3880	351	3	August	2021	154
3881	698	1	January	2023	451
3882	3928	5	August	2020	351
3883	4585	2	November	2020	321
3884	5171	3	January	2022	377
3885	2455	5	December	2021	657
3886	3950	1	November	2022	360
3887	4666	2	December	2022	816
3888	2557	3	March	2023	983
3889	4974	2	June	2022	387
3890	1510	5	June	2023	931
3891	5418	2	April	2020	814
3892	4354	1	April	2021	905
3893	821	1	March	2023	548
3894	1979	1	August	2021	940
3895	3229	2	April	2022	461
3896	1800	5	January	2022	458
3897	1332	3	December	2022	394
3898	5258	5	May	2021	365
3899	5319	2	August	2022	717
3900	1111	3	July	2023	570
3901	2365	4	May	2022	622
3902	2130	3	November	2020	269
3903	1087	5	August	2020	654
3904	104	1	July	2022	833
3905	3730	2	August	2023	400
3906	5048	4	March	2022	995
3907	4653	3	November	2022	150
3908	2802	2	December	2023	978
3909	5125	3	March	2021	499
3910	3441	4	December	2023	976
3911	4235	4	December	2022	773
3912	4039	2	October	2020	832
3913	2028	2	May	2022	438
3914	3580	1	January	2023	703
3915	2743	3	April	2021	131
3916	2809	2	October	2020	511
3917	2459	3	June	2021	444
3918	1561	5	July	2023	898
3919	5261	2	December	2023	370
3920	5052	1	January	2021	287
3921	5302	3	September	2022	160
3922	800	4	June	2023	112
3923	1325	4	August	2020	153
3924	4369	2	January	2022	454
3925	2169	3	July	2020	128
3926	4315	3	March	2023	386
3927	2412	1	December	2021	614
3928	1724	3	July	2023	199
3929	3734	4	May	2020	843
3930	1849	4	September	2021	769
3931	2307	2	September	2020	119
3932	1802	4	January	2020	420
3933	2299	3	January	2020	535
3934	3860	3	March	2020	814
3935	5175	4	March	2022	939
3936	2771	5	July	2021	292
3937	3357	2	June	2020	344
3938	3786	1	January	2020	788
3939	433	3	December	2023	830
3940	889	5	November	2022	783
3941	1553	4	March	2023	714
3942	2909	2	June	2023	714
3943	637	2	November	2023	438
3944	1921	2	August	2020	601
3945	713	1	December	2021	555
3946	3702	1	October	2021	128
3947	5056	1	April	2020	332
3948	838	1	January	2020	194
3949	5027	4	July	2021	259
3950	2894	4	July	2023	938
3951	4102	4	August	2021	738
3952	1200	5	June	2021	278
3953	275	1	January	2021	188
3954	3621	2	June	2023	155
3955	119	3	November	2020	122
3956	2314	5	May	2021	147
3957	293	4	May	2023	916
3958	3297	2	August	2022	562
3959	2191	3	April	2022	930
3960	1280	3	April	2023	757
3961	2110	1	December	2021	337
3962	2416	3	July	2021	413
3963	1525	4	November	2020	779
3964	4152	4	March	2023	516
3965	2084	2	January	2022	962
3966	311	5	November	2023	632
3967	3581	2	May	2022	501
3968	506	1	September	2022	233
3969	4525	5	March	2022	185
3970	1519	5	April	2021	454
3971	5138	4	September	2022	380
3972	1376	5	November	2021	399
3973	3300	4	December	2023	797
3974	2719	1	June	2023	927
3975	4699	4	June	2023	504
3976	2897	1	March	2021	862
3977	5381	5	February	2020	161
3978	816	4	June	2022	411
3979	3515	2	July	2023	475
3980	3219	1	January	2022	497
3981	4329	4	September	2020	749
3982	834	4	September	2023	483
3983	2633	1	May	2021	236
3984	4429	1	April	2023	783
3985	5084	2	May	2021	933
3986	166	1	November	2022	368
3987	4534	5	April	2023	402
3988	2852	4	April	2020	413
3989	1692	2	January	2022	315
3990	4559	4	August	2020	337
3991	4649	3	December	2021	275
3992	1435	3	December	2021	589
3993	3400	3	January	2021	612
3994	5397	4	November	2020	713
3995	2281	5	September	2020	626
3996	4992	3	December	2023	422
3997	2448	2	August	2022	589
3998	4952	5	March	2022	385
3999	2865	1	October	2023	626
4000	3185	2	April	2023	410
4001	1864	2	January	2020	305
4002	4508	5	March	2022	196
4003	2066	3	May	2023	443
4004	4747	1	March	2023	712
4005	4499	1	September	2021	489
4006	110	1	February	2020	741
4007	3785	3	September	2022	167
4008	3675	2	October	2022	561
4009	115	1	January	2023	453
4010	2894	2	July	2020	898
4011	2280	2	August	2022	902
4012	2354	4	August	2023	674
4013	3158	4	November	2021	560
4014	5394	5	April	2022	984
4015	2156	3	February	2022	144
4016	1802	3	February	2022	336
4017	4428	5	August	2020	590
4018	1960	2	December	2021	857
4019	635	4	March	2021	906
4020	599	2	November	2020	290
4021	944	4	January	2022	349
4022	2271	4	October	2021	709
4023	3404	1	March	2022	655
4024	69	5	December	2022	692
4025	5050	4	March	2023	455
4026	1519	5	April	2023	155
4027	1776	5	February	2020	476
4028	4646	4	December	2023	521
4029	1330	3	October	2022	688
4030	5213	5	May	2021	790
4031	4563	2	July	2020	704
4032	2549	2	September	2023	294
4033	746	4	June	2022	366
4034	2684	3	August	2023	953
4035	4113	2	August	2020	892
4036	5107	5	June	2021	700
4037	4561	1	September	2020	461
4038	1599	3	July	2023	812
4039	3401	5	June	2023	113
4040	41	5	November	2021	469
4041	3318	3	October	2020	676
4042	127	3	March	2023	139
4043	3421	1	April	2021	956
4044	393	5	January	2022	851
4045	1596	5	November	2023	130
4046	2487	2	October	2020	594
4047	1874	5	December	2022	766
4048	5145	1	July	2021	467
4049	3343	2	December	2020	674
4050	5000	3	September	2023	878
4051	2414	3	November	2021	822
4052	3256	4	January	2022	109
4053	4507	3	July	2021	759
4054	1328	5	April	2020	581
4055	3721	4	May	2021	247
4056	3259	3	October	2023	587
4057	611	3	July	2022	660
4058	84	1	March	2023	910
4059	1540	3	February	2023	267
4060	1968	1	June	2022	831
4061	2311	3	December	2022	957
4062	596	3	December	2023	210
4063	419	3	February	2023	674
4064	1110	3	February	2020	631
4065	352	1	January	2021	539
4066	5392	5	March	2021	263
4067	4736	4	September	2022	730
4068	2663	3	February	2021	857
4069	1054	3	August	2020	420
4070	3270	3	September	2020	671
4071	3637	1	February	2023	455
4072	3041	4	September	2020	407
4073	671	4	July	2021	730
4074	204	1	May	2020	887
4075	5497	5	May	2023	939
4076	1767	4	February	2022	585
4077	1588	4	May	2022	508
4078	5128	1	October	2022	888
4079	1096	5	March	2021	479
4080	3680	4	May	2022	175
4081	4765	5	November	2023	305
4082	3258	3	February	2020	949
4083	3335	3	July	2021	137
4084	4245	3	October	2023	158
4085	4783	3	May	2022	649
4086	5421	1	July	2023	305
4087	1891	3	July	2021	324
4088	5486	5	June	2023	935
4089	865	2	February	2021	827
4090	4500	5	May	2021	663
4091	4846	4	September	2020	551
4092	3996	4	November	2023	469
4093	4110	3	September	2021	908
4094	3290	5	May	2021	910
4095	5078	1	August	2022	776
4096	4217	3	April	2020	524
4097	60	1	May	2023	151
4098	414	2	November	2023	804
4099	2385	4	June	2020	923
4100	1897	3	October	2020	319
4101	1541	4	November	2021	940
4102	430	5	May	2022	749
4103	39	4	March	2021	638
4104	1062	1	May	2022	986
4105	4575	3	December	2023	809
4106	2748	5	October	2023	455
4107	2450	1	June	2021	936
4108	3541	2	August	2020	827
4109	5283	5	July	2021	647
4110	2933	2	December	2020	513
4111	1281	5	July	2021	801
4112	3269	1	September	2021	185
4113	1356	1	September	2023	961
4114	4063	5	September	2023	261
4115	2026	4	July	2023	298
4116	4032	1	March	2020	508
4117	934	3	August	2021	229
4118	1756	4	January	2020	391
4119	5301	1	December	2021	707
4120	3284	4	September	2022	338
4121	1768	3	March	2022	405
4122	3709	5	May	2023	784
4123	3663	2	July	2021	451
4124	1469	1	October	2023	318
4125	1056	2	May	2023	196
4126	3684	3	May	2020	418
4127	753	1	April	2023	224
4128	3347	3	May	2023	382
4129	5277	2	May	2020	299
4130	246	3	September	2023	962
4131	1689	4	May	2020	565
4132	2548	2	June	2022	426
4133	4848	4	October	2020	166
4134	209	5	April	2023	625
4135	1529	2	August	2020	960
4136	4886	4	May	2022	224
4137	1691	1	May	2021	726
4138	5004	4	September	2023	847
4139	2008	5	September	2022	746
4140	1632	2	November	2022	143
4141	2120	3	February	2023	739
4142	3029	3	July	2023	692
4143	4795	4	October	2022	291
4144	3510	3	July	2023	184
4145	5297	2	April	2023	132
4146	2321	3	February	2023	840
4147	2948	3	October	2023	755
4148	4526	1	January	2022	351
4149	55	3	November	2021	911
4150	1699	4	September	2023	592
4151	4682	4	November	2022	104
4152	3995	3	November	2023	508
4153	3178	4	November	2020	751
4154	3563	4	September	2020	781
4155	4555	2	December	2023	754
4156	4768	1	September	2021	826
4157	850	3	September	2020	366
4158	426	2	August	2021	986
4159	1670	3	May	2021	365
4160	4235	1	June	2022	648
4161	746	4	May	2020	609
4162	4175	5	May	2021	774
4163	3421	2	June	2020	497
4164	3335	5	November	2022	539
4165	3672	3	June	2020	940
4166	2876	2	July	2021	408
4167	2847	3	March	2020	968
4168	2487	2	July	2023	853
4169	3083	4	November	2022	531
4170	133	4	January	2020	339
4171	3136	2	July	2022	397
4172	2108	2	October	2023	241
4173	4999	1	July	2021	291
4174	668	5	January	2020	756
4175	3711	3	January	2023	336
4176	1596	1	August	2020	376
4177	642	3	October	2022	426
4178	4749	4	March	2021	730
4179	3502	3	October	2021	782
4180	2781	3	January	2022	307
4181	2864	5	June	2022	905
4182	3644	5	August	2023	730
4183	1757	3	July	2022	404
4184	1926	5	June	2023	144
4185	1759	2	May	2023	379
4186	1890	2	May	2022	612
4187	490	1	March	2021	364
4188	3895	3	September	2023	551
4189	4797	2	January	2021	112
4190	1636	1	January	2021	367
4191	1863	1	September	2021	559
4192	2848	3	June	2021	367
4193	1813	5	June	2021	180
4194	4333	3	November	2020	606
4195	5236	3	March	2022	631
4196	1803	5	April	2020	684
4197	3446	2	July	2020	215
4198	3582	3	December	2022	601
4199	2211	2	April	2021	674
4200	2482	2	December	2020	674
4201	2845	1	October	2020	442
4202	3218	2	September	2021	732
4203	2329	3	April	2022	586
4204	2886	2	August	2021	587
4205	3966	4	January	2023	172
4206	5087	1	September	2022	154
4207	1192	3	February	2021	448
4208	1484	5	February	2022	761
4209	1328	3	April	2023	251
4210	4593	2	August	2020	478
4211	1967	3	November	2021	196
4212	1668	5	April	2020	522
4213	1777	1	January	2021	843
4214	1932	2	November	2020	630
4215	1822	5	June	2022	381
4216	5333	4	April	2022	818
4217	1440	1	September	2022	997
4218	603	2	July	2023	463
4219	961	2	December	2020	148
4220	1396	1	June	2021	193
4221	2736	2	February	2023	774
4222	3299	5	October	2020	364
4223	2973	4	January	2020	399
4224	2167	2	July	2021	969
4225	2151	2	November	2020	681
4226	2554	3	June	2022	544
4227	5021	5	February	2021	469
4228	3067	1	November	2022	832
4229	4312	3	December	2021	624
4230	3950	2	June	2021	530
4231	5051	5	December	2022	305
4232	4311	4	August	2022	888
4233	3453	4	March	2020	597
4234	1042	2	October	2020	168
4235	1019	2	April	2021	538
4236	1471	3	March	2022	820
4237	2028	1	December	2022	478
4238	967	2	December	2021	105
4239	3270	2	June	2021	784
4240	892	5	November	2020	171
4241	2810	3	September	2022	992
4242	2906	5	May	2022	482
4243	2455	5	March	2021	244
4244	2355	4	May	2022	447
4245	313	1	July	2021	524
4246	4982	5	October	2020	404
4247	1443	2	March	2021	807
4248	348	2	May	2020	226
4249	178	1	April	2022	328
4250	4254	4	June	2021	496
4251	2774	1	May	2022	843
4252	3679	2	November	2022	715
4253	5394	3	May	2020	838
4254	177	5	March	2021	221
4255	175	1	December	2020	724
4256	3330	4	February	2021	955
4257	869	1	August	2023	280
4258	3592	2	September	2020	386
4259	1426	2	March	2021	920
4260	1612	5	August	2020	957
4261	3214	5	August	2023	599
4262	359	5	July	2022	220
4263	2911	5	April	2022	432
4264	132	2	April	2021	230
4265	1264	1	August	2022	499
4266	4864	2	March	2021	264
4267	5356	2	December	2022	932
4268	5133	1	January	2020	922
4269	4428	5	March	2022	567
4270	1868	5	November	2023	740
4271	3505	3	July	2023	430
4272	1880	3	February	2020	577
4273	2748	1	February	2020	393
4274	2917	5	May	2021	750
4275	564	2	December	2020	646
4276	5158	2	January	2021	415
4277	3682	4	December	2021	792
4278	3890	3	November	2022	845
4279	101	1	June	2020	256
4280	5488	3	January	2021	908
4281	5317	2	February	2021	399
4282	4636	4	December	2023	641
4283	4572	4	December	2021	630
4284	2287	1	October	2023	304
4285	4877	2	October	2023	827
4286	5114	3	March	2023	653
4287	165	5	July	2022	983
4288	5372	4	October	2020	884
4289	768	4	May	2023	818
4290	2096	5	March	2023	126
4291	5267	2	June	2023	476
4292	4516	4	November	2021	516
4293	1251	2	July	2021	146
4294	5343	2	September	2023	634
4295	2152	2	September	2023	507
4296	4806	3	February	2022	225
4297	314	4	October	2020	104
4298	3143	2	November	2023	339
4299	2394	5	March	2023	519
4300	3599	1	November	2021	360
4301	2136	1	June	2022	606
4302	3489	3	January	2022	941
4303	2515	2	October	2023	549
4304	2120	1	June	2022	157
4305	2350	1	December	2022	345
4306	4637	4	January	2023	651
4307	5412	2	March	2021	442
4308	2973	4	February	2020	916
4309	3243	2	October	2020	130
4310	5437	3	March	2022	717
4311	3362	1	July	2022	878
4312	2176	4	March	2022	480
4313	1549	2	May	2021	551
4314	2403	5	August	2023	992
4315	4886	2	December	2023	301
4316	3358	2	April	2022	264
4317	2967	5	July	2023	650
4318	3933	5	February	2022	718
4319	3537	1	February	2020	232
4320	1158	4	April	2023	510
4321	5282	1	October	2021	352
4322	5146	2	December	2023	928
4323	2985	3	December	2023	860
4324	5377	5	December	2023	747
4325	3913	1	June	2021	548
4326	3235	4	November	2023	305
4327	2378	4	February	2020	135
4328	3233	3	August	2022	298
4329	376	5	March	2021	934
4330	4730	3	October	2021	800
4331	3852	1	July	2020	998
4332	1388	2	January	2021	566
4333	1306	2	October	2023	371
4334	3143	3	June	2022	485
4335	3264	1	August	2023	313
4336	460	5	August	2022	513
4337	4262	2	December	2023	862
4338	1794	2	October	2021	311
4339	3550	5	July	2020	286
4340	1932	1	October	2020	562
4341	2200	3	October	2023	725
4342	859	2	January	2023	330
4343	1573	2	October	2020	392
4344	4946	2	September	2021	733
4345	1130	3	September	2020	868
4346	3745	3	February	2020	813
4347	3503	3	July	2023	727
4348	4879	1	April	2020	980
4349	2696	1	December	2022	359
4350	112	5	December	2023	616
4351	3391	5	March	2023	974
4352	4393	5	May	2023	226
4353	1678	3	March	2022	246
4354	153	4	December	2022	386
4355	2521	4	August	2020	187
4356	3257	5	April	2023	478
4357	2307	3	July	2020	937
4358	506	5	December	2021	766
4359	4228	3	April	2023	559
4360	904	2	February	2022	656
4361	3648	3	December	2020	256
4362	4569	1	March	2020	432
4363	1840	2	August	2022	620
4364	3628	3	December	2021	488
4365	2793	4	October	2020	120
4366	3024	5	May	2023	803
4367	1266	3	May	2021	175
4368	4328	5	January	2022	621
4369	695	4	December	2023	964
4370	2820	1	October	2020	766
4371	2456	2	February	2021	321
4372	5026	5	August	2022	260
4373	3850	4	April	2023	242
4374	2830	5	December	2023	971
4375	4462	5	January	2023	268
4376	5317	5	August	2022	165
4377	1113	5	November	2023	439
4378	3756	4	November	2020	984
4379	4268	1	January	2023	159
4380	5480	5	August	2021	384
4381	1912	4	September	2022	866
4382	4350	2	September	2021	570
4383	3358	4	November	2022	808
4384	3722	4	February	2021	871
4385	4373	3	November	2020	873
4386	4724	4	August	2023	119
4387	3890	2	March	2021	962
4388	1575	4	July	2022	849
4389	3827	3	August	2022	778
4390	4718	3	October	2023	843
4391	2470	4	July	2023	945
4392	5088	3	October	2020	609
4393	2752	1	March	2020	872
4394	4434	2	November	2022	536
4395	3745	3	April	2022	516
4396	4159	1	February	2020	222
4397	3046	5	May	2020	818
4398	4049	2	September	2023	396
4399	1387	5	March	2020	442
4400	1547	2	September	2020	603
4401	1225	2	November	2022	721
4402	1199	3	January	2021	179
4403	490	2	May	2021	992
4404	4331	2	August	2023	781
4405	60	4	August	2021	414
4406	3208	3	February	2022	751
4407	5064	3	September	2021	599
4408	174	3	August	2023	853
4409	3515	3	June	2023	682
4410	3233	3	November	2021	251
4411	1564	1	January	2023	290
4412	2546	1	February	2020	475
4413	2967	1	December	2020	663
4414	3540	4	April	2021	930
4415	4304	5	October	2020	679
4416	2983	1	July	2022	736
4417	142	2	December	2023	504
4418	2368	4	April	2023	977
4419	2235	1	January	2022	426
4420	1517	5	March	2022	274
4421	2513	3	March	2020	813
4422	1395	3	November	2021	524
4423	347	2	March	2020	619
4424	4379	2	May	2022	578
4425	2821	1	September	2023	131
4426	4589	2	September	2022	301
4427	3426	1	November	2020	230
4428	1574	4	June	2020	649
4429	4612	5	November	2023	836
4430	671	3	November	2020	965
4431	2111	4	July	2021	236
4432	1296	1	April	2021	635
4433	4764	4	November	2022	384
4434	2221	1	March	2020	661
4435	2278	3	August	2021	922
4436	4703	2	December	2023	403
4437	5020	3	June	2022	236
4438	2971	1	September	2020	271
4439	3110	2	January	2020	629
4440	3995	4	March	2022	761
4441	229	4	December	2021	547
4442	91	4	September	2023	821
4443	2024	5	September	2022	286
4444	2654	5	October	2022	869
4445	741	2	December	2022	178
4446	2947	5	October	2021	835
4447	5038	1	November	2020	926
4448	844	5	May	2021	463
4449	1907	1	March	2023	260
4450	2595	3	January	2021	827
4451	3362	4	June	2023	785
4452	3444	2	April	2023	542
4453	747	5	December	2021	613
4454	3193	3	October	2020	387
4455	3535	2	September	2023	182
4456	2284	1	July	2020	405
4457	2001	2	April	2022	189
4458	3155	3	March	2022	131
4459	4223	3	July	2020	970
4460	2185	2	February	2023	305
4461	2666	3	March	2022	211
4462	1372	1	August	2020	604
4463	3969	5	February	2022	749
4464	3545	3	December	2021	130
4465	2963	4	October	2021	260
4466	3354	5	October	2023	519
4467	4740	4	June	2020	554
4468	2210	4	January	2020	139
4469	1579	4	March	2020	817
4470	1701	5	September	2021	180
4471	4325	2	April	2022	284
4472	3967	2	February	2023	371
4473	2206	4	June	2023	699
4474	1367	1	January	2020	452
4475	3666	3	July	2021	752
4476	1739	3	November	2021	767
4477	3729	1	March	2020	518
4478	2221	3	December	2021	834
4479	2527	5	July	2023	617
4480	623	2	December	2023	716
4481	309	2	April	2020	406
4482	1495	2	November	2023	235
4483	2929	4	July	2023	727
4484	2171	2	May	2020	893
4485	2232	2	April	2022	571
4486	4683	2	October	2022	186
4487	1100	1	September	2021	925
4488	1143	4	August	2022	747
4489	560	4	December	2023	728
4490	4882	4	March	2020	138
4491	5422	1	May	2022	156
4492	704	1	July	2023	498
4493	5419	1	September	2022	368
4494	5060	3	February	2022	306
4495	3865	3	May	2023	341
4496	2678	5	January	2021	803
4497	3596	2	April	2022	669
4498	4649	3	March	2023	957
4499	1469	5	March	2020	952
4500	169	3	July	2022	297
4501	5309	2	September	2023	986
4502	1361	1	January	2020	359
4503	1794	4	September	2023	626
4504	5164	2	April	2023	392
4505	652	3	March	2023	137
4506	4747	5	October	2020	229
4507	2466	4	August	2020	825
4508	4157	1	January	2022	907
4509	4292	4	August	2022	656
4510	780	3	December	2021	824
4511	2722	5	April	2023	315
4512	3933	1	December	2020	804
4513	2260	3	November	2022	323
4514	1271	5	December	2021	389
4515	1957	1	December	2022	675
4516	2438	5	November	2023	746
4517	3839	1	August	2022	595
4518	1503	2	January	2021	510
4519	2627	5	March	2023	659
4520	1557	4	February	2023	653
4521	1779	5	April	2023	119
4522	4865	5	January	2020	445
4523	3091	2	January	2021	548
4524	2983	2	January	2021	108
4525	3720	3	January	2021	732
4526	5158	3	May	2022	698
4527	1774	3	April	2023	410
4528	5281	2	March	2021	249
4529	3468	1	April	2022	182
4530	1828	2	June	2020	946
4531	1982	1	August	2020	714
4532	643	2	March	2020	866
4533	3820	3	September	2021	943
4534	551	2	November	2022	150
4535	4144	2	May	2021	550
4536	1475	4	December	2021	412
4537	729	2	September	2021	399
4538	249	5	June	2022	743
4539	1352	5	September	2021	588
4540	4663	3	August	2023	660
4541	599	4	February	2020	429
4542	216	3	December	2022	454
4543	1417	5	April	2020	625
4544	3064	5	October	2022	455
4545	1594	1	February	2023	347
4546	801	5	July	2022	223
4547	430	4	March	2021	289
4548	4423	2	August	2021	326
4549	4596	4	March	2021	160
4550	2789	4	April	2023	198
4551	4003	5	May	2020	677
4552	3118	4	September	2021	312
4553	2414	5	January	2023	894
4554	5012	1	June	2023	647
4555	4554	2	January	2023	545
4556	2730	4	January	2021	463
4557	293	2	October	2020	334
4558	5429	5	July	2023	747
4559	895	2	November	2020	286
4560	2471	3	December	2022	845
4561	287	2	July	2021	558
4562	2697	5	January	2020	257
4563	3022	1	December	2022	756
4564	1189	2	July	2023	247
4565	2885	1	April	2023	841
4566	1522	5	May	2021	208
4567	1511	4	June	2022	237
4568	2187	2	May	2023	731
4569	5360	4	August	2023	758
4570	937	1	February	2022	450
4571	594	4	November	2022	639
4572	3559	5	August	2022	685
4573	5021	4	June	2022	295
4574	2174	1	August	2023	481
4575	2085	4	January	2020	205
4576	2381	1	August	2020	947
4577	5282	4	May	2022	689
4578	4405	4	October	2020	764
4579	5207	2	January	2023	519
4580	1893	3	February	2022	999
4581	5120	2	September	2022	880
4582	1469	4	January	2021	233
4583	3279	1	February	2020	347
4584	5094	1	April	2023	814
4585	157	2	March	2020	543
4586	4323	1	September	2023	764
4587	4329	2	September	2023	783
4588	1596	1	December	2021	843
4589	4943	4	March	2021	832
4590	860	5	September	2023	985
4591	5115	3	November	2020	544
4592	3688	3	August	2022	219
4593	2546	4	November	2021	511
4594	1446	3	January	2022	926
4595	3258	4	June	2021	332
4596	2044	3	June	2022	813
4597	1261	2	September	2022	252
4598	3214	5	March	2023	864
4599	1904	3	September	2023	278
4600	2349	5	April	2021	995
4601	2484	5	April	2021	193
4602	1708	5	September	2023	804
4603	4612	4	June	2022	597
4604	5470	2	September	2020	764
4605	2960	3	June	2022	515
4606	4491	2	June	2021	759
4607	3846	3	May	2021	220
4608	4452	5	July	2020	691
4609	1174	2	June	2023	999
4610	1375	3	August	2023	828
4611	3221	3	April	2021	259
4612	1029	2	May	2020	130
4613	4238	4	July	2020	452
4614	4543	3	January	2023	594
4615	5390	5	December	2020	584
4616	4725	1	April	2020	669
4617	5165	2	July	2020	600
4618	4780	3	May	2020	734
4619	2469	5	February	2022	206
4620	4916	1	May	2021	897
4621	1663	3	February	2021	649
4622	2212	4	January	2022	444
4623	1978	5	May	2021	717
4624	4207	1	June	2023	193
4625	208	3	August	2023	433
4626	4208	3	August	2020	940
4627	2852	3	May	2023	607
4628	3935	5	October	2023	545
4629	4564	1	December	2023	369
4630	58	5	October	2020	277
4631	1423	5	May	2023	705
4632	3728	4	November	2021	834
4633	1260	2	July	2023	906
4634	5170	3	April	2023	787
4635	2267	1	January	2023	305
4636	2713	4	September	2023	537
4637	1552	3	February	2023	541
4638	2165	4	August	2021	966
4639	2027	5	September	2020	694
4640	2386	4	October	2023	416
4641	1635	5	December	2021	244
4642	5157	4	March	2021	437
4643	4491	2	April	2021	807
4644	3547	4	May	2021	428
4645	222	4	August	2022	894
4646	450	2	April	2022	756
4647	4289	5	February	2022	852
4648	3213	2	October	2022	404
4649	1493	5	December	2023	268
4650	2960	4	July	2021	527
4651	4489	2	November	2020	423
4652	3782	1	March	2023	999
4653	4734	3	May	2020	969
4654	4465	1	January	2022	415
4655	772	5	July	2021	574
4656	4110	2	January	2021	501
4657	5299	1	July	2020	554
4658	5214	5	January	2023	908
4659	721	5	July	2021	140
4660	3414	2	October	2022	253
4661	2083	1	March	2022	604
4662	88	2	July	2021	765
4663	5073	1	March	2020	725
4664	532	1	December	2023	489
4665	1115	2	April	2022	363
4666	41	5	June	2022	306
4667	309	3	February	2022	239
4668	4004	2	November	2020	384
4669	4705	3	April	2023	545
4670	1772	5	September	2020	393
4671	1424	4	November	2023	892
4672	4963	5	July	2021	584
4673	5223	2	September	2021	616
4674	3684	3	August	2021	322
4675	1544	5	December	2022	848
4676	869	1	January	2022	256
4677	2390	4	July	2021	534
4678	4865	4	May	2023	111
4679	1126	1	January	2020	252
4680	825	2	October	2022	688
4681	4347	4	March	2020	913
4682	3595	5	May	2021	388
4683	1273	3	March	2020	495
4684	1180	5	August	2023	434
4685	3083	2	December	2023	989
4686	5343	3	April	2022	747
4687	4694	2	June	2022	321
4688	143	2	November	2022	102
4689	95	1	November	2023	603
4690	3179	2	September	2022	913
4691	1642	2	December	2022	694
4692	4145	1	March	2022	557
4693	1005	1	July	2021	540
4694	4913	3	January	2023	725
4695	1620	1	August	2022	821
4696	958	4	May	2021	312
4697	1394	3	May	2022	849
4698	1289	5	November	2023	515
4699	4902	5	March	2023	238
4700	165	5	February	2023	643
4701	3287	5	August	2020	542
4702	1922	3	May	2020	771
4703	1277	2	November	2021	503
4704	4684	2	May	2021	421
4705	5418	2	February	2020	724
4706	4141	2	September	2020	341
4707	2396	2	September	2022	403
4708	2310	4	November	2021	443
4709	4354	3	September	2021	677
4710	813	1	September	2022	120
4711	755	1	August	2023	423
4712	2159	4	January	2020	561
4713	1339	4	September	2021	533
4714	2858	4	August	2021	901
4715	408	5	November	2020	491
4716	69	3	October	2023	728
4717	3954	4	October	2022	615
4718	2325	1	August	2020	323
4719	3214	5	February	2023	580
4720	3620	4	August	2022	619
4721	3679	2	February	2021	372
4722	4610	2	April	2022	981
4723	1185	2	August	2021	849
4724	1039	2	June	2020	115
4725	3898	4	May	2023	699
4726	5292	3	January	2022	834
4727	1909	3	May	2021	960
4728	1343	1	April	2023	375
4729	3445	3	January	2020	431
4730	673	2	July	2021	186
4731	857	1	May	2023	486
4732	5276	3	February	2023	682
4733	2489	3	December	2020	265
4734	4558	4	May	2020	341
4735	3079	2	February	2022	688
4736	2851	2	May	2020	798
4737	297	1	January	2020	204
4738	3072	3	January	2022	797
4739	3967	4	October	2021	823
4740	3166	3	September	2022	814
4741	808	5	March	2022	563
4742	2285	3	May	2021	137
4743	2396	4	November	2021	889
4744	1435	5	November	2020	103
4745	4389	5	March	2023	443
4746	205	4	November	2021	127
4747	827	5	August	2020	961
4748	3303	4	May	2021	566
4749	1665	5	October	2023	869
4750	561	1	June	2021	830
4751	4270	1	November	2020	862
4752	257	2	January	2023	928
4753	1229	3	April	2022	959
4754	2106	4	August	2020	463
4755	2320	2	July	2020	127
4756	3604	1	August	2020	255
4757	1390	4	January	2020	812
4758	3590	3	May	2021	913
4759	1747	3	April	2020	344
4760	1526	2	August	2022	571
4761	5190	5	February	2022	584
4762	5028	2	January	2020	101
4763	601	1	February	2020	952
4764	5324	3	May	2020	631
4765	423	5	December	2023	761
4766	1588	2	October	2022	351
4767	2443	4	August	2023	917
4768	3938	2	July	2023	866
4769	2862	1	December	2021	750
4770	5255	1	August	2023	350
4771	81	1	October	2020	899
4772	248	3	December	2022	315
4773	153	4	August	2020	260
4774	771	4	March	2023	496
4775	4750	2	May	2020	346
4776	2277	2	April	2020	286
4777	3851	3	December	2021	860
4778	2665	5	September	2021	119
4779	2957	2	September	2021	537
4780	1120	1	September	2021	381
4781	4173	5	January	2022	986
4782	184	2	July	2023	214
4783	1306	5	August	2021	992
4784	3471	2	August	2021	222
4785	439	3	July	2020	855
4786	1316	5	December	2020	140
4787	5137	5	July	2020	335
4788	1003	3	August	2020	629
4789	1428	2	May	2022	596
4790	3391	3	October	2021	186
4791	1985	4	June	2023	109
4792	2665	4	November	2021	713
4793	4565	4	May	2021	179
4794	2836	3	November	2021	977
4795	253	3	May	2021	803
4796	4604	1	August	2021	726
4797	2504	2	November	2022	537
4798	248	5	February	2021	937
4799	4649	1	April	2023	102
4800	2995	5	November	2023	438
4801	2641	5	October	2021	548
4802	4905	1	October	2021	258
4803	642	2	July	2023	914
4804	672	2	May	2022	459
4805	4474	5	January	2021	688
4806	2608	3	November	2020	324
4807	5000	1	March	2021	339
4808	5117	5	March	2021	604
4809	554	4	November	2023	627
4810	3437	1	April	2020	833
4811	25	3	February	2023	593
4812	215	4	May	2023	519
4813	5485	5	December	2023	704
4814	1632	5	August	2021	651
4815	711	3	February	2022	317
4816	3290	1	January	2022	862
4817	2485	3	January	2020	838
4818	2377	1	February	2020	359
4819	3772	4	March	2022	550
4820	589	5	January	2023	873
4821	184	3	June	2021	328
4822	4518	4	May	2020	688
4823	925	5	December	2020	902
4824	3321	1	November	2021	638
4825	651	2	January	2021	626
4826	3591	3	November	2023	488
4827	82	1	May	2023	421
4828	856	4	September	2022	971
4829	5060	2	May	2021	163
4830	633	2	July	2022	793
4831	4600	1	April	2023	261
4832	1980	3	July	2022	624
4833	3371	2	July	2022	832
4834	2308	5	September	2021	107
4835	5097	1	October	2021	757
4836	1017	4	April	2020	103
4837	5185	1	December	2020	419
4838	3949	4	December	2020	158
4839	526	3	November	2023	140
4840	3909	1	January	2020	435
4841	352	5	October	2023	252
4842	2952	2	June	2020	166
4843	5054	3	June	2022	196
4844	2135	2	April	2022	214
4845	5018	4	July	2021	581
4846	180	1	November	2022	466
4847	1789	3	March	2023	994
4848	3362	4	January	2020	794
4849	4691	2	March	2023	569
4850	1313	3	November	2022	745
4851	4537	5	September	2020	374
4852	5498	5	June	2023	419
4853	1760	2	November	2020	749
4854	2932	5	February	2020	997
4855	716	1	October	2021	212
4856	803	1	June	2022	277
4857	4897	2	December	2023	110
4858	5095	4	September	2020	562
4859	1755	3	October	2020	515
4860	4946	3	September	2022	122
4861	4356	3	December	2023	386
4862	5003	4	December	2023	968
4863	3316	2	December	2021	901
4864	3022	2	October	2023	746
4865	699	4	February	2022	714
4866	5493	4	May	2021	656
4867	4171	1	November	2020	201
4868	1458	1	February	2023	663
4869	4081	5	January	2021	806
4870	1647	2	May	2021	607
4871	1893	2	November	2022	195
4872	4446	1	March	2021	922
4873	5013	5	May	2023	779
4874	5094	2	July	2022	108
4875	1523	2	September	2022	807
4876	5371	5	May	2020	274
4877	3831	2	July	2023	331
4878	2691	4	April	2022	797
4879	139	4	March	2022	699
4880	381	4	October	2022	790
4881	1594	5	August	2021	337
4882	1246	1	February	2023	409
4883	3961	2	January	2021	594
4884	952	5	August	2020	762
4885	882	3	March	2021	579
4886	2879	2	February	2020	978
4887	310	2	November	2021	715
4888	966	3	September	2020	147
4889	5110	5	January	2020	295
4890	2987	2	December	2020	637
4891	3269	1	June	2021	895
4892	4723	4	July	2021	875
4893	1289	4	April	2022	470
4894	1623	2	July	2020	184
4895	2095	2	February	2022	836
4896	3042	4	October	2021	435
4897	2805	4	November	2022	672
4898	3283	4	October	2020	616
4899	1866	3	September	2022	256
4900	1101	1	September	2023	889
4901	2189	2	April	2021	206
4902	2610	3	December	2020	551
4903	2970	4	May	2022	251
4904	5498	3	March	2020	140
4905	1609	5	February	2020	895
4906	4769	2	October	2021	266
4907	76	4	March	2022	457
4908	3577	3	March	2020	117
4909	2312	4	November	2023	463
4910	3278	1	November	2023	640
4911	4501	4	January	2020	439
4912	103	2	January	2023	832
4913	3624	5	January	2022	207
4914	1064	1	June	2020	922
4915	3641	4	December	2022	566
4916	2263	3	April	2023	234
4917	166	2	January	2020	430
4918	2065	2	April	2021	323
4919	5422	2	February	2022	437
4920	380	4	August	2023	349
4921	1193	1	August	2020	874
4922	1013	5	December	2020	274
4923	1583	4	February	2023	680
4924	5301	3	January	2021	294
4925	5472	1	September	2021	875
4926	1523	5	September	2023	223
4927	1860	5	March	2022	529
4928	5256	4	June	2020	135
4929	1104	5	December	2020	388
4930	5200	1	October	2022	268
4931	4287	3	July	2023	501
4932	5074	3	August	2022	530
4933	2908	3	November	2020	388
4934	5018	5	August	2020	746
4935	4452	5	February	2023	277
4936	3952	1	March	2022	865
4937	4559	2	October	2023	402
4938	1821	3	July	2023	896
4939	604	1	December	2020	169
4940	4975	5	November	2022	744
4941	3024	5	June	2022	582
4942	645	4	February	2022	103
4943	2053	5	June	2022	939
4944	1592	1	May	2021	400
4945	5449	3	June	2022	896
4946	718	3	August	2020	270
4947	1749	4	September	2023	968
4948	2080	4	May	2021	606
4949	4204	1	March	2021	465
4950	3955	4	April	2023	452
4951	5175	4	May	2020	504
4952	4427	4	December	2023	389
4953	1549	2	January	2020	945
4954	5286	3	June	2021	700
4955	160	4	March	2023	751
4956	3515	4	April	2020	712
4957	733	3	February	2021	546
4958	2674	4	June	2022	119
4959	4824	5	March	2022	284
4960	1697	4	February	2021	588
4961	2297	2	March	2023	263
4962	847	1	July	2023	924
4963	223	1	July	2020	949
4964	3275	5	October	2020	366
4965	2263	4	July	2020	434
4966	518	4	October	2020	122
4967	4568	3	October	2020	282
4968	4378	2	May	2020	499
4969	3769	5	October	2023	647
4970	3161	2	May	2021	882
4971	696	1	April	2021	788
4972	2296	1	September	2021	285
4973	3006	1	March	2021	691
4974	1854	5	February	2020	684
4975	4753	2	May	2023	327
4976	1601	5	April	2022	832
4977	5361	1	November	2020	817
4978	1202	1	March	2022	279
4979	3326	5	October	2021	724
4980	3846	2	February	2022	150
4981	4049	3	July	2020	667
4982	2934	1	August	2021	979
4983	1873	2	March	2021	633
4984	4440	4	September	2020	540
4985	2679	2	April	2020	413
4986	5285	2	May	2023	415
4987	1397	4	December	2022	697
4988	4976	2	July	2022	431
4989	1676	4	January	2023	774
4990	2829	4	September	2021	531
4991	1228	4	December	2023	186
4992	4540	5	January	2022	854
4993	66	2	July	2023	297
4994	3970	1	October	2020	923
4995	301	2	February	2021	176
4996	5129	5	October	2020	861
4997	4755	2	November	2020	194
4998	2712	2	January	2021	482
4999	3752	4	January	2020	723
5000	2899	3	July	2022	986
5001	1430	3	April	2023	234
5002	2345	5	October	2023	115
5003	4052	4	March	2021	843
5004	2790	4	April	2020	663
5005	2232	2	April	2023	562
5006	959	4	September	2023	157
5007	4684	2	October	2020	400
5008	1184	3	December	2022	559
5009	498	5	January	2021	364
5010	1219	5	April	2023	537
5011	1913	4	August	2021	965
5012	870	5	August	2023	758
5013	2942	4	April	2022	125
5014	3388	1	August	2022	931
5015	3804	4	December	2020	903
5016	5192	2	February	2023	291
5017	873	2	June	2022	977
5018	3886	5	August	2020	443
5019	4609	4	December	2021	789
5020	449	4	May	2022	625
5021	5208	4	February	2023	338
5022	927	1	September	2021	554
5023	163	3	November	2020	696
5024	2932	5	June	2021	513
5025	5239	5	February	2021	412
5026	4762	1	April	2020	651
5027	556	3	August	2022	354
5028	722	5	November	2022	101
5029	3105	5	March	2022	577
5030	3371	2	March	2021	167
5031	2145	2	December	2023	109
5032	1206	1	February	2023	852
5033	1984	3	August	2021	865
5034	5174	4	October	2022	877
5035	1511	5	January	2023	251
5036	4499	2	April	2023	421
5037	2471	5	September	2023	309
5038	1468	3	July	2022	891
5039	4986	3	August	2022	408
5040	5428	4	July	2023	343
5041	1961	1	June	2023	210
5042	2162	2	August	2020	971
5043	2752	2	August	2020	611
5044	937	1	June	2020	993
5045	3874	2	July	2020	854
5046	236	5	May	2023	764
5047	4337	3	December	2020	421
5048	4011	3	February	2022	431
5049	3185	4	June	2021	106
5050	1734	5	September	2022	152
5051	3815	2	February	2021	251
5052	2913	5	June	2021	389
5053	4223	4	August	2022	722
5054	3538	5	October	2022	532
5055	1807	2	May	2023	564
5056	691	3	October	2023	653
5057	5278	1	March	2020	848
5058	2893	2	July	2020	952
5059	3367	2	November	2023	616
5060	4702	2	October	2022	391
5061	4370	5	April	2022	587
5062	4209	1	July	2022	705
5063	3822	2	March	2021	493
5064	500	1	December	2023	225
5065	2742	5	December	2020	792
5066	4053	5	September	2023	205
5067	5118	2	November	2020	571
5068	4390	2	October	2020	800
5069	4315	1	November	2022	199
5070	1485	1	November	2023	272
5071	115	2	July	2021	229
5072	2899	1	April	2020	359
5073	4471	3	December	2023	111
5074	5302	2	November	2021	803
5075	152	4	October	2020	424
5076	4347	3	August	2022	937
5077	1145	4	August	2020	148
5078	2615	3	May	2022	669
5079	3618	2	November	2023	566
5080	848	4	January	2023	869
5081	3486	2	April	2022	849
5082	2998	1	August	2022	450
5083	4627	2	December	2022	736
5084	2732	3	January	2021	962
5085	3039	2	September	2020	192
5086	4	5	September	2020	826
5087	2415	5	January	2022	857
5088	3458	3	July	2022	928
5089	687	4	November	2020	538
5090	3577	1	April	2020	518
5091	213	3	August	2022	559
5092	256	4	June	2023	471
5093	1978	4	September	2022	863
5094	2070	1	October	2020	959
5095	1547	3	January	2022	266
5096	2432	2	June	2022	390
5097	4477	1	September	2020	631
5098	2583	4	May	2021	948
5099	5241	4	December	2022	786
5100	1913	3	March	2021	341
5101	4158	2	April	2021	436
5102	2992	5	April	2020	218
5103	1432	3	June	2021	841
5104	2993	3	November	2021	553
5105	192	4	May	2022	232
5106	321	1	December	2023	836
5107	2129	3	October	2023	269
5108	613	5	May	2022	868
5109	475	3	June	2023	845
5110	2840	5	August	2021	989
5111	3693	2	March	2022	558
5112	3569	4	September	2020	387
5113	2242	1	June	2020	181
5114	4389	3	April	2023	262
5115	2755	4	January	2020	595
5116	3272	1	October	2020	888
5117	3385	2	December	2022	628
5118	3329	1	July	2020	994
5119	1549	1	April	2022	928
5120	2962	3	April	2021	349
5121	5079	3	July	2021	433
5122	855	4	March	2020	779
5123	1059	4	June	2021	456
5124	4764	3	June	2020	867
5125	2133	5	June	2022	207
5126	2742	4	June	2022	452
5127	1279	4	October	2021	621
5128	2536	4	August	2021	665
5129	4860	1	February	2020	856
5130	1170	1	November	2022	561
5131	2334	1	October	2022	878
5132	1154	1	June	2021	438
5133	4587	5	August	2023	263
5134	4066	2	June	2020	851
5135	3407	1	September	2022	852
5136	1763	3	January	2023	428
5137	4589	1	August	2022	573
5138	178	2	August	2023	428
5139	187	5	July	2022	629
5140	1402	3	September	2022	820
5141	2714	2	July	2023	521
5142	5030	1	October	2023	484
5143	4381	4	May	2021	315
5144	4676	2	January	2022	687
5145	2407	2	October	2020	172
5146	1216	3	November	2020	813
5147	1763	3	August	2023	810
5148	1461	3	December	2021	671
5149	4055	2	April	2022	932
5150	3680	2	August	2022	547
5151	2591	4	February	2023	926
5152	4800	4	October	2023	635
5153	141	5	May	2023	264
5154	3698	5	April	2023	641
5155	1609	2	December	2021	587
5156	1993	4	March	2020	621
5157	4153	3	March	2022	174
5158	1198	3	December	2020	212
5159	1176	3	May	2021	830
5160	1426	3	March	2022	412
5161	733	3	September	2022	622
5162	3062	5	November	2021	736
5163	5010	3	September	2022	896
5164	4055	5	February	2020	785
5165	2418	1	October	2021	541
5166	4769	4	May	2021	848
5167	1180	4	November	2022	534
5168	5183	3	March	2020	321
5169	1133	2	October	2023	502
5170	3330	5	August	2023	415
5171	2845	2	July	2020	138
5172	5201	5	September	2023	476
5173	4215	4	February	2020	557
5174	4513	4	April	2020	210
5175	1551	1	March	2021	461
5176	4311	5	September	2023	995
5177	1224	2	October	2022	332
5178	318	3	January	2023	956
5179	973	1	January	2020	935
5180	1707	1	February	2021	267
5181	2012	2	July	2023	553
5182	144	4	December	2023	252
5183	2644	3	November	2021	548
5184	4139	4	August	2022	420
5185	2672	4	October	2023	699
5186	1366	5	January	2022	385
5187	2483	5	June	2021	800
5188	1868	2	June	2021	979
5189	396	1	February	2022	644
5190	4843	3	January	2023	323
5191	2656	1	February	2020	245
5192	3908	4	November	2021	492
5193	1028	2	December	2021	991
5194	74	3	December	2022	782
5195	1986	1	January	2020	222
5196	4632	2	December	2023	983
5197	2198	3	June	2021	420
5198	5471	4	November	2022	700
5199	3885	2	October	2021	226
5200	2549	1	May	2021	777
5201	231	1	October	2020	304
5202	1889	5	June	2023	708
5203	3962	2	August	2023	983
5204	5224	1	September	2023	618
5205	3741	3	February	2022	319
5206	2524	4	July	2023	110
5207	2123	4	December	2022	153
5208	742	3	June	2023	135
5209	2463	3	November	2023	665
5210	821	4	February	2021	370
5211	4741	1	December	2020	242
5212	981	4	February	2020	481
5213	611	3	August	2020	304
5214	521	2	August	2020	987
5215	2201	2	April	2020	464
5216	3419	2	July	2020	998
5217	2104	3	January	2022	235
5218	1236	3	June	2022	491
5219	2725	3	October	2022	705
5220	1154	4	August	2023	632
5221	3585	3	August	2021	920
5222	4607	2	February	2022	773
5223	2114	2	March	2020	560
5224	5192	5	December	2023	347
5225	4469	4	March	2021	231
5226	948	1	February	2022	627
5227	204	3	August	2022	650
5228	3778	4	July	2022	931
5229	1307	4	October	2020	544
5230	4051	5	June	2023	697
5231	841	3	March	2021	694
5232	680	5	October	2021	716
5233	43	1	September	2020	513
5234	4506	3	May	2023	251
5235	3039	5	October	2023	161
5236	667	1	September	2020	116
5237	562	1	July	2020	281
5238	5013	5	October	2021	715
5239	220	3	July	2022	977
5240	4443	5	September	2022	368
5241	1570	3	March	2023	960
5242	4620	3	April	2020	304
5243	1701	4	October	2022	269
5244	2563	4	November	2022	578
5245	2018	3	January	2021	882
5246	5326	2	June	2023	528
5247	5078	5	February	2023	762
5248	2269	1	August	2023	597
5249	5000	4	June	2023	512
5250	4821	3	August	2022	553
5251	4432	2	September	2022	816
5252	1119	1	May	2021	612
5253	4997	3	August	2022	361
5254	1820	1	August	2020	705
5255	5354	5	July	2022	650
5256	5039	5	December	2020	466
5257	2573	3	August	2022	260
5258	3331	4	August	2023	802
5259	2631	1	September	2022	246
5260	854	5	October	2020	180
5261	3336	2	September	2023	516
5262	783	4	March	2023	510
5263	3708	1	September	2022	996
5264	591	2	September	2022	750
5265	4583	3	January	2020	363
5266	1796	3	October	2020	173
5267	5169	4	March	2022	245
5268	5158	5	November	2022	328
5269	3779	5	May	2023	681
5270	1052	4	September	2023	556
5271	3576	5	February	2023	657
5272	3287	1	June	2021	742
5273	153	3	February	2020	322
5274	3619	5	September	2020	166
5275	1447	5	September	2020	993
5276	3348	3	April	2021	888
5277	3178	3	June	2023	358
5278	831	3	April	2021	682
5279	3049	4	January	2022	612
5280	3139	3	May	2022	397
5281	3323	4	September	2023	275
5282	2141	3	August	2022	519
5283	930	1	September	2020	814
5284	2420	4	February	2021	579
5285	3355	5	December	2021	698
5286	5044	3	June	2021	454
5287	3542	1	June	2023	328
5288	1480	2	April	2020	495
5289	693	3	July	2022	888
5290	2825	4	December	2023	699
5291	4273	3	August	2021	715
5292	5111	2	March	2023	465
5293	1622	3	January	2023	361
5294	2239	4	September	2022	854
5295	263	5	March	2021	221
5296	2375	2	June	2022	623
5297	2394	4	June	2021	254
5298	2848	4	May	2021	601
5299	679	4	December	2023	531
5300	5396	3	July	2023	340
5301	4418	2	December	2020	269
5302	885	3	February	2022	225
5303	4243	3	November	2021	829
5304	4996	5	October	2023	191
5305	3571	1	April	2021	865
5306	132	3	December	2021	245
5307	601	5	March	2021	326
5308	1537	5	May	2022	768
5309	3967	5	June	2022	818
5310	4867	4	May	2020	778
5311	5150	2	November	2022	263
5312	1037	3	May	2022	919
5313	3631	1	December	2021	960
5314	578	1	January	2020	238
5315	4337	5	March	2021	899
5316	1009	2	September	2020	422
5317	59	4	May	2020	601
5318	2554	1	April	2020	889
5319	3817	4	July	2023	662
5320	1183	4	January	2022	597
5321	5274	1	June	2020	758
5322	1839	2	April	2020	569
5323	1432	2	September	2020	679
5324	2966	2	February	2021	982
5325	3633	5	February	2023	240
5326	1364	5	January	2021	916
5327	3130	1	July	2023	753
5328	2769	4	February	2022	506
5329	921	2	November	2022	951
5330	5144	1	July	2022	126
5331	2092	1	December	2021	861
5332	4222	5	March	2021	207
5333	1414	2	December	2023	401
5334	5332	2	October	2021	974
5335	2144	2	June	2023	706
5336	1788	4	June	2021	324
5337	4183	4	September	2023	109
5338	5047	5	February	2020	681
5339	847	4	March	2023	335
5340	553	3	August	2023	392
5341	3706	5	July	2021	929
5342	3733	3	July	2023	745
5343	2647	3	February	2021	370
5344	512	2	July	2021	430
5345	2420	2	March	2021	831
5346	1916	3	March	2022	199
5347	5041	2	March	2022	189
5348	1594	3	December	2022	760
5349	3336	3	December	2022	437
5350	1973	2	April	2020	851
5351	513	1	February	2021	497
5352	2218	2	July	2022	993
5353	2122	4	September	2023	648
5354	4474	1	July	2022	886
5355	1755	3	December	2023	673
5356	3109	1	May	2020	581
5357	2914	4	June	2022	522
5358	1279	5	November	2021	488
5359	2083	3	August	2020	389
5360	950	3	September	2021	777
5361	1483	5	May	2021	823
5362	2649	5	September	2021	398
5363	116	1	September	2020	254
5364	1165	3	February	2020	331
5365	954	4	May	2020	154
5366	1452	1	June	2023	621
5367	4451	3	December	2022	312
5368	28	4	July	2022	922
5369	150	1	January	2022	937
5370	1256	4	May	2020	409
5371	1377	5	October	2023	950
5372	3322	1	April	2020	678
5373	4198	4	March	2022	710
5374	2185	2	July	2023	133
5375	3642	1	April	2022	838
5376	2162	5	January	2020	201
5377	3126	3	January	2023	157
5378	2510	5	September	2023	228
5379	5459	5	November	2020	784
5380	633	2	August	2022	980
5381	1373	3	February	2023	284
5382	1856	3	April	2020	731
5383	3962	1	April	2022	239
5384	1026	5	July	2023	891
5385	4821	5	May	2021	867
5386	4197	4	September	2022	396
5387	2970	1	January	2023	676
5388	2170	5	January	2020	711
5389	5186	3	October	2021	783
5390	3129	3	September	2021	789
5391	3588	2	July	2022	148
5392	4577	1	January	2023	460
5393	1168	3	March	2021	965
5394	895	5	May	2020	273
5395	2266	1	May	2021	485
5396	2432	2	August	2022	361
5397	5013	5	April	2020	700
5398	3918	2	September	2022	643
5399	2242	2	October	2022	808
5400	1475	4	August	2023	326
5401	4690	1	December	2021	958
5402	2810	5	October	2023	955
5403	4893	2	May	2020	266
5404	5468	1	September	2023	657
5405	4637	4	May	2021	105
5406	3239	5	August	2022	650
5407	1001	4	September	2020	516
5408	1884	2	August	2020	490
5409	4052	4	February	2021	658
5410	2099	4	April	2021	726
5411	142	3	January	2022	575
5412	5452	3	April	2023	718
5413	2374	2	May	2022	910
5414	3203	5	December	2022	100
5415	550	5	October	2022	366
5416	581	3	February	2022	101
5417	832	5	June	2023	233
5418	2791	3	October	2022	953
5419	3306	2	February	2021	458
5420	4503	1	August	2021	465
5421	1291	4	October	2022	108
5422	5118	5	January	2020	295
5423	790	3	May	2020	578
5424	5243	4	August	2020	215
5425	2346	3	August	2023	520
5426	3563	5	March	2021	257
5427	2203	1	March	2021	726
5428	2103	5	July	2022	492
5429	2458	2	April	2022	223
5430	4570	3	October	2020	605
5431	4563	4	November	2021	333
5432	894	2	February	2020	135
5433	1176	1	August	2021	560
5434	2237	4	November	2023	187
5435	4443	3	June	2020	171
5436	3958	2	May	2021	140
5437	5079	3	December	2021	841
5438	306	2	March	2021	845
5439	4984	4	December	2022	403
5440	3188	5	June	2021	397
5441	2232	5	January	2023	843
5442	3079	1	October	2020	210
5443	4223	2	December	2021	689
5444	4722	5	June	2022	928
5445	325	2	October	2020	639
5446	3659	5	March	2020	491
5447	1596	4	January	2020	539
5448	2622	4	January	2020	643
5449	1563	2	May	2023	612
5450	3591	2	July	2022	955
5451	3806	2	March	2023	263
5452	3659	3	January	2022	294
5453	5422	3	December	2022	804
5454	5212	5	July	2023	203
5455	3295	5	September	2021	673
5456	3421	4	February	2023	169
5457	3944	2	December	2023	885
5458	4456	4	September	2023	685
5459	3455	3	March	2023	487
5460	2537	3	January	2022	884
5461	323	5	February	2022	783
5462	2574	2	March	2022	913
5463	3647	1	September	2021	110
5464	5243	1	August	2020	436
5465	1711	3	January	2021	627
5466	4061	4	April	2020	204
5467	3243	1	February	2023	346
5468	4436	3	May	2021	115
5469	3457	2	June	2020	833
5470	2553	4	October	2023	702
5471	2099	4	December	2023	178
5472	2853	3	November	2021	398
5473	4936	1	March	2023	183
5474	74	4	October	2022	183
5475	1670	3	October	2020	416
5476	2049	1	May	2021	195
5477	1959	4	May	2021	518
5478	1534	1	April	2022	747
5479	124	1	November	2023	759
5480	4089	4	September	2020	865
5481	4637	5	July	2020	717
5482	2161	1	June	2023	441
5483	1578	5	December	2021	222
5484	2007	5	November	2022	253
5485	4983	2	November	2022	594
5486	2219	3	May	2020	574
5487	2416	2	August	2022	860
5488	3345	2	May	2020	341
5489	81	1	May	2020	938
5490	3976	2	February	2023	883
5491	2381	4	August	2022	476
5492	3437	1	January	2022	317
5493	31	4	July	2022	414
5494	5315	3	November	2021	797
5495	5301	5	August	2022	544
5496	2653	1	October	2022	778
5497	2559	3	May	2022	684
5498	4389	3	May	2023	741
5499	4578	1	March	2023	762
5500	157	3	December	2020	569
\.


--
-- Data for Name: workstudy_programs; Type: TABLE DATA; Schema: public; Owner: postgres
--

COPY public.workstudy_programs (workstudyid, programname, department, hourlyrate, hoursperweek) FROM stdin;
1	Library Assistant	Library	15	8
2	Lab Technician	Biology	23	5
3	Campus Tour Guide	Admissions	24	12
4	Athletics Department Helper	Athletics	21	19
5	Dining Services Aide	Hospitality	22	5
\.


--
-- Name: Academic_Years_AcademicYearID_seq; Type: SEQUENCE SET; Schema: public; Owner: postgres
--

SELECT pg_catalog.setval('public."Academic_Years_AcademicYearID_seq"', 1, false);


--
-- Name: Category_Mapping_CategoryID_seq; Type: SEQUENCE SET; Schema: public; Owner: postgres
--

SELECT pg_catalog.setval('public."Category_Mapping_CategoryID_seq"', 1, false);


--
-- Name: FinancialAid_Records_FinancialRecordID_seq; Type: SEQUENCE SET; Schema: public; Owner: postgres
--

SELECT pg_catalog.setval('public."FinancialAid_Records_FinancialRecordID_seq"', 1, false);


--
-- Name: Grants_GrantID_seq; Type: SEQUENCE SET; Schema: public; Owner: postgres
--

SELECT pg_catalog.setval('public."Grants_GrantID_seq"', 1, false);


--
-- Name: Loans_LoanID_seq; Type: SEQUENCE SET; Schema: public; Owner: postgres
--

SELECT pg_catalog.setval('public."Loans_LoanID_seq"', 1, false);


--
-- Name: Monthly_Income_MonthlyIncomeID_seq; Type: SEQUENCE SET; Schema: public; Owner: postgres
--

SELECT pg_catalog.setval('public."Monthly_Income_MonthlyIncomeID_seq"', 1, false);


--
-- Name: Payment_Methods_MethodID_seq; Type: SEQUENCE SET; Schema: public; Owner: postgres
--

SELECT pg_catalog.setval('public."Payment_Methods_MethodID_seq"', 1, false);


--
-- Name: Scholarships_ScholarshipID_seq; Type: SEQUENCE SET; Schema: public; Owner: postgres
--

SELECT pg_catalog.setval('public."Scholarships_ScholarshipID_seq"', 1, false);


--
-- Name: Students_Spending_SpendingID_seq; Type: SEQUENCE SET; Schema: public; Owner: postgres
--

SELECT pg_catalog.setval('public."Students_Spending_SpendingID_seq"', 1, false);


--
-- Name: Students_StudentID_seq; Type: SEQUENCE SET; Schema: public; Owner: postgres
--

SELECT pg_catalog.setval('public."Students_StudentID_seq"', 1, false);


--
-- Name: Work_Study_Programs_WorkStudyID_seq; Type: SEQUENCE SET; Schema: public; Owner: postgres
--

SELECT pg_catalog.setval('public."Work_Study_Programs_WorkStudyID_seq"', 1, false);


--
-- Name: academic_years Academic_Years_pkey; Type: CONSTRAINT; Schema: public; Owner: postgres
--

ALTER TABLE ONLY public.academic_years
    ADD CONSTRAINT "Academic_Years_pkey" PRIMARY KEY (academicyearid);


--
-- Name: category_mapping Category_Mapping_pkey; Type: CONSTRAINT; Schema: public; Owner: postgres
--

ALTER TABLE ONLY public.category_mapping
    ADD CONSTRAINT "Category_Mapping_pkey" PRIMARY KEY (categoryid);


--
-- Name: financialaid_records FinancialAid_Records_pkey; Type: CONSTRAINT; Schema: public; Owner: postgres
--

ALTER TABLE ONLY public.financialaid_records
    ADD CONSTRAINT "FinancialAid_Records_pkey" PRIMARY KEY (financialrecordid);


--
-- Name: grants Grants_pkey; Type: CONSTRAINT; Schema: public; Owner: postgres
--

ALTER TABLE ONLY public.grants
    ADD CONSTRAINT "Grants_pkey" PRIMARY KEY (grantid);


--
-- Name: loans Loans_pkey; Type: CONSTRAINT; Schema: public; Owner: postgres
--

ALTER TABLE ONLY public.loans
    ADD CONSTRAINT "Loans_pkey" PRIMARY KEY (loanid);


--
-- Name: monthly_income Monthly_Income_pkey; Type: CONSTRAINT; Schema: public; Owner: postgres
--

ALTER TABLE ONLY public.monthly_income
    ADD CONSTRAINT "Monthly_Income_pkey" PRIMARY KEY (monthlyincomeid);


--
-- Name: payment_methods Payment_Methods_pkey; Type: CONSTRAINT; Schema: public; Owner: postgres
--

ALTER TABLE ONLY public.payment_methods
    ADD CONSTRAINT "Payment_Methods_pkey" PRIMARY KEY (methodid);


--
-- Name: payment_preferences Payment_References_pkey; Type: CONSTRAINT; Schema: public; Owner: postgres
--

ALTER TABLE ONLY public.payment_preferences
    ADD CONSTRAINT "Payment_References_pkey" PRIMARY KEY (studentid, methodid);


--
-- Name: scholarships Scholarships_pkey; Type: CONSTRAINT; Schema: public; Owner: postgres
--

ALTER TABLE ONLY public.scholarships
    ADD CONSTRAINT "Scholarships_pkey" PRIMARY KEY (scholarshipid);


--
-- Name: students Students_pkey; Type: CONSTRAINT; Schema: public; Owner: postgres
--

ALTER TABLE ONLY public.students
    ADD CONSTRAINT "Students_pkey" PRIMARY KEY (studentid);


--
-- Name: workstudy_programs Work_Study_Programs_pkey; Type: CONSTRAINT; Schema: public; Owner: postgres
--

ALTER TABLE ONLY public.workstudy_programs
    ADD CONSTRAINT "Work_Study_Programs_pkey" PRIMARY KEY (workstudyid);


--
-- Name: students_spending pk_Student_Spending_SpendingID; Type: CONSTRAINT; Schema: public; Owner: postgres
--

ALTER TABLE ONLY public.students_spending
    ADD CONSTRAINT "pk_Student_Spending_SpendingID" PRIMARY KEY (spendingid);


--
-- Name: idx_financialaidrecords_financialrecordid; Type: INDEX; Schema: public; Owner: postgres
--

CREATE INDEX idx_financialaidrecords_financialrecordid ON public.financialaid_records USING btree (financialrecordid);


--
-- Name: idx_students_studentid; Type: INDEX; Schema: public; Owner: postgres
--

CREATE INDEX idx_students_studentid ON public.students USING btree (studentid);


--
-- Name: idx_studentspending_spendingid; Type: INDEX; Schema: public; Owner: postgres
--

CREATE INDEX idx_studentspending_spendingid ON public.students_spending USING btree (spendingid);


--
-- Name: financialaid_records fk_AcademicYear_AcademicYearID; Type: FK CONSTRAINT; Schema: public; Owner: postgres
--

ALTER TABLE ONLY public.financialaid_records
    ADD CONSTRAINT "fk_AcademicYear_AcademicYearID" FOREIGN KEY (academicyearid) REFERENCES public.academic_years(academicyearid) NOT VALID;


--
-- Name: students_spending fk_Category_Mapping_CategoryID; Type: FK CONSTRAINT; Schema: public; Owner: postgres
--

ALTER TABLE ONLY public.students_spending
    ADD CONSTRAINT "fk_Category_Mapping_CategoryID" FOREIGN KEY (categoryid) REFERENCES public.category_mapping(categoryid) NOT VALID;


--
-- Name: financialaid_records fk_Grants_GrantID; Type: FK CONSTRAINT; Schema: public; Owner: postgres
--

ALTER TABLE ONLY public.financialaid_records
    ADD CONSTRAINT "fk_Grants_GrantID" FOREIGN KEY (grantid) REFERENCES public.grants(grantid) NOT VALID;


--
-- Name: financialaid_records fk_Loans_LoanID; Type: FK CONSTRAINT; Schema: public; Owner: postgres
--

ALTER TABLE ONLY public.financialaid_records
    ADD CONSTRAINT "fk_Loans_LoanID" FOREIGN KEY (loanid) REFERENCES public.loans(loanid) NOT VALID;


--
-- Name: payment_preferences fk_Payment_Preferences_MethodID; Type: FK CONSTRAINT; Schema: public; Owner: postgres
--

ALTER TABLE ONLY public.payment_preferences
    ADD CONSTRAINT "fk_Payment_Preferences_MethodID" FOREIGN KEY (methodid) REFERENCES public.payment_methods(methodid) NOT VALID;


--
-- Name: financialaid_records fk_Scholarships_ScholarshipID; Type: FK CONSTRAINT; Schema: public; Owner: postgres
--

ALTER TABLE ONLY public.financialaid_records
    ADD CONSTRAINT "fk_Scholarships_ScholarshipID" FOREIGN KEY (scholarshipid) REFERENCES public.scholarships(scholarshipid) NOT VALID;


--
-- Name: monthly_income fk_Students_StudentID; Type: FK CONSTRAINT; Schema: public; Owner: postgres
--

ALTER TABLE ONLY public.monthly_income
    ADD CONSTRAINT "fk_Students_StudentID" FOREIGN KEY (studentid) REFERENCES public.students(studentid);


--
-- Name: students_spending fk_Students_StudentID; Type: FK CONSTRAINT; Schema: public; Owner: postgres
--

ALTER TABLE ONLY public.students_spending
    ADD CONSTRAINT "fk_Students_StudentID" FOREIGN KEY (studentid) REFERENCES public.students(studentid);


--
-- Name: payment_preferences fk_Students_StudentID; Type: FK CONSTRAINT; Schema: public; Owner: postgres
--

ALTER TABLE ONLY public.payment_preferences
    ADD CONSTRAINT "fk_Students_StudentID" FOREIGN KEY (studentid) REFERENCES public.students(studentid);


--
-- Name: financialaid_records fk_Students_StudentID; Type: FK CONSTRAINT; Schema: public; Owner: postgres
--

ALTER TABLE ONLY public.financialaid_records
    ADD CONSTRAINT "fk_Students_StudentID" FOREIGN KEY (studentid) REFERENCES public.students(studentid);


--
-- Name: financialaid_records fk_WorkStudy_WorkStudyID; Type: FK CONSTRAINT; Schema: public; Owner: postgres
--

ALTER TABLE ONLY public.financialaid_records
    ADD CONSTRAINT "fk_WorkStudy_WorkStudyID" FOREIGN KEY (workstudyid) REFERENCES public.workstudy_programs(workstudyid) NOT VALID;


--
-- PostgreSQL database dump complete
--

