FinancialRecordID,StudentID,AcademicYearID,ScholarshipID,GrantID,LoanID,WorkStudyID
1,4476,4,,,,
2,3706,1,1,1,1,
3,1067,4,4,,,
4,1535,4,,1,1,
5,3838,3,,1,,
6,1214,3,1,,1,
7,5052,3,1,,,
8,3202,1,,,3,
9,3705,2,3,,,2
10,97,4,,1,1,3
11,5500,3,,,,
12,1457,3,,1,2,
13,2284,2,,4,4,
14,483,2,,,,1
15,480,4,,4,1,
16,474,3,,,1,
17,1946,3,1,,,
18,2216,2,2,,2,1
19,2941,4,,,,
20,1082,2,2,,2,
21,1783,4,,2,,
22,1259,2,,2,,
23,307,3,1,,,2
24,4832,3,,,,1
25,4611,4,,,1,2
26,857,4,,,,
27,3000,3,,,,
28,554,2,,,1,2
29,4615,2,,,,2
30,238,4,,,4,
31,3140,4,,4,2,2
32,3485,4,,4,,3
33,1905,4,,2,,
34,5127,2,,,4,
35,3609,3,,,,4
36,4533,1,3,,4,
37,3855,4,3,3,,
38,4476,1,,2,,3
39,5342,2,,1,,3
40,4388,1,,,,3
41,3116,1,,4,2,3
42,1308,2,,,,
43,5118,4,4,,,
44,621,3,,2,,
45,4408,1,,4,2,4
46,4593,4,,,4,3
47,5447,3,2,,,
48,1466,2,,,3,
49,5033,4,,3,,
50,2750,3,,,,
51,5288,2,2,,,1
52,2865,4,4,1,,
53,3460,4,,,,
54,183,3,,,,
55,5155,4,3,,2,
56,1735,4,,4,2,3
57,1511,2,1,,4,
58,4801,4,2,,3,
59,18,4,,,,4
60,76,4,,1,,1
61,5195,4,,,,
62,4077,4,,1,1,
63,3285,3,2,4,2,
64,1343,2,,1,,
65,4679,3,4,3,4,1
66,3645,3,,,4,
67,2882,3,2,,2,
68,5266,1,,,,3
69,2093,4,,,3,
70,303,1,,2,,
71,1663,2,1,,,1
72,3693,3,3,1,1,
73,3696,2,,,,
74,2679,3,4,,3,
75,185,4,,,3,
76,1811,2,,4,1,
77,3063,4,1,,,4
78,167,2,1,,2,
79,2759,4,,3,3,1
80,4759,1,4,,,3
81,2071,3,,,,1
82,5317,3,,,3,
83,3288,1,,,,1
84,849,2,,,,
85,2133,4,,,1,1
86,5440,3,2,2,,
87,899,3,,2,,3
88,2375,1,,,,
89,1463,1,1,4,,
90,1058,1,,,4,
91,982,4,,,,4
92,3915,4,,,4,2
93,1388,2,,,1,2
94,3518,3,1,,,
95,2602,3,2,,,3
96,1319,2,,,,
97,3317,4,,4,1,
98,4163,1,4,,,
99,3180,3,2,1,4,
100,3014,2,,1,,
101,3525,3,,,1,
102,1026,3,,2,4,4
103,1039,3,,2,3,4
104,3898,4,3,3,1,
105,5315,3,1,1,3,
106,2610,4,,,3,
107,5049,3,,1,,
108,3894,1,,,,
109,2842,1,,,,3
110,4920,1,,2,,3
111,667,2,2,3,,
112,4879,2,3,1,,
113,3814,4,1,,4,
114,3684,3,,4,,
115,375,3,4,4,,2
116,2663,4,3,1,1,
117,92,4,2,,,
118,810,1,,,,4
119,508,4,2,4,,
120,3800,1,,2,4,4
121,954,3,,4,,
122,4895,1,,4,,2
123,2613,4,4,,4,
124,2401,4,3,1,,1
125,4214,1,1,2,,
126,3746,3,4,,2,
127,2209,4,1,3,,
128,2639,1,4,,4,
129,5317,3,,,,
130,54,2,,2,,3
131,5149,3,,,,
132,886,2,,,,
133,1926,3,,,,3
134,333,4,,,,
135,2223,2,,1,,4
136,246,3,,,4,
137,1472,1,,4,,2
138,3879,2,4,4,,
139,28,1,3,,1,
140,2980,2,,3,,
141,3727,4,,3,2,
142,99,3,2,,,2
143,2334,3,,,1,2
144,2307,1,4,,,
145,3351,2,,,3,4
146,1798,1,2,,4,3
147,850,3,,,,1
148,685,2,,1,,
149,4432,4,,,3,
150,2234,2,2,,,
151,3414,3,,,3,
152,4881,2,,,,
153,4944,1,,,4,
154,4956,3,4,,4,
155,4046,4,,3,2,2
156,1034,2,3,3,,1
157,4668,3,,,,
158,590,3,,,4,
159,5387,3,,,,
160,2750,4,,,,
161,2933,2,,,1,2
162,3981,2,,,,
163,1448,4,1,,,2
164,4213,2,,,,2
165,4125,3,,,3,
166,2266,2,,4,,1
167,405,3,,,,
168,2608,1,,4,3,4
169,1227,2,,,,
170,3853,1,,3,,4
171,3936,1,2,,4,
172,5192,1,,2,1,
173,2123,4,,1,1,
174,834,3,2,,,1
175,342,2,,,,
176,833,1,2,,1,4
177,5175,4,,,1,4
178,231,1,4,,,1
179,1795,2,,,1,
180,5099,1,,,2,
181,1089,4,2,,4,1
182,4667,1,1,1,4,1
183,3852,4,,1,,4
184,2192,3,4,,,1
185,5282,4,,,,4
186,3940,1,3,1,1,1
187,5467,2,,,4,
188,5484,1,3,,,
189,4096,4,,,,1
190,575,2,2,,4,
191,3955,1,4,3,,
192,1926,3,3,3,4,
193,1686,4,,1,,2
194,4953,3,,,,3
195,1620,3,,,,3
196,1838,4,,,3,
197,2777,4,,,,3
198,3201,2,3,,,
199,4827,3,1,,2,
200,4205,3,,3,,3
201,4510,3,,,,4
202,3595,3,,,,4
203,2876,3,4,,,1
204,1663,4,,2,,
205,2328,3,,,4,
206,1663,1,4,,,3
207,2997,1,,,,
208,621,2,,4,,3
209,1734,2,,2,,
210,759,3,,,2,
211,2011,3,,3,4,3
212,4121,2,4,,3,2
213,3489,1,,4,2,
214,4619,4,,,,
215,1154,3,,4,,
216,2374,1,2,,,1
217,4568,3,2,,,
218,1492,2,4,,,
219,5229,1,,2,,2
220,3494,1,4,,,
221,4501,3,1,,,3
222,5153,3,,,,
223,623,3,2,3,4,
224,5028,2,1,,,
225,322,3,3,,,1
226,3714,2,4,1,2,3
227,1021,2,,2,,
228,4951,2,1,3,4,
229,1544,3,4,,,1
230,4619,2,3,2,4,
231,4349,2,,,,4
232,3972,3,3,,3,1
233,3134,2,,,,4
234,3816,1,2,,,
235,4129,4,3,,2,
236,2681,1,3,,,3
237,1452,2,,,2,1
238,5041,1,,,,
239,2120,2,,,,
240,2765,2,2,,,
241,83,4,,3,4,
242,2963,2,,4,,
243,2145,4,1,1,3,
244,3585,3,,,,
245,5061,4,,,,
246,1901,1,1,,,
247,1337,4,2,,,
248,2679,3,,,4,2
249,101,3,,,,1
250,3352,4,,,1,
251,3358,2,,,,4
252,1257,3,,,,
253,2363,2,,,3,3
254,4013,1,,,3,
255,3357,2,,3,2,
256,1538,4,,2,,4
257,1230,3,,2,2,3
258,3174,3,3,,2,
259,2901,1,2,,2,
260,3975,3,1,3,3,4
261,3628,1,1,,4,
262,1328,1,1,3,2,
263,5029,2,,,,2
264,1260,1,,3,2,
265,3536,3,,,,3
266,2909,2,2,,,
267,572,2,,1,,
268,4792,2,2,4,,
269,3496,1,,,,
270,4039,4,,,,3
271,1338,3,,2,,1
272,88,3,3,,1,
273,5249,4,,2,,
274,2283,1,,3,2,4
275,4913,3,,,1,3
276,1995,4,4,1,1,4
277,86,4,,2,,3
278,2488,3,,,,
279,2870,2,,2,1,2
280,5101,4,,,3,
281,1719,2,,,,
282,4212,3,,4,,
283,3733,4,1,,,
284,3989,2,,1,,3
285,3988,1,,,2,4
286,4442,1,,,3,3
287,905,3,,,,3
288,1412,1,,4,,
289,4062,4,3,,2,
290,99,3,2,,3,
291,5025,4,,,1,4
292,3222,1,,,4,
293,2706,3,,,,
294,2158,4,3,,,
295,4310,4,2,1,,
296,1740,1,,,3,
297,4075,2,,2,,
298,2464,2,,,,4
299,4852,3,,3,,
300,3264,1,2,1,,3
301,1701,4,,,2,1
302,999,1,,,,
303,3320,3,,3,,
304,4413,1,1,4,4,
305,2411,1,3,,,1
306,685,4,3,4,,1
307,3972,4,,,,4
308,1186,2,1,3,2,
309,1162,1,,,4,
310,932,3,,3,,
311,2472,3,,2,3,
312,3362,3,2,1,,
313,652,3,1,2,,2
314,4245,4,3,,,
315,4750,1,,,,4
316,4668,2,,,,2
317,4875,2,1,4,,
318,5455,1,,,,1
319,1304,4,,,,4
320,2782,1,,,1,
321,573,1,,,,1
322,3409,2,,2,,
323,413,2,,,1,
324,1297,3,,,1,3
325,4450,4,3,2,,
326,927,2,4,,,
327,1404,3,,,3,
328,5007,3,3,1,,
329,67,2,,2,1,1
330,2747,2,4,2,,
331,3877,3,2,,4,
332,3583,3,4,,2,4
333,3391,1,3,4,,2
334,4647,3,,1,3,
335,3911,3,,4,,2
336,4432,1,3,3,,2
337,3780,2,,3,,
338,2037,3,,,3,
339,4770,2,3,,3,
340,4708,1,2,,,2
341,5340,1,3,,,
342,3234,3,,4,,
343,3248,3,,1,4,3
344,2368,2,,2,,
345,1252,1,3,1,1,1
346,1250,3,,,,
347,1170,1,,,,
348,3781,2,,,,
349,1564,2,,,4,
350,1237,1,,3,,
351,2191,1,3,4,,
352,4512,2,1,4,1,
353,3387,1,2,2,,2
354,844,4,2,3,,
355,893,3,,,,3
356,881,1,,,,
357,3539,2,,,,
358,406,1,,3,,
359,4373,2,,4,,
360,977,1,1,,,
361,876,1,2,2,,
362,3380,4,1,,1,4
363,4549,3,,,2,
364,1862,4,4,,,
365,2820,4,2,,,
366,3386,2,,1,1,
367,4733,3,4,4,,
368,457,1,3,,4,1
369,5406,4,1,,,
370,1906,4,2,2,2,
371,4706,1,,2,,
372,5046,4,,,,
373,3485,1,2,,,
374,429,2,1,4,1,3
375,2899,1,,2,,
376,5021,3,4,,,
377,2147,4,,,,
378,808,3,2,3,2,1
379,5355,3,4,,,
380,1114,1,,,,
381,3020,2,,1,4,2
382,4597,4,,4,,
383,712,4,,,,4
384,1467,3,4,3,,4
385,5217,4,,2,2,
386,1485,4,3,1,,
387,1181,3,2,4,2,
388,274,2,4,2,2,
389,2315,2,,,,
390,558,2,1,,2,3
391,4547,2,3,,,2
392,356,4,,,1,
393,5360,2,2,,4,4
394,1332,3,3,,,
395,1474,2,,1,,3
396,246,4,4,3,,
397,4844,2,4,4,,3
398,2744,4,,3,3,
399,5393,1,,,,
400,1849,3,,3,,4
401,3710,4,,4,,3
402,5293,2,,,2,
403,3663,3,2,,,2
404,1491,1,3,,,1
405,4241,4,,,,
406,1737,1,,,,
407,4253,3,4,1,4,1
408,2459,3,4,,4,
409,3885,3,,,,
410,1839,1,4,,4,
411,1251,4,,,1,1
412,2147,1,4,4,1,
413,3745,4,,,4,4
414,4948,3,1,1,,4
415,1133,3,,,,1
416,2738,3,2,4,,3
417,1602,1,,,1,2
418,3573,3,1,,,
419,3043,3,,,2,
420,3744,1,,,2,1
421,3492,1,,1,,
422,4295,3,,,,3
423,3018,2,4,,2,3
424,4496,3,4,,,
425,2019,2,1,4,2,
426,4528,4,,,,4
427,3923,4,3,2,,
428,801,4,,,4,
429,4195,4,,,,1
430,4321,4,,,,
431,2333,4,2,3,2,
432,1240,1,3,,,
433,3002,4,,1,,
434,3200,3,,1,,2
435,3632,3,,,,2
436,1880,1,4,,,1
437,3353,1,,,2,2
438,5242,4,,3,,3
439,4394,4,4,,1,4
440,1774,2,3,,3,1
441,3896,2,,,,
442,4830,2,,,,
443,4084,2,,,3,4
444,3435,1,,4,,3
445,5460,1,,1,2,4
446,1047,3,1,,2,
447,3098,1,,4,1,2
448,4991,3,3,,1,
449,4513,2,,,,
450,3984,4,1,,3,
451,2927,3,,,,3
452,1024,1,3,,,1
453,3700,4,,,,3
454,3041,1,,4,,4
455,2115,3,3,4,4,
456,2007,3,,1,,4
457,4624,4,,1,,2
458,4589,1,3,4,,3
459,3327,1,3,1,4,
460,3669,1,,1,,
461,285,4,,,,
462,1603,2,,,4,4
463,3216,4,,,,
464,1575,4,,3,,4
465,4166,3,,,,
466,1703,1,,,2,
467,371,2,,,1,
468,2419,4,,,1,3
469,2199,1,3,4,,
470,5448,1,,,,
471,2811,3,,,,
472,4200,3,,2,2,
473,5439,4,,,,1
474,3577,1,2,,,
475,4746,1,,,1,
476,3045,4,,,,
477,2482,4,,1,,1
478,4841,4,2,,,
479,2857,1,4,1,3,1
480,5014,1,,3,,
481,3257,4,3,,,
482,822,4,2,,,
483,3602,3,,,,4
484,4748,2,,,2,3
485,5342,3,3,2,4,4
486,507,1,4,4,,1
487,2282,2,2,1,,
488,1787,3,,2,,2
489,290,3,4,4,2,
490,5270,3,,,,1
491,5006,4,,,1,2
492,1140,4,4,3,,2
493,4798,4,,2,2,
494,3439,4,,3,1,
495,675,2,,1,2,
496,190,2,,1,,
497,1618,4,,,,1
498,3168,2,,,,
499,2468,1,3,,2,
500,5135,4,4,1,,
501,727,1,,,,
502,1083,3,,,,
503,698,1,,4,,2
504,3320,4,,3,1,1
505,2356,2,,,1,
506,1451,1,2,4,1,2
507,2158,3,1,,,
508,1818,2,,,,2
509,3597,1,2,2,2,
510,1882,3,,,2,
511,1726,3,,1,,1
512,1505,4,,4,4,
513,3976,1,,,,
514,5405,4,,,,4
515,1741,2,,,,
516,3393,3,,,3,
517,4340,2,1,,,
518,1372,1,,,,
519,1143,3,2,,3,3
520,2454,4,3,,,4
521,1204,2,3,,1,4
522,3406,4,,,,
523,3150,3,2,2,1,
524,2364,2,,,4,1
525,977,1,,2,,4
526,5242,4,,,4,
527,3753,4,3,,,
528,4520,4,4,1,,
529,5493,2,,3,,4
530,4224,1,,,2,
531,1302,3,,,,3
532,1538,3,2,,,
533,3155,2,,2,,
534,506,3,1,,,
535,4549,2,,1,,4
536,4400,4,,2,,4
537,4999,4,,,,
538,2610,1,,,,
539,867,4,3,,4,
540,1254,2,1,4,1,
541,4326,1,,,,4
542,4532,2,,,,2
543,4162,4,2,3,3,4
544,2432,2,,,3,
545,701,4,,,,
546,2021,2,,1,,3
547,62,3,1,,3,1
548,3002,4,,,,3
549,5451,3,3,,3,1
550,318,4,4,1,3,
551,2590,2,,4,,
552,1033,3,,2,,
553,3127,2,,,,
554,191,2,,,1,2
555,2368,3,,3,,
556,825,3,2,,,4
557,5087,3,2,1,3,2
558,4233,1,2,,1,
559,4552,3,,,2,1
560,965,4,,3,,2
561,3637,3,,,,
562,784,4,3,,,4
563,3288,2,2,,,
564,391,1,,,,
565,5219,2,1,,,2
566,270,1,,,,
567,235,3,,,,4
568,847,1,3,,1,2
569,3722,2,4,4,,
570,4297,2,,2,,3
571,4159,1,,,,
572,3430,4,,3,4,
573,3088,3,4,,2,
574,3708,1,,4,4,4
575,5496,3,,,,3
576,4793,3,,3,2,2
577,995,4,,3,3,
578,1533,3,,,2,
579,3197,1,1,,2,4
580,1305,4,2,,,
581,3763,2,,1,2,
582,3886,1,4,,,4
583,990,2,,1,,3
584,256,1,,2,,
585,5100,2,,1,,
586,3308,2,,3,,1
587,5001,1,,,1,
588,2393,3,2,1,,4
589,5231,4,,1,,4
590,1243,2,,,,3
591,4320,1,,,3,
592,2478,4,,2,1,
593,2159,4,,4,,
594,5383,3,,,3,
595,1671,4,2,3,,2
596,1798,2,,,,
597,3573,2,,,1,
598,5204,4,3,3,,
599,4436,1,,,2,
600,525,2,4,,,3
601,1330,2,,3,,3
602,3311,2,,4,,4
603,3715,1,1,4,,1
604,1397,2,,,1,
605,1801,3,1,,,
606,212,2,,,,
607,227,1,,,,3
608,4794,4,,3,3,3
609,5466,2,,,,1
610,493,2,,,,
611,1104,1,4,3,,4
612,1949,4,3,,4,2
613,4525,1,1,,,
614,1074,1,,,3,1
615,2268,1,,3,4,
616,3849,1,4,1,,
617,3490,4,4,,,4
618,2946,3,,,,3
619,3647,2,3,4,2,4
620,2431,1,,4,,2
621,1565,1,3,,,
622,5056,1,4,3,3,1
623,960,4,,,,
624,726,3,3,1,1,3
625,915,4,2,,,
626,3653,4,1,3,,4
627,1425,1,,2,1,
628,1476,1,4,,3,4
629,4491,1,,,1,
630,3664,3,3,,,3
631,3834,2,,1,1,
632,543,3,,1,,4
633,3321,4,,,,
634,1229,4,,,,
635,2238,3,3,3,2,3
636,3427,3,,,,4
637,486,1,,,,3
638,1910,3,2,,,1
639,3744,4,,,,1
640,1737,3,,,,2
641,4209,1,,,,
642,3916,1,4,,4,1
643,3920,2,,,,
644,4625,3,,,2,
645,5001,3,,2,2,
646,912,2,,,,2
647,1624,4,3,2,1,
648,2744,1,2,3,,4
649,3125,1,4,1,,
650,4412,3,,,3,
651,685,4,3,,2,2
652,596,2,2,1,,
653,3539,3,,,1,
654,1688,1,2,,,
655,542,2,,,1,
656,1468,3,3,4,3,3
657,276,1,,,,
658,5190,1,1,,4,4
659,1835,1,3,,,1
660,1581,2,,,2,3
661,4099,1,,,,
662,2732,4,3,4,,
663,1648,2,,4,,
664,4198,2,,,,2
665,2614,1,,4,2,
666,2686,3,,,,2
667,1417,1,1,,3,4
668,2745,4,,,,1
669,1749,1,2,1,,
670,333,4,,,,
671,2753,1,,,4,4
672,3542,3,,,,
673,5492,2,4,,3,
674,4599,3,1,,2,
675,2950,1,,,1,1
676,4256,1,,1,3,
677,4301,3,4,1,4,
678,1550,3,,4,,
679,4278,3,,2,1,
680,4492,1,,3,1,
681,3129,2,,,,3
682,762,4,,1,,
683,87,4,,3,,1
684,4511,4,4,,1,
685,548,3,,,,
686,343,3,1,,,
687,2285,3,,,,
688,3435,1,,4,,1
689,789,2,,3,,4
690,1332,4,2,,,2
691,2943,2,,,,
692,987,1,,4,,2
693,4270,4,1,,2,
694,3709,3,3,3,,2
695,1745,2,4,4,4,
696,5263,3,1,,,
697,3782,1,,4,2,4
698,4938,3,1,,2,3
699,5135,1,,,,3
700,4052,1,,2,,
701,4703,1,,3,4,
702,1098,1,1,,,
703,3364,1,,3,,
704,2892,3,,3,,3
705,1639,4,1,,3,
706,4082,3,,,,1
707,4048,1,2,2,,
708,1453,3,4,,,
709,5419,2,,4,,2
710,2574,3,,4,3,3
711,3776,1,,1,,
712,2522,3,2,1,,
713,2519,4,,,,
714,4693,2,,,2,
715,987,2,3,,,1
716,735,4,1,4,3,
717,800,4,,,1,
718,4912,1,,,,1
719,993,1,,,,1
720,4979,2,1,,2,2
721,556,3,,,,3
722,419,1,1,,,1
723,1610,2,3,3,3,
724,4500,2,4,2,4,
725,4927,1,,3,,
726,3358,4,,,,
727,2477,3,,4,,
728,566,2,,,,1
729,4908,3,,,,3
730,4122,2,,2,2,
731,4456,4,,,,
732,3734,4,,,1,
733,2755,1,,,,
734,4290,3,,,,2
735,3683,3,,,2,
736,5333,3,,4,,4
737,3950,1,,,,3
738,1863,1,2,2,,
739,3411,1,1,,,
740,1296,3,,4,,
741,89,4,4,,3,3
742,4730,2,1,,,
743,3515,3,1,,,
744,2363,1,,,4,3
745,5301,3,,,,
746,479,3,,4,2,3
747,4994,2,4,2,1,
748,1611,2,4,,2,
749,3688,2,,,,
750,5165,3,,,3,
751,3992,2,4,2,,3
752,2165,4,,,,
753,2627,3,,,,
754,609,4,,2,3,
755,4442,4,,1,,
756,4678,3,,4,,1
757,1127,2,,4,4,1
758,1831,4,,,,
759,5265,3,4,,,2
760,4384,2,,4,,
761,2264,3,1,,,
762,3401,4,,,,
763,3940,2,,3,4,
764,921,4,,3,,
765,4032,4,,,,3
766,4740,4,3,,,4
767,5387,2,,,,
768,2636,1,,3,,
769,4427,3,2,1,,3
770,1426,2,,,,3
771,3807,3,2,,3,
772,2016,3,,3,1,
773,3810,4,1,,,3
774,1383,1,,,,
775,2271,1,1,3,4,1
776,1515,1,,,4,1
777,601,1,,,2,
778,2371,1,2,,2,4
779,4805,3,1,2,3,3
780,727,1,1,,,
781,2793,1,,,3,
782,3923,2,4,,,2
783,4644,4,,4,,
784,2206,3,,,,
785,1699,2,,2,,
786,4309,2,,,1,
787,894,3,,4,,
788,186,3,4,,1,
789,295,4,3,2,1,
790,4024,3,3,4,4,3
791,1435,1,1,,1,
792,5089,3,4,,3,
793,120,4,,4,4,1
794,241,4,3,,3,3
795,2349,4,,,,
796,1153,4,3,3,,
797,5463,4,,2,,
798,3121,2,,,,2
799,1822,1,4,,,
800,1500,4,4,,,2
801,2973,4,,3,,
802,997,3,,,,1
803,1711,2,1,,,
804,5281,2,,,,
805,4413,4,,,2,4
806,2007,2,3,,,
807,5398,2,,,,
808,3244,2,,,3,
809,4321,1,3,1,1,
810,4523,4,,,,2
811,120,3,3,,2,2
812,4071,2,,,,4
813,5486,4,,3,1,
814,3266,3,,,3,
815,1071,1,,1,,1
816,1987,1,1,,,
817,3402,2,1,,,
818,2070,2,4,2,,
819,3708,4,2,2,,2
820,2405,1,4,,,
821,2835,4,,3,,
822,2919,1,1,,,
823,2919,2,2,,2,
824,973,3,,,1,
825,210,2,1,3,,3
826,5299,3,,3,,
827,4855,3,,3,2,
828,1433,2,,,2,
829,4968,4,,,,
830,2527,4,4,1,3,
831,3224,1,,2,,
832,2673,3,,,4,
833,2722,3,,,,
834,4018,1,1,4,3,2
835,1088,1,,2,,
836,4052,3,2,,,
837,1454,2,,1,2,4
838,4221,4,3,,1,
839,2860,2,,,,3
840,1972,4,2,3,3,2
841,1128,2,,,4,
842,405,3,,,3,
843,4533,3,,,,
844,2229,3,2,,4,3
845,3751,2,3,,3,
846,1003,1,,2,,
847,4231,2,2,2,,
848,345,1,,,,4
849,1169,3,,,,
850,3443,3,,,1,1
851,1278,2,,,3,
852,1304,1,,,,
853,1085,4,2,3,,
854,5159,2,,,4,
855,3377,1,,2,,
856,3251,1,,,,
857,2846,1,4,,1,
858,5421,4,3,3,,
859,605,3,3,,,
860,2839,2,,,,
861,186,3,,4,,
862,2583,1,,,,3
863,4302,3,,2,,
864,348,4,,4,,
865,1257,2,,,3,
866,497,1,3,,,
867,1620,4,,,,2
868,554,3,2,,,
869,4532,4,2,,,
870,3317,2,3,,,4
871,1578,3,,,,3
872,3848,1,,,,
873,1091,4,,,3,2
874,2368,4,,,3,
875,4729,1,,4,,
876,114,4,3,3,3,1
877,1437,1,2,,4,
878,5159,3,1,1,,
879,5381,2,,1,,
880,3495,2,3,1,,
881,446,4,,,4,
882,1804,2,2,,,
883,2384,4,4,,2,
884,2881,3,,,1,
885,4208,1,,1,2,
886,355,4,,,,1
887,5442,1,2,3,,4
888,2118,3,,,4,2
889,792,2,,3,,3
890,1619,4,1,2,2,
891,4135,1,3,,,
892,308,2,3,,,
893,1942,1,,,,1
894,4450,2,3,,4,1
895,1710,3,,,,
896,3721,1,3,1,4,1
897,4738,4,3,1,,
898,4509,4,,2,,
899,1972,4,1,1,,2
900,2400,3,1,,,
901,5382,4,,,,2
902,4455,2,,,,
903,3858,2,3,,4,
904,1656,1,,,,
905,2990,2,,2,4,
906,1315,2,4,3,4,
907,446,4,,4,,
908,2445,3,,2,,4
909,5335,2,2,,,
910,557,4,,4,,
911,82,1,,,2,
912,2923,3,,,4,2
913,232,2,,,4,
914,171,2,4,,1,1
915,602,1,4,,3,1
916,2865,4,2,,1,4
917,4507,2,2,,,1
918,3220,2,1,,,
919,1665,3,,4,1,1
920,3941,2,,,,
921,1229,2,,,,4
922,1254,2,,,,3
923,3925,3,,2,3,1
924,3636,2,2,2,,
925,2802,3,,,,
926,4389,1,3,1,,4
927,5368,1,,2,,
928,945,2,,4,2,1
929,4627,3,,,,
930,3528,2,,4,,
931,658,3,,2,4,
932,4942,1,2,,1,
933,139,2,,,,
934,2395,4,1,,,2
935,3311,4,,,,
936,3964,1,,2,,1
937,3112,3,,3,,4
938,110,2,,4,1,
939,3437,4,,1,,
940,4643,4,,2,2,
941,118,1,,,,4
942,5448,3,2,,3,
943,2335,1,2,,4,4
944,2578,4,3,3,,
945,1211,4,4,,4,4
946,2629,3,4,,3,
947,576,1,4,,4,
948,3578,3,4,1,,3
949,3945,3,,3,,
950,1754,2,4,4,3,
951,4887,1,1,,,
952,1052,4,1,1,3,2
953,5144,2,,1,,
954,2744,2,,,1,
955,5404,1,,,2,
956,3043,2,4,,,4
957,3904,1,,3,,
958,3117,2,4,4,,
959,1514,1,,1,3,1
960,1859,3,,3,4,3
961,1282,3,3,3,,3
962,333,2,,3,,
963,3644,4,,1,,
964,410,3,,,2,
965,2757,1,1,,1,
966,748,1,3,2,3,
967,5024,2,,,,
968,3142,2,,1,,4
969,4186,3,,3,,
970,5281,4,,,3,3
971,4493,4,,2,,1
972,445,2,,1,4,2
973,3173,2,,,,
974,3125,4,,,3,
975,540,2,2,,3,2
976,1758,4,,,,
977,4269,1,4,,,
978,844,1,2,,3,1
979,4462,4,,,,
980,2151,4,,2,3,
981,4584,3,,,,3
982,933,4,4,,3,
983,2107,3,,3,,
984,3473,1,1,,,
985,2179,1,,,,1
986,2432,1,,3,4,
987,3135,4,,4,,
988,329,4,,1,,1
989,331,2,,1,,
990,592,4,4,,,
991,3680,2,,,4,2
992,1461,3,1,,,
993,4708,4,2,2,1,2
994,5369,3,2,,4,
995,4631,4,,,3,2
996,1641,1,,3,2,4
997,3319,4,,4,1,
998,4122,4,,,,2
999,593,1,3,4,,3
1000,1948,1,,2,2,
1001,3218,2,,3,,2
1002,4610,4,1,,3,
1003,4823,4,,,2,1
1004,3808,3,4,,,
1005,810,2,,3,,
1006,4270,1,,2,,
1007,2029,2,,,1,
1008,168,1,,,,
1009,4024,3,1,,,
1010,4058,2,,2,3,1
1011,4441,2,4,2,,
1012,4238,1,1,,,4
1013,5363,1,1,,,
1014,2423,4,,,,
1015,3779,4,,4,,3
1016,3605,3,,1,,
1017,930,2,3,,,1
1018,3249,3,,1,,3
1019,4780,4,,,,
1020,2823,2,,3,2,
1021,2733,4,2,,,
1022,4507,3,,,,4
1023,4761,3,1,,,3
1024,3525,3,4,1,,
1025,182,4,1,2,,
1026,4748,1,,,,
1027,2690,2,,3,,4
1028,4739,4,,,,
1029,708,2,,,4,
1030,1667,2,,,2,1
1031,3666,1,,3,,3
1032,2207,1,,,4,
1033,5273,3,1,,,
1034,3906,2,1,1,3,
1035,4292,1,,,,
1036,1255,2,4,,,
1037,1314,4,,,,
1038,3792,4,,,,
1039,1090,1,,4,1,3
1040,2841,1,,,,4
1041,3272,4,3,,3,
1042,631,3,,,,2
1043,3919,4,,1,,
1044,2540,2,4,4,3,
1045,939,1,,,3,3
1046,1280,3,4,4,,4
1047,4791,2,2,,2,
1048,4232,2,2,3,,3
1049,4554,1,,2,,
1050,2056,4,1,4,,3
1051,2499,4,,1,,
1052,4230,1,,,,
1053,1095,4,,,,4
1054,935,2,,,3,4
1055,3119,4,,2,,
1056,193,4,,,,4
1057,4760,1,,,,
1058,3666,3,,3,,
1059,4460,4,,4,,
1060,3985,1,,2,3,
1061,3304,1,3,,,
1062,1915,2,,,,
1063,2557,1,3,,,
1064,3305,4,,3,3,
1065,606,2,2,,,
1066,3151,4,4,1,2,
1067,1004,3,,3,,1
1068,2243,2,,4,,4
1069,832,3,1,,,
1070,4360,2,2,4,1,
1071,504,2,,,,3
1072,3057,2,4,2,,2
1073,3205,4,,,,3
1074,170,3,,1,2,1
1075,503,2,4,,,4
1076,1499,3,,3,,
1077,3246,4,,2,,1
1078,3120,1,,,3,
1079,492,3,,,,
1080,2030,3,,2,,2
1081,1261,3,,4,3,
1082,4810,4,,,,
1083,1397,3,3,,,3
1084,5309,1,2,1,2,4
1085,2002,1,,4,,2
1086,2544,1,1,,1,
1087,995,1,,,,
1088,4285,4,4,4,,
1089,3250,3,,,,
1090,2022,2,,,3,
1091,2307,1,2,,,3
1092,4848,1,2,,1,2
1093,2016,3,1,,,2
1094,3611,4,,,,1
1095,2629,3,,,4,4
1096,3763,4,,,4,
1097,3560,3,3,3,,
1098,725,2,4,,,4
1099,4792,3,,,3,3
1100,3349,4,2,,,2
1101,725,4,,,,1
1102,852,1,3,2,2,3
1103,2337,4,3,,,
1104,5258,1,,,2,
1105,4265,1,,,,4
1106,3357,4,,,2,
1107,4579,4,3,,,4
1108,2579,4,2,1,1,1
1109,5370,4,3,,3,
1110,5410,2,3,,,
1111,754,1,,,,2
1112,3868,4,,,4,2
1113,2737,3,3,4,,3
1114,259,4,,,,
1115,1080,1,,1,,
1116,2612,1,,3,,3
1117,5222,4,1,4,4,
1118,91,3,,,,
1119,2768,1,2,,3,
1120,3927,4,,,4,
1121,1225,1,1,4,,2
1122,4239,3,4,1,,1
1123,4584,4,1,,,
1124,274,3,,,,
1125,307,3,2,,1,
1126,2587,4,2,,,
1127,3356,4,,2,,
1128,1064,1,,,,4
1129,550,2,,,3,3
1130,3696,4,,,1,3
1131,3318,4,1,3,2,
1132,1208,4,4,1,,1
1133,1253,3,,,4,
1134,1849,3,,,,
1135,3718,4,,,,3
1136,460,1,,,,
1137,3656,3,,,,
1138,2200,4,,,,
1139,495,2,,,,1
1140,2166,2,,,4,4
1141,717,1,,,2,
1142,3670,2,,,4,
1143,401,1,,2,,
1144,4968,4,,2,3,
1145,1250,2,,,2,4
1146,4045,1,,,,3
1147,4157,4,4,,2,2
1148,4058,2,3,,2,3
1149,4345,2,,1,2,
1150,104,1,,,,
1151,4106,4,,,,1
1152,2010,4,,,,3
1153,5049,3,2,3,,
1154,1710,2,1,4,,1
1155,2572,1,,,2,
1156,304,4,,,3,
1157,2377,4,1,4,,
1158,3217,2,,,4,
1159,268,2,,1,,4
1160,2455,3,2,3,,3
1161,4963,4,3,2,,1
1162,4039,1,,,,
1163,46,1,3,,,2
1164,5395,3,2,1,1,
1165,2555,1,4,4,,4
1166,4651,2,,,2,
1167,1588,3,,,3,
1168,5275,3,,1,,
1169,1883,3,2,,,
1170,3262,4,1,,,2
1171,4206,4,,3,,2
1172,1629,3,,3,,
1173,4275,4,1,,1,3
1174,3692,1,3,,,2
1175,3085,1,3,2,,2
1176,1445,1,,,,
1177,648,2,3,3,,
1178,4536,2,,,,3
1179,3230,3,,1,,
1180,732,3,,,,1
1181,1073,2,,,1,
1182,639,3,1,3,2,
1183,60,4,3,,,
1184,4721,4,,,,
1185,216,4,,,2,1
1186,554,1,4,,2,3
1187,4146,4,,,1,4
1188,5456,2,,,,4
1189,4570,3,1,,,
1190,2446,3,,4,4,
1191,377,2,,3,,
1192,1391,4,1,,,3
1193,711,2,,2,2,
1194,5056,1,1,,4,
1195,5145,1,1,1,,4
1196,399,3,,3,,
1197,1195,3,,,2,2
1198,337,2,,,1,4
1199,986,3,,4,,
1200,2270,4,1,,,1
1201,2212,4,,2,,
1202,4515,1,,3,,
1203,3470,4,,4,,
1204,4330,2,,,4,
1205,3298,2,2,,2,
1206,2996,2,,,,2
1207,3081,2,,,,
1208,3165,2,,,4,1
1209,2079,2,3,,4,1
1210,451,1,4,,,
1211,3812,1,1,,,
1212,1923,2,,1,3,1
1213,5035,3,,,,
1214,54,3,2,,,4
1215,4979,3,,,,3
1216,4890,2,,,4,
1217,743,2,,1,1,2
1218,440,1,2,,,3
1219,2770,2,,,1,
1220,1311,1,3,1,,
1221,4870,4,,1,,
1222,3972,2,,,2,
1223,2516,1,1,,,1
1224,4339,4,1,2,3,4
1225,501,1,3,,,4
1226,1917,1,4,2,1,
1227,3822,4,,3,,
1228,2123,4,,3,1,1
1229,967,3,3,,,1
1230,3484,4,,1,1,
1231,1414,3,,,,
1232,2486,4,,,3,
1233,5140,4,,3,4,
1234,1573,1,1,,,4
1235,517,3,,,1,
1236,4852,2,,,2,
1237,3484,4,,4,,3
1238,2247,4,1,,1,
1239,3831,1,,,2,3
1240,2432,2,,,,
1241,2806,4,,,,4
1242,1476,1,2,,,4
1243,979,4,1,,,
1244,1691,1,,,4,1
1245,4364,1,3,3,3,1
1246,1423,4,4,4,,
1247,4182,1,1,2,3,
1248,488,4,2,,,
1249,3934,1,4,1,3,
1250,4230,3,3,,,
1251,5270,2,,,,
1252,3865,2,,,,
1253,2700,4,3,2,1,
1254,5152,3,,1,,4
1255,1424,4,1,,,
1256,713,2,3,,2,4
1257,1715,1,3,4,,
1258,4460,2,,3,1,2
1259,3846,4,2,,,1
1260,1423,2,4,,,3
1261,4123,1,,2,1,4
1262,4569,1,3,1,,
1263,2726,2,,2,2,3
1264,1395,1,,3,,3
1265,3993,1,2,1,1,
1266,4510,4,,,,
1267,1172,4,1,2,,2
1268,2210,2,,,,
1269,2142,1,4,,4,1
1270,3179,4,,,,
1271,3238,1,,1,1,
1272,2236,1,,,2,
1273,350,3,,1,2,4
1274,4629,3,,,,2
1275,5109,4,,,4,2
1276,718,1,3,,,
1277,4549,1,2,,4,
1278,3820,3,3,,,
1279,2723,2,,,3,
1280,3123,1,,,,
1281,784,4,,4,1,2
1282,1717,1,,2,,
1283,893,3,4,4,,
1284,2000,3,4,4,,
1285,346,1,1,,,
1286,3507,3,,3,2,3
1287,857,3,,2,,
1288,4546,4,,3,1,4
1289,210,4,1,2,,1
1290,3681,4,,4,,
1291,1335,2,,,,
1292,4878,3,,3,,
1293,3752,1,,4,,1
1294,1432,3,2,,,
1295,1195,1,4,1,,4
1296,4917,1,,,,
1297,3724,4,,,1,
1298,3325,3,2,1,4,
1299,1771,2,4,,,
1300,52,1,1,2,,4
1301,1575,3,1,3,,2
1302,1147,4,,4,,1
1303,420,4,,,,
1304,2667,1,3,,,
1305,3807,1,,2,4,1
1306,1735,1,,2,,
1307,2667,2,,4,,
1308,4533,1,,3,,1
1309,168,3,,,,
1310,2010,3,,3,,
1311,2174,3,1,4,1,
1312,4763,1,,,,
1313,1639,2,2,3,1,2
1314,2653,4,,,4,
1315,4625,2,3,,,4
1316,5307,3,1,,,2
1317,3210,4,,,,2
1318,5109,3,,,,1
1319,2880,1,,3,,1
1320,1712,2,,4,4,3
1321,712,1,,,,2
1322,4878,3,3,3,3,
1323,2179,3,,,1,
1324,4577,4,3,,,
1325,2711,3,1,1,,
1326,2969,4,,,4,
1327,1119,2,,1,1,
1328,4379,2,,,4,
1329,2362,3,,2,3,4
1330,1519,3,1,,4,
1331,1934,3,,1,3,
1332,2247,1,,,,
1333,4326,1,,4,4,2
1334,5009,2,,1,,4
1335,651,4,,,,4
1336,209,2,,4,1,1
1337,2966,3,4,,,2
1338,341,3,,,,1
1339,1233,2,1,1,,
1340,1645,2,,3,1,
1341,2805,1,,3,,
1342,2035,2,,,2,
1343,4402,3,2,3,2,
1344,1553,2,4,,,
1345,4586,1,1,3,1,
1346,200,3,,3,,
1347,3552,2,3,1,,
1348,5495,2,,,,
1349,4459,4,,1,,3
1350,5131,2,,1,4,
1351,4989,4,,,4,
1352,2408,1,,,3,
1353,1281,4,,,,
1354,3914,4,3,4,3,
1355,1926,3,,4,,2
1356,981,3,,2,,
1357,1676,2,3,,,4
1358,3457,1,1,,,2
1359,2826,3,2,,,
1360,1545,4,,3,1,3
1361,4469,3,,,,
1362,5318,4,,,,
1363,2559,1,3,,4,
1364,4122,3,4,4,4,
1365,4957,2,3,,3,2
1366,2495,4,,,,
1367,3922,4,,,,
1368,5293,4,1,,,4
1369,2826,2,4,2,,2
1370,839,1,2,1,,3
1371,4412,1,4,,2,
1372,3467,4,1,4,4,
1373,140,4,,3,,
1374,1287,1,2,1,1,
1375,864,1,4,3,,
1376,3928,4,,,,
1377,2180,3,,,,4
1378,748,3,,3,4,
1379,4472,3,4,,4,
1380,3123,3,,,4,
1381,390,2,,1,3,
1382,4343,4,,,,
1383,5356,3,,3,,
1384,5213,4,,,2,1
1385,4881,4,2,,,
1386,4141,2,3,,,4
1387,4360,2,2,3,,3
1388,101,3,,4,2,
1389,3663,3,4,,,
1390,5298,3,,,1,
1391,2054,3,,,,
1392,2073,3,,,,
1393,4022,4,,,1,3
1394,4238,4,1,3,,
1395,2692,4,,3,3,
1396,829,2,2,,1,
1397,807,2,1,1,,4
1398,1711,2,1,,3,
1399,3202,2,,1,,1
1400,5015,2,4,,,
1401,3506,4,2,,4,4
1402,675,3,2,,,2
1403,1360,3,1,1,,3
1404,2484,2,,,4,1
1405,3414,1,4,,4,
1406,5136,3,,,2,
1407,3846,3,4,,,
1408,3390,4,2,,,
1409,2564,3,,,,
1410,2663,2,2,,,
1411,182,3,,1,,3
1412,4020,3,2,,,1
1413,3457,1,,,,2
1414,1183,1,4,,,
1415,851,1,1,4,3,4
1416,2054,4,,,,4
1417,1545,2,,,,1
1418,2063,2,3,3,,
1419,3357,3,1,,,2
1420,1679,3,3,4,,1
1421,442,1,3,,,
1422,910,1,,1,2,2
1423,1990,2,2,,,
1424,610,4,,4,2,
1425,424,1,,,,4
1426,370,2,2,,,4
1427,1558,3,3,2,,1
1428,5156,3,,2,,1
1429,4119,3,2,,4,4
1430,2530,4,3,,,4
1431,4776,2,4,3,,
1432,3306,1,,,,
1433,5371,1,,,4,
1434,1153,2,3,,,4
1435,4516,2,,,,
1436,2306,3,,4,,3
1437,3890,3,4,,,3
1438,3443,4,1,4,,4
1439,2467,4,1,3,,
1440,1361,3,2,2,,
1441,670,4,,,2,
1442,3721,2,2,,2,2
1443,3049,2,1,,,
1444,3884,1,1,1,3,
1445,2977,2,,2,,
1446,2979,3,,2,4,4
1447,3516,3,4,,,
1448,1406,2,,1,,
1449,1290,3,,1,,1
1450,523,1,,1,1,2
1451,5073,1,,,2,
1452,2073,3,,1,4,2
1453,1287,2,,,1,
1454,917,1,4,,3,
1455,1857,4,,,3,1
1456,3889,3,,1,,
1457,2799,1,,,,4
1458,1463,2,,,,
1459,2508,2,,3,,3
1460,2190,1,,,,1
1461,2528,4,,,,2
1462,3346,2,,,1,1
1463,1736,3,3,,2,
1464,5451,1,1,4,,
1465,1492,1,3,,4,4
1466,3870,3,2,,,
1467,5374,3,,,,
1468,3233,1,2,3,,
1469,587,1,3,,,
1470,2905,3,,,,2
1471,599,3,,,4,4
1472,630,1,,4,,
1473,2967,1,,,2,
1474,4370,4,,,,
1475,4178,1,,,,3
1476,5180,3,3,1,,
1477,1547,4,,,2,4
1478,2843,1,,,,
1479,5136,3,,3,3,
1480,1971,1,,1,1,
1481,3659,1,,3,2,
1482,1937,1,,,,
1483,4341,4,4,,,
1484,1729,2,,4,2,1
1485,1751,1,,,4,
1486,3631,2,2,4,,3
1487,1504,4,1,,,2
1488,2335,4,,,4,
1489,4015,1,,,,3
1490,4607,1,1,3,3,1
1491,465,4,,,,4
1492,2968,4,,,,2
1493,1867,1,3,1,3,
1494,4986,2,,3,,
1495,65,1,,3,1,
1496,616,1,,,,
1497,3079,3,,,3,
1498,2263,4,,4,,
1499,4801,1,,4,4,
1500,1160,4,,,,
1501,808,4,,,,
1502,3726,1,4,,3,
1503,5405,1,3,,1,4
1504,3666,2,,,2,
1505,3167,3,,3,4,
1506,2436,1,3,4,3,
1507,1300,3,,2,,
1508,3684,3,,,4,2
1509,1453,3,,,,1
1510,3352,1,1,3,,
1511,1760,3,,,3,
1512,3075,4,,,4,1
1513,1996,4,,,3,
1514,5187,3,,3,,3
1515,1218,2,3,3,,2
1516,3483,3,,1,,
1517,5033,4,,1,,3
1518,4487,4,4,2,3,
1519,654,2,2,,,1
1520,5045,1,3,3,,3
1521,5302,2,,4,1,
1522,5486,4,,,2,
1523,2747,4,2,,4,
1524,4519,2,,,,4
1525,1606,4,3,,3,2
1526,3543,4,1,,,
1527,4763,1,,,,1
1528,5000,1,,1,,
1529,4895,3,1,,3,
1530,1415,2,1,,,4
1531,3752,3,3,1,4,1
1532,3605,1,,3,,3
1533,3571,4,,4,3,3
1534,4657,3,,1,,
1535,421,1,,3,,1
1536,901,4,,2,4,
1537,2520,2,2,4,,1
1538,226,3,,,,
1539,4448,2,,1,3,3
1540,3283,4,4,1,,
1541,2482,4,,,,3
1542,2372,4,,,3,
1543,1037,1,,,,
1544,225,3,,,,2
1545,352,3,,,3,
1546,4997,2,3,,2,
1547,3887,2,,,4,
1548,268,4,3,,,1
1549,3796,1,1,4,4,
1550,4201,2,4,,3,2
1551,4484,3,4,,3,2
1552,4565,1,3,,,
1553,5130,3,,,,
1554,1572,2,,4,,
1555,902,2,,,4,
1556,4566,2,,,,
1557,5181,4,3,2,,
1558,2267,3,,,,
1559,4245,4,4,,,
1560,2393,3,2,,1,
1561,150,1,,2,1,
1562,4437,2,,,1,1
1563,359,2,4,1,,1
1564,3194,4,,,,2
1565,1103,4,3,3,3,4
1566,2900,2,1,4,,1
1567,5018,2,,4,,1
1568,1223,3,,4,,
1569,2601,1,,2,,
1570,338,1,,1,2,3
1571,2744,4,,,1,
1572,1872,3,,,,4
1573,2844,4,2,1,3,3
1574,3654,4,4,,,
1575,465,3,1,4,,2
1576,467,4,,4,,1
1577,5160,3,,2,2,
1578,2825,1,4,,,4
1579,911,4,,,1,4
1580,1533,2,,,,
1581,4185,4,,1,4,
1582,2495,2,,,,3
1583,2888,2,,,2,
1584,741,3,4,,,1
1585,2902,2,,,2,3
1586,1703,3,,2,3,
1587,489,4,,,2,3
1588,2565,3,4,,,
1589,2926,3,2,3,,1
1590,4136,4,,1,4,
1591,420,3,,1,3,1
1592,1709,2,,3,,2
1593,4019,1,1,,,2
1594,735,3,2,,3,
1595,3415,1,3,,,
1596,3744,2,,2,3,
1597,2949,3,2,2,4,2
1598,1429,3,3,,,1
1599,623,3,,,4,2
1600,261,4,3,3,,2
1601,1774,3,,2,,
1602,2945,1,4,3,1,
1603,5271,1,,,2,3
1604,5023,2,,,,
1605,580,3,,,1,4
1606,4043,4,1,1,,4
1607,4338,4,,,,
1608,3542,2,1,1,4,
1609,2275,3,,,,1
1610,2705,1,3,,,2
1611,3819,2,,,,1
1612,5497,3,1,3,,
1613,3775,2,4,,,
1614,5080,1,3,4,2,
1615,1120,1,1,2,,
1616,3923,4,3,2,,1
1617,4168,4,2,1,,
1618,2601,4,,,3,
1619,3973,2,,,,1
1620,2026,3,,4,3,3
1621,581,1,2,3,,
1622,2944,4,2,4,1,2
1623,132,4,,,,
1624,2182,1,4,,2,2
1625,4524,1,3,4,2,
1626,341,3,,3,,1
1627,5397,3,,3,2,
1628,2130,4,3,,,
1629,2760,2,,1,3,2
1630,4838,2,,,4,
1631,1015,1,1,1,,2
1632,936,1,3,4,,4
1633,2676,3,,,4,4
1634,2485,2,2,,2,
1635,3193,3,,4,4,4
1636,4183,4,,,,2
1637,2763,2,,2,2,
1638,532,4,2,1,4,
1639,5416,3,4,,,3
1640,709,2,2,,,4
1641,5289,3,4,,,
1642,2495,2,2,,4,2
1643,857,3,,4,4,2
1644,2961,1,2,,,4
1645,2027,3,,,,
1646,3276,4,3,3,3,
1647,785,3,,,,4
1648,2971,4,3,,3,
1649,2339,2,,1,,3
1650,4838,2,,,,1
1651,4831,4,1,3,,3
1652,895,4,4,,,
1653,4480,4,2,2,1,3
1654,4630,3,,,,4
1655,2337,4,,,,1
1656,2772,3,4,,3,
1657,4866,4,4,,1,
1658,622,3,,,2,
1659,190,3,,4,,
1660,5443,1,,4,2,2
1661,1425,1,1,2,,
1662,5093,3,1,,3,
1663,4142,1,,,,3
1664,4504,1,,4,4,
1665,2742,3,,,,3
1666,2317,2,,3,2,1
1667,3640,4,,1,4,
1668,2822,2,,,,
1669,2592,4,1,1,,2
1670,4109,2,,1,,
1671,5074,2,,,,1
1672,4831,1,2,2,,
1673,546,3,,,,
1674,2725,2,,,1,
1675,2315,2,2,,2,
1676,3864,1,3,3,1,
1677,5158,3,,1,,1
1678,4669,1,4,,,
1679,1485,3,2,,3,
1680,5148,2,2,,2,
1681,3302,4,,1,,
1682,2117,4,2,4,,
1683,5098,2,,,2,
1684,3370,1,1,,,
1685,2477,4,,,,3
1686,5117,4,3,,,4
1687,4403,2,,,2,
1688,1503,1,,,,
1689,3117,2,,2,,
1690,3280,2,3,,,
1691,2258,2,1,,2,
1692,4574,4,4,,3,
1693,4511,1,,,4,4
1694,3562,1,,,1,2
1695,3511,3,2,1,4,
1696,1226,4,3,1,,
1697,912,1,,,3,
1698,4013,2,,,,
1699,5449,4,,,3,
1700,5438,2,3,,4,
1701,1550,3,,,,2
1702,390,1,1,,,2
1703,1649,2,,4,1,
1704,5476,3,,,,
1705,1529,2,,2,4,4
1706,426,3,1,,,
1707,3552,1,1,,,
1708,1262,3,1,,1,2
1709,934,1,,4,,
1710,4822,4,,2,,4
1711,1399,2,1,1,,
1712,3145,3,,,2,4
1713,1430,2,,2,,
1714,2187,2,2,,,
1715,2683,4,4,3,3,
1716,2116,1,,,,1
1717,3671,3,,,,2
1718,3092,4,,1,,4
1719,2576,4,1,,4,
1720,153,4,,1,,
1721,4766,1,,,,3
1722,2565,1,4,,,3
1723,5174,3,,2,,
1724,315,3,1,3,,
1725,2250,1,,2,,2
1726,2774,3,3,,,4
1727,3465,3,,4,,4
1728,5098,2,,,4,
1729,4396,2,4,,,4
1730,4092,1,,,3,
1731,1300,3,3,,,4
1732,874,3,,,,
1733,204,4,,2,,
1734,4757,3,,,1,3
1735,2137,4,,,2,
1736,4497,4,2,4,,
1737,1641,1,2,,,
1738,4006,4,,,,1
1739,2754,3,3,1,4,
1740,2801,4,1,,2,4
1741,4316,2,,4,,
1742,5460,3,,,,
1743,5261,3,,,,
1744,826,2,,,2,2
1745,1751,3,,3,,
1746,4046,3,,,1,
1747,1012,1,,,,
1748,1273,1,,,,
1749,2598,3,2,,,
1750,4061,3,,,,
1751,5358,4,,4,3,2
1752,2080,2,1,2,,
1753,359,4,,,1,3
1754,3319,1,,1,1,1
1755,4432,4,3,3,,3
1756,1884,3,,2,4,
1757,2546,2,,2,1,
1758,615,2,3,1,1,
1759,627,3,4,1,,
1760,4321,3,1,2,,
1761,793,3,,,2,
1762,1505,4,3,,,
1763,2515,4,,,3,2
1764,3706,4,1,1,1,3
1765,3349,4,2,2,2,
1766,5045,2,3,,3,
1767,5017,3,,,,4
1768,1539,3,,,4,
1769,2851,4,2,,3,
1770,5403,2,,2,,
1771,146,4,1,,1,2
1772,4704,1,,,,1
1773,1493,1,,2,,
1774,4841,3,4,,,1
1775,5292,4,,4,4,
1776,1433,2,,1,,
1777,3707,2,3,2,,
1778,4093,3,,,,2
1779,5340,2,,1,,
1780,413,2,,,,
1781,5415,1,1,4,3,
1782,1661,4,3,1,,
1783,1188,1,3,3,2,
1784,301,3,,,,
1785,4320,1,1,3,1,
1786,2548,4,,,,
1787,713,1,2,,4,
1788,5195,1,,,4,
1789,1446,4,,1,,1
1790,2111,4,,1,,
1791,406,2,2,3,,
1792,2871,1,,,,
1793,2947,1,,,4,2
1794,490,2,3,4,,
1795,1319,4,,4,,1
1796,4694,3,2,4,,1
1797,2852,4,,4,2,2
1798,1252,4,4,,,
1799,3961,3,,1,,
1800,270,2,3,,1,
1801,4536,2,1,3,,2
1802,3657,3,,,2,
1803,4947,1,4,1,,
1804,5327,1,2,,4,
1805,2657,3,,,4,4
1806,422,1,,2,,4
1807,582,1,3,3,3,
1808,1013,3,4,,4,
1809,1642,1,,,4,2
1810,1185,4,4,3,,
1811,3893,1,,,,
1812,2224,2,,,,
1813,3141,4,,2,1,2
1814,4742,2,,,,2
1815,4175,2,,,,2
1816,1035,4,,4,,1
1817,2755,3,,,2,4
1818,3784,4,,1,3,
1819,2446,1,4,,4,4
1820,2912,1,,1,1,
1821,490,4,,,,1
1822,3870,1,,3,,2
1823,1486,1,,,,
1824,5468,2,,,,2
1825,3495,1,,,2,4
1826,4895,3,,3,1,3
1827,5428,3,4,4,,
1828,226,1,,,,1
1829,1361,2,4,2,2,3
1830,4667,3,,,,1
1831,823,3,,3,2,
1832,2412,4,,,3,
1833,4511,1,3,,,
1834,4830,1,,,,
1835,659,3,,2,2,2
1836,84,3,,,,
1837,2101,1,,,,
1838,4402,4,4,,,
1839,2813,4,,,,2
1840,1743,3,,,2,
1841,2299,4,,,,1
1842,1779,3,3,,,3
1843,2116,4,,,3,
1844,2784,2,1,1,,3
1845,4726,4,,3,,
1846,4220,1,3,,,3
1847,5155,2,,1,2,
1848,1744,4,4,,3,
1849,2244,3,,4,,2
1850,2999,4,,,1,
1851,3692,2,,,,
1852,2335,2,,,,2
1853,4396,2,,2,,
1854,3244,2,,,4,
1855,2964,1,,1,4,
1856,4166,3,4,,,
1857,327,3,3,,,
1858,1484,4,,,,
1859,260,1,,2,,3
1860,1940,3,2,2,,
1861,378,3,4,4,,
1862,3226,3,1,1,,
1863,2649,3,,4,3,
1864,2295,1,,2,1,4
1865,1874,2,,,,
1866,3824,1,,2,,
1867,3831,4,,2,2,
1868,279,1,,2,2,
1869,1299,1,,,1,
1870,4592,1,2,1,,2
1871,1750,3,,1,2,
1872,2327,4,,,,1
1873,3448,3,1,,4,
1874,4495,2,2,2,,
1875,1357,3,,3,,
1876,3111,3,,,2,
1877,2603,3,,1,2,2
1878,1092,4,4,,,4
1879,1208,2,4,,,
1880,3354,4,2,,,1
1881,2975,3,,,1,
1882,5059,2,1,,,4
1883,2668,4,2,1,,
1884,2706,1,,2,,
1885,5406,3,,,,4
1886,3097,4,,,2,
1887,3442,4,,,4,3
1888,5228,2,4,,4,
1889,4053,1,,1,,4
1890,1853,2,3,2,,
1891,2964,2,,,,
1892,4915,3,4,3,,2
1893,3765,2,,,1,
1894,5495,1,,3,4,
1895,318,3,,,,
1896,2949,1,1,1,,3
1897,3952,3,,,4,1
1898,3539,3,,,,3
1899,4358,1,,4,,
1900,2428,3,3,,3,
1901,1886,2,3,3,,
1902,293,3,,2,,3
1903,770,2,1,3,,
1904,3218,1,1,4,,
1905,73,3,,,4,2
1906,1561,1,,1,,
1907,2365,4,1,,4,
1908,1814,2,,2,,
1909,3609,1,,,1,1
1910,1589,3,,,,
1911,1155,4,,,,3
1912,1263,1,,4,,
1913,723,1,,,,
1914,2671,2,,,4,
1915,4531,1,3,,,
1916,4064,4,,,,4
1917,4659,4,,,,
1918,1988,4,3,,4,
1919,4350,3,,,1,2
1920,3900,1,2,,,
1921,2151,1,2,,4,
1922,1781,3,,3,,4
1923,2040,1,,4,,
1924,4910,1,1,,,2
1925,1121,2,,,1,
1926,4944,2,3,2,,
1927,1105,2,,,,
1928,96,1,1,,2,4
1929,671,2,,4,4,
1930,4966,3,,2,1,
1931,4738,1,,4,,
1932,5141,4,,2,,3
1933,2394,2,1,1,3,
1934,5300,4,2,1,,
1935,1261,4,2,2,1,4
1936,1612,1,,2,,
1937,1946,2,3,,2,3
1938,4736,3,,,3,
1939,5035,3,3,3,,
1940,1664,1,,4,,
1941,820,3,,2,,
1942,5287,3,,3,,
1943,1431,1,3,4,,
1944,2405,1,4,1,,
1945,2210,1,1,3,2,
1946,395,4,2,,2,2
1947,1060,4,4,,1,
1948,4539,2,2,2,,
1949,3977,3,,,2,4
1950,3594,4,1,,1,
1951,343,4,1,2,,3
1952,2153,1,,1,,
1953,823,4,,,4,
1954,602,2,,,,
1955,1831,3,,1,,
1956,1163,3,,,1,1
1957,248,1,,,,
1958,3606,2,2,4,,
1959,3766,1,,,1,3
1960,2443,4,2,,,
1961,3503,2,,4,,
1962,2356,1,2,,2,
1963,4230,1,,,2,
1964,3332,2,,,,
1965,2870,1,4,,,
1966,4187,2,1,3,,
1967,2895,4,,1,,
1968,379,3,,3,,
1969,1183,4,,2,4,
1970,3071,3,,,,3
1971,3907,2,3,,,
1972,4160,4,,,,
1973,2670,4,,,4,2
1974,5338,1,4,,,1
1975,855,1,,2,1,4
1976,500,4,4,,2,3
1977,5254,4,,,,
1978,4367,3,,,4,3
1979,3675,1,4,,1,1
1980,4894,2,,,,
1981,2126,3,,4,,
1982,2716,2,,,,2
1983,1558,3,,3,,3
1984,2028,4,4,,,2
1985,4417,1,,,1,2
1986,811,2,3,,,3
1987,2659,3,,2,,
1988,4573,1,1,4,1,
1989,1528,4,4,,,1
1990,5281,3,,,,
1991,1642,4,,,,
1992,160,2,,,,
1993,2308,3,,4,3,
1994,5005,3,4,1,,
1995,4664,2,,,2,
1996,5495,3,3,,4,2
1997,4096,1,1,1,4,
1998,1823,1,,2,2,2
1999,1197,2,2,4,2,3
2000,2149,4,3,3,2,
2001,2154,2,,1,1,
2002,3178,1,,,,1
2003,1477,2,,,,
2004,4125,3,,,,2
2005,507,3,,,4,
2006,5136,1,,,,
2007,5370,1,4,,,4
2008,611,2,1,,,3
2009,2764,2,3,,,3
2010,3812,3,4,,,4
2011,3834,4,4,1,4,3
2012,893,4,,3,,
2013,3666,4,,,,
2014,583,3,2,,1,
2015,913,1,,,,
2016,5300,3,3,,3,1
2017,2825,4,1,,1,
2018,4497,1,1,,1,
2019,393,4,4,4,,2
2020,3533,3,,3,,2
2021,2538,4,,,,
2022,4278,1,,4,,
2023,5205,2,,,,
2024,4460,3,,,,
2025,117,3,2,,1,
2026,1559,3,,3,3,1
2027,2470,4,,,1,1
2028,5391,1,,4,,4
2029,2676,3,1,,,1
2030,5415,3,,4,,
2031,2240,1,4,,3,
2032,1495,4,1,,,
2033,3790,4,2,,1,
2034,4520,2,2,,,
2035,2701,2,,1,3,2
2036,240,3,,,2,
2037,304,2,1,,,
2038,2585,2,,,2,3
2039,2843,4,,,,
2040,3625,3,2,,1,
2041,5356,2,4,4,,
2042,4185,4,,,,1
2043,1147,1,4,,3,
2044,4981,3,,2,,
2045,886,3,,,1,2
2046,98,4,,,,
2047,5355,1,2,1,4,
2048,4757,2,4,3,1,2
2049,499,3,,,3,
2050,245,2,,,1,
2051,2481,2,,2,,
2052,4028,4,,,2,
2053,4998,4,1,2,1,
2054,101,2,4,4,,3
2055,1939,3,,2,,
2056,5030,2,,,,1
2057,4831,1,4,,4,2
2058,3466,1,,3,,
2059,1169,3,,1,,
2060,2550,3,,,2,4
2061,2265,1,,4,2,1
2062,522,2,,4,,
2063,1177,3,4,,,4
2064,570,3,1,,,
2065,2516,4,4,,,
2066,2077,1,4,2,2,
2067,391,2,,,,
2068,1086,1,4,,2,
2069,2140,3,4,1,,
2070,1460,3,3,2,,
2071,5344,4,4,,,1
2072,5155,2,,,,3
2073,484,1,,,4,1
2074,5343,2,2,,,
2075,5401,3,4,3,,
2076,2924,4,,3,,
2077,337,3,,,4,
2078,2039,2,,4,2,
2079,1729,3,4,,,
2080,1673,1,4,,1,4
2081,3541,4,3,3,,2
2082,2128,4,,2,,3
2083,2625,2,,,2,
2084,3973,2,1,,,2
2085,4748,4,3,,2,2
2086,5308,2,,,4,
2087,695,4,4,4,,3
2088,966,4,,,,1
2089,5313,3,2,,4,4
2090,4665,4,,,,
2091,452,1,,1,4,
2092,5193,4,,3,,2
2093,4136,3,,,,
2094,4214,1,,,,2
2095,3589,1,3,4,2,
2096,3971,2,,2,,
2097,5227,3,,,,
2098,4433,2,,,,4
2099,3353,3,,4,,2
2100,2043,2,,4,,3
2101,716,1,2,2,,
2102,1013,2,,1,,
2103,3754,3,,,1,
2104,3742,1,,,,1
2105,4543,3,,,4,
2106,1302,1,,,2,
2107,3095,4,4,,,
2108,3512,1,4,2,,4
2109,36,1,,,4,2
2110,1482,2,,2,,
2111,5440,2,4,,,2
2112,4157,4,,3,,
2113,4307,4,2,,,
2114,2497,1,,1,,2
2115,2647,2,,,,
2116,1914,2,3,,,
2117,3182,2,,,,
2118,2359,3,,1,,2
2119,2463,1,1,,,
2120,1059,2,,,3,
2121,5258,4,2,3,3,
2122,4303,3,1,,,3
2123,1305,1,1,,4,
2124,4807,4,2,,,
2125,1625,3,,3,1,
2126,4714,1,,,,
2127,2567,4,,4,3,
2128,2283,3,1,3,,
2129,40,4,,,3,
2130,5302,1,,1,2,
2131,2359,4,,3,2,2
2132,1473,2,3,,,4
2133,514,1,,,,1
2134,3956,1,,,,
2135,5267,2,,,,
2136,779,4,2,,,
2137,4209,3,,,,3
2138,2278,4,3,3,4,2
2139,1816,2,,4,,
2140,1343,2,1,3,2,
2141,1864,2,,,1,
2142,5108,1,1,,2,
2143,5252,1,,,,
2144,4123,4,,,,
2145,2052,3,,,4,
2146,3440,4,,,2,
2147,3497,3,2,2,2,
2148,2199,1,,,,
2149,4809,4,4,,,1
2150,4993,2,,,,
2151,4642,2,,1,,1
2152,338,3,4,4,,4
2153,4851,3,,,1,
2154,4477,4,,,,
2155,3898,3,,,3,2
2156,3797,3,3,1,4,1
2157,2707,2,,,,
2158,2361,4,,,,
2159,4108,4,,,1,3
2160,1277,2,1,3,,2
2161,4552,3,,4,,1
2162,2734,2,,4,1,4
2163,3863,2,,4,,
2164,5187,2,,,,
2165,264,2,,,,2
2166,3693,1,1,3,,3
2167,537,3,,3,4,1
2168,2838,2,3,,3,3
2169,4093,2,2,3,,2
2170,2386,3,3,4,,2
2171,5372,1,,,,
2172,3351,4,2,,2,3
2173,23,2,,1,,4
2174,3237,1,,,,1
2175,1409,2,,,,
2176,2419,3,2,2,,
2177,1317,1,,,,
2178,777,2,,,,4
2179,1347,1,4,3,,
2180,3496,4,,3,,2
2181,1884,4,,,,
2182,2629,3,3,,,
2183,3570,1,,,1,3
2184,2303,1,1,,,
2185,5434,4,,3,2,2
2186,109,2,,,,1
2187,1888,2,,2,,
2188,2895,2,,1,,2
2189,2229,3,,,,4
2190,3664,3,,,,3
2191,2168,3,,3,,
2192,3716,4,,,2,
2193,2028,3,,,,
2194,1941,3,,,,1
2195,2915,3,,,2,
2196,4963,1,,,,
2197,1915,3,,3,,1
2198,1686,2,3,,3,
2199,1541,4,4,,,3
2200,1367,4,,,2,3
2201,5165,3,3,1,2,
2202,5183,2,,,,
2203,1498,2,,,1,1
2204,3263,2,,3,3,3
2205,4331,3,,,,3
2206,2545,4,,,3,
2207,2831,3,2,2,2,
2208,676,2,,,,
2209,1754,4,,3,,
2210,595,3,,,1,
2211,3466,1,,,1,1
2212,4956,4,,4,3,3
2213,2872,2,,,,
2214,773,3,4,,4,
2215,5476,1,,,3,2
2216,449,4,3,3,,2
2217,2872,2,,1,3,
2218,3144,4,,4,,
2219,3438,4,,,2,4
2220,2823,1,1,,,
2221,593,1,4,,,
2222,5084,1,,4,4,
2223,2626,4,,,3,
2224,2659,2,1,,,1
2225,495,4,,,4,1
2226,1318,3,,3,,3
2227,1774,3,,1,2,
2228,2875,3,,,1,
2229,1329,3,,2,,
2230,935,4,,,4,
2231,1006,4,,,,4
2232,2606,1,1,,,
2233,2555,3,1,3,,
2234,5157,1,,2,1,
2235,4440,3,,,,
2236,4858,2,3,,,3
2237,667,2,,,,
2238,1954,1,,,,1
2239,1835,4,3,,,1
2240,1248,2,3,,1,
2241,4306,4,,4,1,3
2242,1430,4,3,,,
2243,5238,1,,,,2
2244,749,3,,4,,3
2245,4000,4,,2,,
2246,908,4,1,,,
2247,1859,2,,,4,2
2248,299,4,,4,,1
2249,1634,1,1,,,
2250,2839,2,,,2,
2251,2537,2,,,,
2252,2990,4,,,,
2253,2737,3,,3,2,1
2254,1887,4,,1,,
2255,1319,3,1,,4,
2256,2919,4,1,,,
2257,3013,3,,3,,
2258,2422,2,2,1,,
2259,270,4,1,1,1,2
2260,2862,3,,1,,1
2261,5211,1,,,4,4
2262,1398,4,,2,,
2263,4135,3,,,3,
2264,4447,3,,2,,3
2265,1551,1,,4,,1
2266,3517,2,,3,,
2267,4708,2,,,,
2268,608,4,3,,3,2
2269,2027,2,,4,,2
2270,1300,2,1,1,,2
2271,1820,2,,,,
2272,491,1,,2,,3
2273,4486,2,,1,4,
2274,4536,1,,,4,2
2275,3657,4,,2,,
2276,4079,2,2,1,,3
2277,1812,1,2,4,,3
2278,2342,3,,,,
2279,3406,3,3,1,,
2280,3073,3,,2,,
2281,4748,2,,2,,2
2282,1059,4,,,,1
2283,5133,2,2,,,3
2284,1652,3,,,,
2285,4474,3,,,4,
2286,680,3,2,,,1
2287,2460,4,,,,
2288,2823,3,3,4,3,2
2289,5394,2,3,2,4,
2290,3804,3,,2,,
2291,1043,2,1,2,1,
2292,1107,2,4,4,4,
2293,991,2,,3,,2
2294,3974,2,,2,,4
2295,5279,4,,1,,
2296,954,1,4,2,4,
2297,3389,3,,,,
2298,440,4,3,1,,
2299,735,3,,1,,3
2300,4226,4,1,2,1,
2301,2327,3,4,2,,
2302,229,3,,4,1,4
2303,5425,3,,1,,
2304,47,3,4,,4,
2305,499,4,,,,2
2306,4524,3,2,4,1,
2307,4542,1,,,4,4
2308,4618,4,3,,,2
2309,842,2,,,,
2310,2956,2,3,4,3,1
2311,2600,1,,2,,
2312,5090,1,2,2,,4
2313,4119,2,,,,
2314,1780,4,,,,
2315,2154,2,,,,
2316,4546,2,2,1,4,
2317,544,3,1,2,1,1
2318,2046,2,1,,1,4
2319,1556,4,,3,1,
2320,5433,3,,1,,2
2321,1563,1,,,,1
2322,3837,2,4,3,2,
2323,4287,4,,,,
2324,998,2,1,,,
2325,1858,2,,1,,
2326,1902,2,1,1,,
2327,1299,2,,2,2,
2328,4168,1,4,1,,
2329,1636,4,,,,
2330,4674,3,2,4,,2
2331,249,4,,,,3
2332,4318,3,,,3,
2333,1869,2,3,,4,
2334,5113,3,,1,,
2335,2470,4,,,,
2336,4291,4,3,2,,
2337,4985,4,2,,4,3
2338,1400,1,4,,,1
2339,4975,4,,,3,
2340,5343,3,2,,,1
2341,5442,3,,4,,
2342,5356,3,,2,1,2
2343,282,4,,3,1,1
2344,1073,3,3,3,,
2345,3037,4,2,4,1,
2346,3979,2,4,1,,
2347,2701,4,,,,
2348,1471,1,,,,2
2349,4671,1,,2,,
2350,4238,2,3,,3,
2351,595,2,,,,
2352,3446,1,,,,4
2353,3021,1,,1,3,
2354,3997,3,4,3,3,3
2355,633,1,,,4,1
2356,2064,3,,,,
2357,1548,2,,,4,3
2358,875,4,4,,,
2359,650,2,,4,4,
2360,2464,4,,,1,4
2361,5418,3,4,,,
2362,3570,1,,3,,2
2363,3671,1,,,1,3
2364,3488,4,4,,,4
2365,2208,3,,,,4
2366,2798,3,2,,,3
2367,3114,4,4,,,
2368,1056,4,,,3,2
2369,532,1,4,2,1,
2370,3821,1,3,,4,
2371,3305,1,,,,
2372,1327,4,,1,,
2373,4781,2,3,,,
2374,1581,4,,3,,
2375,3214,1,,,,4
2376,3883,1,,,,
2377,3872,4,,4,,3
2378,2151,1,3,,,1
2379,3207,3,,,,4
2380,4845,1,,,4,3
2381,974,1,,2,,
2382,744,4,,,1,
2383,2221,3,,3,,
2384,1467,1,4,,4,
2385,2500,2,,,4,
2386,4473,3,,,,
2387,3499,3,2,,,
2388,3275,4,3,3,,
2389,4679,2,,,,
2390,4245,4,,,,4
2391,5302,3,4,,,
2392,4305,4,,,,2
2393,3579,4,2,,,
2394,1444,2,,,,2
2395,642,3,1,,,
2396,4917,4,,,,
2397,1142,4,,,,
2398,3020,3,,,2,
2399,5217,3,,,,
2400,5325,3,2,3,1,2
2401,699,2,,3,4,
2402,455,2,,,3,
2403,2892,3,,2,3,
2404,72,3,,1,1,
2405,3270,1,,,,
2406,3085,2,,,3,
2407,1057,4,,2,,
2408,3163,1,,1,,
2409,4694,1,,,4,
2410,295,4,1,,,
2411,2329,2,4,1,,
2412,5491,4,3,,4,
2413,2150,1,1,,,1
2414,2634,1,,,,2
2415,1568,3,4,,,
2416,2738,2,1,,3,
2417,4444,1,,4,,1
2418,1053,4,,,,
2419,1717,1,,,,
2420,5460,1,,,,
2421,201,3,,,,3
2422,369,2,,,,
2423,308,4,4,,2,
2424,3326,4,,1,3,
2425,558,1,2,,1,3
2426,1515,3,4,3,,1
2427,279,2,,,,4
2428,1411,4,,,3,2
2429,2686,1,1,,,1
2430,853,1,,,3,
2431,4391,3,,3,3,
2432,5073,1,,4,,
2433,3758,2,,,1,
2434,5281,2,,3,1,
2435,4627,1,,,,
2436,2988,3,,,,
2437,516,1,,4,1,1
2438,5268,1,,2,2,
2439,313,2,,,,3
2440,3986,1,,1,4,
2441,1813,4,4,2,1,
2442,425,3,,,,4
2443,4039,3,,,3,1
2444,5314,2,,,,
2445,2509,1,,2,,
2446,273,2,4,,,
2447,2803,1,,,4,1
2448,4611,4,,,,
2449,196,3,4,2,2,
2450,1866,2,,,,2
2451,3640,1,,,,
2452,805,2,,,,
2453,2318,2,,,,
2454,3090,3,,,3,1
2455,1982,1,3,1,,
2456,693,2,,,,1
2457,381,2,,2,2,
2458,5059,3,3,2,,2
2459,2326,4,,4,4,
2460,4530,1,,,2,
2461,4071,4,,,2,3
2462,1971,1,3,4,,3
2463,1263,2,,4,3,
2464,219,1,1,1,,
2465,1101,1,1,2,3,1
2466,4033,3,,,,
2467,576,1,,2,,3
2468,1168,3,,,,
2469,1543,1,,,,
2470,1800,2,,,,2
2471,4404,4,,2,,4
2472,3173,3,3,,,
2473,3961,4,,1,,4
2474,4656,3,2,,,
2475,3090,4,,,1,
2476,4487,1,,,4,3
2477,3730,3,,4,,
2478,4549,1,,3,3,4
2479,3088,3,3,3,3,
2480,4817,2,4,,,2
2481,3826,4,,,,
2482,2603,1,3,,,
2483,710,3,,,,2
2484,3789,2,,4,1,3
2485,3540,2,,,3,
2486,2242,2,4,,4,3
2487,5494,1,1,3,,4
2488,1604,3,,,,
2489,1983,4,2,3,,
2490,4608,3,,,,4
2491,5307,2,,,,3
2492,4352,2,,,,
2493,3215,2,1,,,1
2494,2830,3,3,3,3,4
2495,1742,3,,,,3
2496,990,4,2,1,,4
2497,960,2,,,,3
2498,1130,2,2,2,,
2499,4444,4,3,,4,
2500,607,1,4,2,3,
2501,1054,1,,,3,3
2502,1430,1,1,1,1,
2503,4629,2,,1,,3
2504,3605,4,2,,4,4
2505,4274,4,1,,1,
2506,630,1,,1,,1
2507,4149,2,,,2,2
2508,3181,4,4,,,3
2509,4857,4,,,1,1
2510,2433,1,,,4,4
2511,2129,3,2,1,,
2512,3866,3,2,,3,2
2513,2402,3,,,,
2514,3759,4,3,,,
2515,4559,2,,,,
2516,2867,4,,,,
2517,3308,4,,,,1
2518,3520,2,,,3,
2519,2245,1,,3,,
2520,264,3,,,3,
2521,3083,4,,,1,4
2522,36,2,,2,,
2523,4019,4,3,,,
2524,2877,3,,1,,
2525,4551,4,,,,
2526,302,1,,,,
2527,3227,3,,,,
2528,4437,4,,4,3,
2529,2948,4,3,,3,
2530,2373,4,4,3,,4
2531,3559,3,,,,4
2532,585,1,2,,,4
2533,3947,3,4,,3,3
2534,1668,4,,4,2,
2535,5313,4,,2,,2
2536,2815,3,3,1,,2
2537,514,4,4,,4,
2538,3412,1,,4,,
2539,2226,2,,,1,
2540,1461,1,3,,1,
2541,5190,2,,3,4,
2542,2475,2,,,4,
2543,3597,1,,,3,4
2544,1879,4,,,,
2545,5483,2,3,1,,
2546,4655,4,,4,,
2547,3659,4,3,,,4
2548,3777,2,,,,1
2549,4852,3,,4,,1
2550,291,2,,,4,
2551,4745,4,,,,
2552,2129,3,,3,,1
2553,5183,4,,,,
2554,1359,2,2,4,,
2555,2150,2,2,,,
2556,4660,2,,,,
2557,3627,4,4,2,2,1
2558,1159,2,1,,,
2559,163,3,,4,2,
2560,1544,1,,,3,
2561,3991,1,2,,,
2562,585,3,1,3,,4
2563,3594,4,1,1,,
2564,1288,2,2,,,1
2565,1887,3,4,4,3,
2566,1043,2,4,1,4,
2567,4288,2,,,2,
2568,3305,1,,,,
2569,1437,1,,1,,4
2570,4074,3,,3,,
2571,1907,3,1,,,
2572,5107,4,,,,
2573,356,3,3,2,4,
2574,3578,4,,,,4
2575,221,2,,3,,
2576,5479,4,,,,
2577,2066,4,,,2,2
2578,5019,1,,3,,3
2579,3637,3,4,,,
2580,5019,2,3,,,4
2581,3229,1,,,,
2582,734,3,,,4,
2583,3175,4,,,,
2584,570,1,1,,2,
2585,4431,1,4,,2,
2586,5372,4,4,4,2,
2587,2505,1,,3,3,
2588,5023,2,2,2,,3
2589,2517,2,,3,1,2
2590,1883,2,,4,,
2591,4318,1,,,,
2592,459,4,1,,,
2593,4861,1,1,3,4,
2594,4775,3,,,,
2595,3096,3,,2,2,4
2596,1497,1,,,3,3
2597,3890,1,3,,,2
2598,605,3,,,,4
2599,3458,4,,,,
2600,910,4,,2,1,
2601,5315,2,,,,
2602,5418,1,,,,1
2603,561,3,1,,,
2604,173,4,3,,1,4
2605,2300,1,,,,1
2606,4047,1,1,,,
2607,1130,3,,,,1
2608,2836,4,,,,4
2609,1648,1,2,4,,
2610,4380,4,,1,2,
2611,2783,2,,,,4
2612,4098,1,,4,2,2
2613,5202,4,,1,4,
2614,458,3,,3,3,1
2615,1808,2,,3,2,2
2616,3165,2,,,,
2617,3092,1,,,,3
2618,957,1,,1,,
2619,1174,3,3,4,1,
2620,5207,2,,4,,4
2621,1509,1,2,,,
2622,5497,4,,1,,
2623,3217,4,,,,3
2624,5492,1,4,,,
2625,2739,4,,,,2
2626,4332,3,2,,,
2627,5365,4,4,,,
2628,4190,3,3,,,
2629,2202,3,3,3,,2
2630,3072,3,2,1,,
2631,2146,2,,,2,
2632,5375,1,,,,
2633,1368,3,,3,,
2634,4447,1,,,,3
2635,189,3,,4,,1
2636,4210,2,,4,3,3
2637,2602,2,2,,1,
2638,47,2,3,,4,
2639,2471,3,4,3,,4
2640,4847,1,2,2,3,
2641,634,3,,,2,
2642,884,4,,,,
2643,2607,3,4,,,
2644,4489,2,4,,,4
2645,3596,2,,,,
2646,5482,1,2,,,1
2647,3786,4,2,,,1
2648,4646,2,2,,4,3
2649,779,2,2,,,2
2650,3234,3,,,,
2651,235,3,1,,,3
2652,3984,2,,4,,
2653,4315,2,,3,,
2654,99,1,3,,,
2655,3210,3,1,,,
2656,4435,1,1,3,,3
2657,2580,4,,,,2
2658,4225,2,,,,
2659,2465,3,1,2,,3
2660,4817,1,,1,,
2661,2552,3,,,3,
2662,4761,2,2,,1,2
2663,314,3,2,2,3,
2664,2019,4,1,,,1
2665,4493,3,,,,
2666,131,3,,,1,1
2667,3622,4,,,3,3
2668,2189,1,4,2,,3
2669,803,3,,,1,3
2670,2778,1,3,,4,
2671,5492,3,,,,
2672,2708,2,1,,,
2673,693,1,,,,
2674,4110,4,4,,,4
2675,4866,3,3,3,,
2676,4677,2,,,1,3
2677,1109,1,1,,2,
2678,1307,2,,,,
2679,408,3,,,,4
2680,2790,3,4,3,3,
2681,2624,1,3,2,,2
2682,1973,4,,,,
2683,5207,4,,1,,1
2684,1951,2,1,,,
2685,4300,3,2,,2,
2686,246,1,2,4,,
2687,2109,4,,,,
2688,2364,1,,,,
2689,5337,4,,,3,
2690,832,4,,1,,4
2691,237,4,4,,2,
2692,480,1,,,1,
2693,3716,3,3,,,3
2694,4766,3,,,,
2695,5495,4,3,1,3,2
2696,3298,1,2,,4,3
2697,3524,4,,4,,2
2698,874,4,,,3,
2699,1392,4,,,,1
2700,3072,4,1,2,,
2701,1956,2,1,2,,1
2702,3484,4,4,,,
2703,214,4,,,3,
2704,248,4,3,,,
2705,1968,2,,2,,
2706,4425,4,,,,
2707,259,1,,,,
2708,3383,1,4,,,
2709,966,3,,,2,1
2710,4058,2,,,,2
2711,2340,4,3,3,,
2712,3082,1,,,1,1
2713,1688,3,,,,
2714,1242,1,,3,1,4
2715,3926,2,,3,,2
2716,4205,3,,2,4,
2717,5468,4,4,2,,
2718,3037,2,,,,1
2719,4469,4,2,,3,
2720,3915,4,2,,4,1
2721,344,1,,1,2,
2722,2499,1,,,,
2723,5284,1,,4,,
2724,2951,1,,3,1,
2725,1900,1,,,2,
2726,843,1,,1,1,
2727,1128,4,,4,,
2728,1767,2,,2,,
2729,3428,1,,3,3,4
2730,3615,1,4,4,1,3
2731,776,2,,1,,1
2732,2975,1,,,,4
2733,2389,4,,2,,2
2734,1774,3,,,,
2735,1011,1,1,,4,
2736,4501,4,4,4,3,
2737,5239,1,4,1,,
2738,1902,2,,,3,4
2739,4615,3,4,4,4,
2740,5015,1,,2,3,3
2741,3540,4,,,,1
2742,3897,2,2,,2,
2743,4130,3,,,,1
2744,279,2,,,,3
2745,4541,4,4,2,3,
2746,3534,3,,,,
2747,4480,2,,3,1,2
2748,2517,1,1,1,2,
2749,287,4,4,4,1,
2750,2119,4,,,,2
2751,5154,3,,3,2,
2752,127,3,4,,,
2753,2407,3,3,3,,1
2754,183,1,,,,1
2755,5458,3,,1,,
2756,4016,4,4,,1,
2757,3134,2,,1,1,
2758,1578,3,1,,,
2759,1207,2,,,,2
2760,325,2,3,2,3,
2761,1836,3,,1,,4
2762,2543,1,,,,
2763,2913,3,3,1,3,
2764,5332,1,,3,2,
2765,5210,3,,4,,
2766,1173,2,3,4,1,
2767,893,2,,,3,
2768,3756,3,,4,,3
2769,1422,4,,,,
2770,2191,2,,,,
2771,3366,2,,,4,
2772,5080,1,4,3,,
2773,1630,4,1,,2,3
2774,4632,4,,,,3
2775,4463,2,,2,2,3
2776,874,4,1,,2,4
2777,1298,2,,,1,3
2778,687,4,,3,1,3
2779,2100,2,,,,2
2780,1268,2,,,,
2781,3596,3,,1,1,1
2782,2993,3,4,3,,
2783,133,3,,,1,
2784,2055,3,,,,3
2785,4395,4,4,4,2,
2786,4775,3,,,,2
2787,5193,3,,4,1,
2788,5088,2,,,,
2789,4211,3,2,,,
2790,2879,4,,4,1,
2791,1674,3,1,,2,
2792,4460,2,4,2,2,
2793,1342,4,,3,,
2794,4415,2,1,,,
2795,562,3,,,2,
2796,305,1,,,2,3
2797,5346,3,,,,1
2798,4498,3,1,,,
2799,3765,1,1,,1,
2800,3519,2,,1,,
2801,3048,4,,,,
2802,5136,1,,,1,
2803,1350,2,2,2,,2
2804,2719,2,,3,4,
2805,729,3,,,4,
2806,931,2,4,,,
2807,960,4,2,,,
2808,1989,2,,,1,
2809,4182,3,,3,4,4
2810,3063,3,,,3,1
2811,930,2,,,,
2812,2559,2,4,2,3,
2813,4741,3,,,,
2814,3223,2,,2,,4
2815,2857,2,2,,4,
2816,5025,4,3,3,,3
2817,4194,2,2,3,,1
2818,5228,4,3,3,1,4
2819,1435,1,,,,
2820,3143,2,,1,,2
2821,1112,2,,,4,3
2822,4304,1,4,1,3,3
2823,41,4,2,,,
2824,4661,4,,,,3
2825,1472,1,3,,,4
2826,3842,4,3,3,4,
2827,5444,3,3,,2,2
2828,4969,2,,3,,2
2829,2822,4,,,,4
2830,4005,3,,2,,4
2831,1325,2,2,4,,1
2832,5030,1,,2,,
2833,5030,1,,2,,
2834,845,1,1,,3,
2835,2713,3,2,3,,
2836,2489,3,,,,
2837,2405,4,,2,,
2838,117,1,,,2,
2839,2205,1,,2,4,
2840,726,1,,2,,
2841,315,1,,4,,
2842,5330,4,,2,4,
2843,3254,2,,1,,
2844,4366,4,2,,4,
2845,1641,4,2,,2,
2846,1724,2,,,,2
2847,1999,3,2,,2,
2848,3220,3,3,2,3,3
2849,4902,2,,,,2
2850,1642,1,,1,2,4
2851,2405,4,3,,4,4
2852,2067,2,,,,
2853,4418,2,3,,,
2854,4626,2,,,,
2855,2028,3,,,,2
2856,3306,1,2,3,,
2857,3897,2,,4,,4
2858,2092,3,3,,,
2859,3658,4,,2,4,1
2860,4174,2,,,1,
2861,4715,2,,,4,
2862,850,2,2,3,1,
2863,2480,1,1,3,,3
2864,4784,3,,2,4,3
2865,47,3,,,4,
2866,3771,1,2,4,1,
2867,3054,3,,,,2
2868,4109,3,,3,,
2869,5054,3,,,4,
2870,4019,2,1,4,,
2871,3970,2,2,,4,
2872,4558,3,,4,,2
2873,2315,2,,,,4
2874,279,1,,,,
2875,3275,3,2,1,3,
2876,1808,2,1,4,,
2877,5187,4,,,,
2878,5342,4,1,4,,4
2879,2880,2,1,,,
2880,2076,4,,4,,
2881,2241,4,4,3,3,
2882,3553,3,2,,,
2883,4330,4,1,,1,4
2884,4603,4,,3,,1
2885,667,1,,,,3
2886,4887,3,3,3,,1
2887,4474,1,,,,2
2888,610,3,3,4,,
2889,3732,4,,,,3
2890,1041,2,1,2,,2
2891,1761,1,,,3,
2892,1391,1,,,,1
2893,1430,2,2,3,,
2894,30,2,4,,,4
2895,3070,4,,,,1
2896,3102,4,,,,
2897,4706,3,1,1,,
2898,4048,3,,,,
2899,3233,1,2,3,,
2900,5194,3,1,1,4,4
2901,667,1,,2,,
2902,3781,4,,1,2,3
2903,1038,3,,,,
2904,5305,4,,3,,
2905,1151,3,4,1,1,
2906,2097,4,,1,,
2907,5176,1,,1,,
2908,3219,3,1,1,,
2909,5480,1,,,,3
2910,3781,1,,4,,
2911,935,1,1,,2,
2912,4495,1,1,,,1
2913,23,3,,,,1
2914,4105,2,,3,,
2915,1925,4,1,,,
2916,3894,2,1,,,
2917,2824,4,,1,,4
2918,3895,3,,,4,2
2919,3992,4,4,,,
2920,2122,1,,,,2
2921,4811,3,,1,2,4
2922,2659,1,,3,2,2
2923,2698,1,,2,,2
2924,2273,2,,4,,
2925,5155,4,,,3,1
2926,3402,2,,4,,3
2927,353,2,2,2,,1
2928,233,1,3,,,4
2929,2879,4,,,2,
2930,4931,4,2,,1,
2931,4769,2,,,1,
2932,1456,3,2,,,
2933,2086,3,4,,3,1
2934,3647,4,,,1,2
2935,1860,1,3,2,1,3
2936,1537,3,4,,,
2937,3533,3,3,,3,
2938,4104,4,4,3,3,1
2939,3591,3,2,,,
2940,4806,3,,4,3,
2941,5298,2,,4,3,1
2942,3896,3,,4,1,
2943,1571,4,,,2,
2944,1477,4,,,,2
2945,750,1,4,4,,2
2946,3698,3,,,,
2947,1583,4,,2,4,
2948,2915,4,,3,,4
2949,2995,4,,,,
2950,3074,2,,2,4,
2951,1304,1,,,,4
2952,1468,4,,,,3
2953,5261,4,,2,,
2954,261,1,3,,2,
2955,3556,1,,,,1
2956,2836,1,1,,1,
2957,2559,1,3,,,
2958,2539,2,2,,,
2959,315,4,,2,,
2960,66,2,,2,,
2961,4068,4,,,,
2962,3589,2,4,2,,
2963,1588,2,1,,,
2964,4148,1,1,,1,
2965,4355,4,2,,,
2966,308,2,,3,3,
2967,2441,3,4,1,,
2968,1527,2,1,4,,2
2969,166,1,,,1,4
2970,3777,4,,,4,4
2971,3752,2,,3,,
2972,4336,1,4,,4,2
2973,4667,3,,4,,4
2974,4325,1,,,1,
2975,4806,2,,,4,2
2976,4525,4,,,,4
2977,3461,3,,,,
2978,1283,1,4,,2,2
2979,1282,2,4,,,3
2980,2062,4,1,3,,1
2981,1574,2,,3,4,
2982,2732,3,,,1,3
2983,2145,4,2,,3,
2984,3919,2,4,,1,
2985,3293,1,,,,
2986,2336,3,,,,
2987,1365,2,2,4,,3
2988,3456,2,2,1,2,
2989,1466,4,,,,
2990,2677,3,1,,,
2991,2125,4,,4,,
2992,4299,1,1,4,4,
2993,2033,4,4,,,
2994,5016,3,,1,,
2995,4742,4,,,2,3
2996,4904,2,1,,,3
2997,1620,3,1,4,2,3
2998,4716,4,1,2,3,
2999,4341,2,,3,1,
3000,497,1,2,4,3,
3001,1756,1,2,,2,
3002,3314,4,4,4,,
3003,2104,2,,,,
3004,4494,4,,,1,
3005,2457,3,4,1,,1
3006,2768,3,4,1,,3
3007,2987,3,,,,
3008,1260,2,,,,
3009,1760,4,,,3,
3010,2870,4,,3,1,
3011,528,1,,1,,
3012,5450,2,3,4,,1
3013,3748,1,,1,1,
3014,1453,1,2,,,
3015,1316,4,3,,,
3016,5178,3,2,,4,1
3017,1123,2,2,,4,
3018,5410,3,1,,,
3019,1938,3,4,,,4
3020,5199,1,,,,3
3021,5399,1,,3,,
3022,1036,4,4,3,,4
3023,3483,2,,,,3
3024,2012,2,3,,,2
3025,484,1,4,,,4
3026,1254,4,,2,1,2
3027,2800,4,,3,,
3028,822,3,,,4,4
3029,4655,4,2,,1,3
3030,4780,2,,,,2
3031,2299,4,1,,,
3032,3302,1,1,,,1
3033,369,2,,,3,3
3034,2079,4,1,,,
3035,4138,3,1,4,,
3036,1387,4,1,2,3,
3037,519,1,2,,4,2
3038,4684,2,,,1,2
3039,2132,2,4,,1,
3040,5473,1,2,,2,
3041,1421,1,,,,
3042,3526,4,,,,
3043,4512,2,2,,3,1
3044,4474,3,2,,2,3
3045,2862,4,1,,,
3046,3457,1,,,,3
3047,633,3,1,,,
3048,309,2,,,,
3049,4662,1,,3,3,
3050,2536,3,3,,2,
3051,2812,1,4,1,,
3052,2984,1,,1,,3
3053,4331,4,,2,2,
3054,3049,1,,2,3,
3055,4349,4,3,,,
3056,5142,3,,,,4
3057,2192,3,,,2,2
3058,2669,3,1,,4,
3059,4302,4,,,4,
3060,4187,1,4,,2,2
3061,521,1,,,3,3
3062,1592,3,,,2,
3063,3564,2,,,1,
3064,2438,2,3,,,4
3065,3137,3,,4,,
3066,4281,2,4,,1,
3067,2761,1,,,,
3068,2788,3,,1,3,1
3069,953,2,1,2,,
3070,794,4,,1,2,
3071,3425,4,,,,1
3072,1367,4,,,,1
3073,4196,1,3,,1,
3074,443,3,4,4,4,
3075,2503,1,,,,
3076,2978,1,,,,1
3077,2078,2,,,4,
3078,2319,2,,3,,
3079,4553,3,,4,4,
3080,5248,3,,4,,3
3081,4169,3,4,,2,1
3082,1517,2,,,,3
3083,3514,4,,,,
3084,5145,4,2,,,
3085,2900,3,,,4,3
3086,862,3,,4,,
3087,1713,1,,4,,
3088,2884,3,,,1,4
3089,1174,2,,,2,2
3090,4733,4,4,,,3
3091,238,4,,,,4
3092,1560,4,3,2,,
3093,4980,3,2,1,,2
3094,5221,3,1,,,
3095,2353,3,,,,4
3096,1925,1,,,1,
3097,1932,3,,,,
3098,2416,4,,,4,
3099,3019,1,,,,
3100,1205,4,,,,4
3101,2863,4,,1,,4
3102,2903,4,4,,,1
3103,2722,1,,3,,
3104,4748,1,,2,4,
3105,1118,3,,,1,
3106,1477,4,,,2,
3107,3127,1,,,1,
3108,4534,4,2,,,2
3109,4004,4,2,,,2
3110,1244,1,2,2,4,2
3111,4171,3,,,,
3112,5147,2,4,3,,3
3113,4709,3,2,1,,4
3114,1897,1,1,,,3
3115,1223,1,,,1,1
3116,2454,2,,,,4
3117,2024,1,,,3,
3118,624,2,1,2,,
3119,30,3,,3,4,
3120,4903,2,,,,
3121,5242,1,,,4,
3122,4722,1,,,,
3123,2191,1,3,,3,
3124,4428,3,,,1,
3125,452,4,,3,,4
3126,2177,4,4,,,
3127,2087,1,,,,
3128,2091,1,,,,
3129,2691,2,2,2,2,2
3130,386,4,2,,3,
3131,4810,3,,1,,
3132,3122,1,,,,2
3133,2137,1,,4,2,
3134,2366,2,1,,,
3135,4961,3,,4,,
3136,3476,4,,,3,
3137,2801,4,,,2,
3138,1223,3,1,,4,4
3139,3148,4,1,3,,
3140,3026,2,,,4,3
3141,2537,4,1,,,3
3142,3424,2,,1,,
3143,4360,2,1,,,
3144,4046,4,,3,,3
3145,3862,1,,,3,
3146,50,3,,1,,4
3147,1358,3,4,,,2
3148,2186,2,1,,,4
3149,4028,4,2,4,3,
3150,4319,3,4,3,4,
3151,4159,3,,1,,
3152,804,2,,,,1
3153,119,3,,,4,
3154,4470,4,,,,
3155,1035,1,3,,,
3156,1321,4,,1,1,
3157,2122,1,,4,,4
3158,59,1,,2,,
3159,3825,2,,,,
3160,485,2,3,,,
3161,2329,3,4,4,,
3162,2861,1,2,,,
3163,2088,4,,,,1
3164,3460,3,,,4,
3165,10,2,1,,,2
3166,1640,1,1,4,,
3167,5166,1,2,,,3
3168,819,3,3,,,1
3169,634,4,,3,,
3170,4652,2,,,4,
3171,743,4,,3,3,4
3172,1128,2,,1,,
3173,5409,3,,,2,
3174,3318,2,,,,
3175,1322,2,3,,,
3176,419,1,,,1,
3177,2093,1,1,,1,
3178,4588,2,,,,2
3179,1305,3,,,,
3180,943,4,3,1,,
3181,3787,3,,,,
3182,2193,4,,,3,
3183,98,4,,,,
3184,631,1,,2,1,1
3185,5293,2,4,4,2,4
3186,303,4,,,,
3187,1270,1,,,2,
3188,4982,4,4,,4,2
3189,4577,4,,,,4
3190,2933,2,4,4,,
3191,2907,4,1,,,
3192,64,2,1,1,3,
3193,1975,1,3,2,2,
3194,3862,4,,,,1
3195,1777,4,,2,,1
3196,4756,1,,2,,
3197,4036,1,,2,,4
3198,1379,1,,1,,1
3199,498,3,1,,,2
3200,5426,2,,2,,
3201,1707,2,,,3,
3202,3961,1,3,4,,2
3203,1252,3,,2,,
3204,5297,3,,2,,
3205,644,3,1,4,,
3206,1643,2,,2,2,
3207,2172,4,4,,,3
3208,2023,1,4,,,
3209,1680,2,,1,3,1
3210,1823,4,3,,,4
3211,2918,2,,,,4
3212,3238,3,,,,
3213,2164,3,,,4,1
3214,3273,1,,,,
3215,2004,3,,,3,
3216,222,2,2,,,
3217,3406,4,,,3,
3218,1469,2,4,2,,3
3219,2870,4,,,3,2
3220,3403,1,3,,,3
3221,3544,4,,,,
3222,3529,4,1,,,1
3223,3336,1,,,,4
3224,5073,4,,3,,
3225,5021,1,2,,2,3
3226,3682,1,1,2,,
3227,1042,4,3,,2,
3228,1817,3,,2,,1
3229,5027,1,,2,,
3230,5280,2,,,,1
3231,1213,4,,4,2,
3232,1760,3,,2,,
3233,2635,1,1,,,3
3234,2904,2,,,,
3235,1654,3,,,,3
3236,536,2,1,,,3
3237,2310,3,,,1,3
3238,2831,3,,,,3
3239,693,4,,,,3
3240,5022,2,,,,
3241,3703,4,,2,4,
3242,3036,1,1,,3,4
3243,1552,2,,4,,
3244,4050,2,,,,
3245,3066,4,3,,,
3246,4253,3,2,3,,3
3247,4100,2,,,,3
3248,4151,3,,,,
3249,1779,2,,1,,3
3250,4711,1,3,,,3
3251,2218,2,3,3,2,
3252,5419,1,4,,,3
3253,1582,3,,3,,1
3254,3347,1,,,3,3
3255,4930,4,,,,
3256,115,1,,,2,
3257,2670,4,,,,
3258,3582,1,2,,,
3259,242,3,,,4,3
3260,3370,3,,,,3
3261,1400,1,,,3,2
3262,4211,2,,,1,2
3263,2952,2,4,,2,
3264,2323,1,,,,
3265,3429,4,,1,4,2
3266,4063,1,,,,2
3267,4953,1,,3,1,
3268,3102,2,4,,,
3269,5285,2,1,,,
3270,5431,2,3,,,
3271,2263,4,,,1,
3272,2895,3,,2,,4
3273,2263,2,,4,,1
3274,3985,2,,,4,
3275,3577,2,,1,,
3276,5147,4,,3,4,
3277,1196,1,,,,2
3278,2537,1,,1,,
3279,2234,2,,,,
3280,507,3,3,,2,1
3281,706,1,3,,,
3282,3943,4,,,1,4
3283,2395,4,,,3,3
3284,146,1,3,1,4,2
3285,2053,3,,,,
3286,1653,2,,3,,4
3287,2469,2,3,2,4,
3288,952,4,4,,,
3289,4631,4,,3,,
3290,4689,3,,,1,
3291,4169,2,3,,3,
3292,257,3,2,,,
3293,3728,1,3,4,2,
3294,385,3,,4,,4
3295,4757,2,4,,,
3296,1820,4,,,3,
3297,3574,4,,,1,4
3298,1814,3,3,,,
3299,313,1,,,1,2
3300,5389,3,,,,
3301,3365,4,,,4,
3302,2904,4,2,1,,
3303,1444,3,4,,3,
3304,4438,1,2,,,
3305,1820,3,,,1,
3306,5368,2,,,,
3307,1235,2,3,2,1,
3308,4172,3,,,,
3309,5374,1,4,,,1
3310,1071,1,4,,1,3
3311,2269,2,,,,2
3312,508,2,1,3,4,3
3313,4549,2,,3,1,
3314,1438,2,4,,1,
3315,1949,1,2,2,,
3316,3332,4,,4,,3
3317,4969,4,,3,,1
3318,257,4,,,3,4
3319,1161,1,,,,4
3320,5389,4,,,3,1
3321,2677,3,4,,,
3322,235,4,,2,,4
3323,2816,2,,,,
3324,2646,1,,2,4,
3325,546,2,1,3,4,1
3326,2680,4,,4,1,4
3327,281,1,,4,,
3328,4830,3,,,,
3329,3210,1,2,,2,2
3330,2218,3,,4,1,4
3331,3445,2,4,,,1
3332,3032,1,4,,3,2
3333,235,4,,,,
3334,3280,2,3,,,
3335,852,3,,,,
3336,5457,2,2,4,,3
3337,578,4,,,,4
3338,2264,3,3,,2,1
3339,124,4,,,4,4
3340,1584,1,,,,1
3341,3076,4,2,,2,
3342,3565,2,3,,,2
3343,463,3,1,3,4,2
3344,663,4,,,,1
3345,568,1,,3,3,
3346,476,2,,1,,
3347,563,1,,,,
3348,3564,3,2,,4,
3349,980,1,,,,
3350,1211,4,,,2,
3351,2931,3,,,,
3352,2462,4,3,4,2,
3353,818,4,,4,2,
3354,1750,2,4,2,4,
3355,3381,4,,,2,2
3356,1044,3,,,1,
3357,2903,2,3,,3,
3358,2613,1,1,1,,
3359,2266,2,,,2,3
3360,4107,4,,,2,4
3361,433,3,,3,,
3362,371,4,,,1,2
3363,5096,4,1,,2,
3364,2175,4,,3,3,1
3365,4951,1,3,,4,
3366,1555,1,,,,
3367,4248,3,1,,1,
3368,851,3,,1,,4
3369,3543,4,,,1,4
3370,2933,1,,1,,
3371,4965,4,,1,,3
3372,2684,4,,,,
3373,2305,2,,,,
3374,4925,3,,2,,
3375,3293,1,2,4,,
3376,2309,4,,,3,
3377,4907,2,,,1,3
3378,3155,2,4,4,,
3379,4167,3,,,1,4
3380,4002,1,4,,3,1
3381,615,3,1,,,
3382,1783,2,3,,,
3383,3885,1,,,,2
3384,3955,1,,3,4,
3385,1384,4,1,2,3,1
3386,5177,3,2,,,4
3387,3065,3,,,,
3388,4785,1,1,,,
3389,2926,4,,,,3
3390,4633,2,1,,,
3391,3389,3,3,1,3,
3392,130,3,,,,4
3393,2657,4,4,,,
3394,63,1,,,,
3395,829,3,,2,,
3396,1929,2,3,3,2,
3397,4730,4,,,4,
3398,3326,4,2,4,,
3399,2057,1,,,,3
3400,700,4,4,,1,
3401,4984,2,,,2,
3402,2337,2,4,3,,2
3403,1248,2,2,,,3
3404,5177,3,,3,,
3405,280,2,,2,1,4
3406,442,1,2,,,
3407,3584,3,,,,
3408,1191,2,,,2,3
3409,2598,2,2,,3,3
3410,4577,2,4,,4,4
3411,3895,4,3,,3,1
3412,5217,3,2,,,
3413,2730,4,1,,4,4
3414,5231,2,1,,,
3415,381,3,,4,,4
3416,3630,4,,,,
3417,256,4,,,,
3418,1696,4,3,3,,
3419,4895,3,,4,3,3
3420,218,2,,,,4
3421,4883,1,4,,,3
3422,5152,1,,,3,
3423,7,1,,3,1,
3424,3018,1,,,4,
3425,1658,4,,,1,
3426,5066,4,3,3,3,2
3427,3812,3,,,,
3428,177,3,,1,2,3
3429,4335,2,3,,2,
3430,4695,1,2,,,3
3431,357,1,4,,,
3432,5496,3,1,,,3
3433,4564,3,3,,3,2
3434,2236,2,,,,1
3435,3985,2,4,,3,4
3436,2342,3,,,2,4
3437,4992,1,,,,
3438,4633,3,2,,,
3439,1901,2,,,,1
3440,5409,4,2,2,,
3441,5193,2,,,4,
3442,3926,4,,4,,3
3443,4889,1,,2,,2
3444,3080,2,2,4,3,
3445,4456,2,,2,1,
3446,5170,1,2,1,3,
3447,2527,1,,4,,
3448,4707,1,1,,,
3449,3303,2,4,1,,
3450,1637,2,3,,3,3
3451,3521,4,,,3,
3452,1860,1,,4,,
3453,4710,4,1,2,3,
3454,1716,4,,,,3
3455,2867,4,,,2,2
3456,2237,4,1,1,1,
3457,971,2,1,3,2,4
3458,2513,3,4,,3,
3459,3925,2,4,,,4
3460,653,3,4,4,1,
3461,2047,2,2,,,2
3462,1673,1,,,1,3
3463,580,3,,,1,1
3464,636,1,,3,,
3465,1526,4,,,,
3466,4445,3,,4,,2
3467,1826,4,3,,,2
3468,3337,3,1,,,2
3469,5348,1,,3,2,
3470,2321,1,,,,3
3471,3977,2,3,1,,2
3472,2062,1,,,,
3473,821,1,2,3,,
3474,3187,2,,,,
3475,375,2,,4,,
3476,5313,1,,,3,
3477,1723,2,,,,
3478,2728,3,,,,1
3479,5069,1,,2,,1
3480,21,3,2,,4,
3481,1441,2,1,,3,4
3482,1043,2,4,1,,1
3483,5163,3,,,2,
3484,3340,3,2,2,,
3485,1480,1,,2,3,
3486,4039,4,,1,,4
3487,1912,2,,1,,
3488,1217,1,2,,,
3489,1633,3,,,,
3490,3465,3,3,3,,
3491,55,1,1,,,4
3492,4484,4,4,,,2
3493,647,3,2,,,
3494,5267,4,,,1,
3495,3525,1,3,,1,4
3496,3409,3,3,,1,
3497,2907,2,,,2,
3498,2676,3,3,,,
3499,4340,1,4,,,2
3500,3228,4,,3,,
3501,4703,3,,,4,
3502,3871,1,3,,,1
3503,3118,4,4,2,2,
3504,4681,3,,,,
3505,61,4,3,3,2,2
3506,3730,4,1,1,,4
3507,1235,2,4,,4,
3508,1275,4,,,,
3509,3167,3,,1,,
3510,1999,1,,,,
3511,560,4,,,,
3512,3607,3,,,,
3513,144,3,,,2,
3514,4056,4,,3,,3
3515,895,4,4,4,,2
3516,2588,4,2,,3,4
3517,4342,1,4,2,,
3518,3545,3,1,2,,1
3519,5053,1,4,,,4
3520,3408,1,1,4,,2
3521,3388,1,,,,
3522,4472,1,,3,,1
3523,131,4,,,4,
3524,1675,2,1,,,
3525,3215,1,,,,
3526,5249,2,,,2,
3527,4520,2,,4,,2
3528,851,1,,,,
3529,5361,1,4,,1,
3530,800,3,,,,4
3531,1002,3,1,3,1,
3532,2859,2,,4,3,4
3533,634,4,,1,,
3534,5224,1,,4,,
3535,4932,2,,,,4
3536,5041,2,2,,,2
3537,790,1,4,4,,
3538,4261,3,,2,1,1
3539,5013,4,,2,,
3540,872,1,,2,,
3541,4064,4,1,,,
3542,3058,3,,,,2
3543,396,3,,3,,
3544,4761,1,4,3,,3
3545,2002,4,,,,2
3546,3405,4,,3,4,
3547,194,2,2,4,4,1
3548,2555,4,3,,,
3549,1650,4,,2,,3
3550,2470,4,,3,1,1
3551,1461,4,1,3,3,3
3552,1716,2,4,2,3,
3553,1071,1,1,,2,
3554,4272,4,,,3,
3555,703,4,,,,4
3556,3936,1,2,,3,
3557,2433,3,2,,1,2
3558,3507,3,,1,,
3559,3529,2,,,,1
3560,1337,2,1,,4,2
3561,3771,2,,,4,2
3562,947,1,,,,2
3563,1860,4,,,,2
3564,4598,4,,2,,
3565,1832,4,3,,,
3566,4794,4,,1,3,
3567,2231,4,,,,
3568,264,4,2,2,,1
3569,3716,1,2,,,
3570,3639,4,,1,,3
3571,2732,3,,,,
3572,2025,4,,,2,
3573,3735,1,1,3,,1
3574,3170,4,,4,3,
3575,3295,1,3,,,
3576,5065,2,1,2,2,2
3577,463,2,,,1,
3578,3023,2,1,,,4
3579,3379,4,,,,1
3580,898,2,,3,,4
3581,3647,4,3,1,,
3582,4484,2,,1,,
3583,5016,1,2,,3,
3584,3099,4,,,1,
3585,4914,1,,,4,
3586,1816,1,,,,1
3587,4747,2,,2,,3
3588,784,2,,4,,
3589,4309,1,2,2,,2
3590,5336,3,,,,2
3591,3607,2,3,,2,
3592,5100,4,,,2,
3593,1013,3,,1,2,
3594,4239,3,,,,
3595,4015,3,4,2,3,
3596,3662,2,3,,3,
3597,945,2,,,4,
3598,3774,4,,,,4
3599,466,2,,,,1
3600,1438,2,1,,,3
3601,4221,2,,,,3
3602,1348,1,,1,4,
3603,141,2,4,1,2,2
3604,3609,2,3,4,,
3605,4799,4,,4,3,
3606,3430,2,,2,2,1
3607,4525,1,,,1,
3608,1436,4,,,,2
3609,1594,4,,4,2,
3610,727,1,,2,,3
3611,3198,3,3,,,3
3612,5197,4,,,2,
3613,5248,4,,3,,4
3614,1798,2,,2,2,2
3615,2110,3,,3,,
3616,1586,2,,,,2
3617,691,4,,,,
3618,5281,3,4,,,
3619,1363,1,,1,,
3620,5456,1,2,,,
3621,153,3,,,,
3622,4154,1,,,3,
3623,3221,2,,,,3
3624,3814,3,,,,
3625,2365,4,3,,3,
3626,2519,1,3,2,,
3627,3294,4,,3,,
3628,1525,4,1,1,,
3629,1160,3,2,3,,
3630,1689,2,,,,
3631,4804,3,1,1,,
3632,4542,2,,,,
3633,1926,2,3,2,,4
3634,4594,1,,2,,
3635,673,1,,3,,
3636,2737,3,,,,
3637,3213,4,,,,
3638,3244,2,,,,1
3639,2890,4,1,,1,2
3640,2851,2,1,,,
3641,1721,1,4,,,
3642,241,4,,,,
3643,1771,1,,4,2,
3644,4222,3,1,3,,1
3645,1238,2,,,1,
3646,971,1,2,,1,2
3647,3765,4,3,,,
3648,2170,1,,,,
3649,3165,3,,,3,
3650,4290,3,,2,,4
3651,2951,3,4,,,
3652,2566,4,1,1,3,
3653,2095,3,,2,,
3654,3786,4,4,,,4
3655,1322,3,1,,,3
3656,3289,2,3,,4,
3657,1140,1,,,3,3
3658,4901,4,,,,
3659,364,1,3,,,
3660,1394,4,1,3,,
3661,2497,2,4,1,1,
3662,4387,1,,,,
3663,189,4,,1,2,4
3664,781,4,,1,,
3665,2497,3,,,1,
3666,2133,2,2,,,
3667,556,2,,,2,
3668,5074,2,,,4,
3669,2632,2,4,1,,
3670,5364,2,,4,,2
3671,3140,3,,,,2
3672,683,1,,,2,4
3673,3992,1,,,4,3
3674,137,3,,,3,
3675,2033,2,,4,4,
3676,4906,3,1,,,4
3677,2023,1,,,1,
3678,5415,1,1,,,2
3679,3760,3,,3,,
3680,2444,4,1,4,,
3681,4615,2,,1,,3
3682,972,1,,2,,
3683,912,1,,,,1
3684,338,1,,3,,
3685,4243,3,1,,1,
3686,1542,4,,,,1
3687,2171,1,1,2,,
3688,2892,3,4,,,
3689,930,2,,1,4,4
3690,4817,1,4,,,1
3691,4351,1,,4,,
3692,5358,2,,,,1
3693,793,3,,,,4
3694,675,2,,,,
3695,2441,4,2,,,
3696,2225,3,,1,4,4
3697,603,1,,,3,1
3698,1346,2,,2,,3
3699,4370,4,4,,,3
3700,2745,4,,,,4
3701,4747,3,,,,2
3702,5384,1,,,,4
3703,5019,3,3,1,,1
3704,2059,3,2,1,,2
3705,4506,1,,,,3
3706,1191,4,,,,
3707,2383,2,2,,3,2
3708,2991,3,,,,3
3709,252,3,,3,3,2
3710,4058,4,4,3,4,
3711,2102,4,4,,1,
3712,2285,3,,,,
3713,2497,1,,1,3,2
3714,631,1,,,,
3715,3580,3,,4,1,
3716,548,1,,,3,
3717,3510,1,,3,,3
3718,2614,3,,,1,2
3719,957,1,,1,3,2
3720,726,1,,1,,2
3721,4061,3,1,4,2,
3722,4735,1,4,,,1
3723,2074,3,2,,3,
3724,192,1,1,2,3,2
3725,2059,3,3,,3,1
3726,1304,2,3,4,3,
3727,3046,4,,,,
3728,3714,4,,4,1,
3729,5051,3,,,,3
3730,2884,3,,,4,2
3731,718,1,,4,,1
3732,2561,4,,,3,3
3733,4415,2,,,4,
3734,67,4,,,3,
3735,4475,2,,2,,3
3736,4830,1,1,,1,1
3737,1897,3,,,1,
3738,2875,2,3,,1,
3739,2713,4,2,,,
3740,1719,3,,,2,4
3741,1278,3,1,4,,
3742,1526,3,2,,3,
3743,779,2,,,,
3744,4254,2,1,,3,4
3745,3272,1,,,,2
3746,3837,3,3,,3,3
3747,1092,2,2,,1,3
3748,4957,3,,,4,
3749,4325,4,,,2,
3750,4720,1,,,,
3751,4606,1,,,,
3752,4991,1,,,2,
3753,2030,2,,,,
3754,400,4,,,,4
3755,1655,3,,,,
3756,1473,3,2,,,
3757,683,1,2,,,2
3758,3232,3,3,3,4,
3759,2198,1,,2,,1
3760,4533,2,,,,
3761,1294,3,3,4,3,
3762,600,3,4,,,
3763,2010,4,,4,2,
3764,2072,3,1,,3,
3765,2806,1,2,,,2
3766,5213,4,4,,4,2
3767,963,4,,4,,
3768,1969,2,,1,,
3769,4693,2,,1,1,
3770,5433,1,,,,1
3771,4387,4,,,3,
3772,2726,1,,,,
3773,5228,1,,,2,4
3774,3942,3,,,,1
3775,5204,2,,,,1
3776,573,4,,2,,
3777,1951,3,,1,,3
3778,2872,1,,,,
3779,4498,2,,,4,
3780,2063,2,2,,,
3781,4493,2,4,4,,
3782,593,3,,,1,
3783,1689,4,,,,
3784,991,2,,3,,
3785,3792,2,,,,4
3786,3857,4,,2,,
3787,1116,4,,1,,
3788,3115,4,3,,1,
3789,3333,2,3,3,,2
3790,5117,1,,1,2,
3791,5158,1,3,,,
3792,330,2,,,3,
3793,71,2,,1,,
3794,3873,4,,,3,
3795,3493,1,3,,,2
3796,2844,3,,2,,2
3797,1639,1,,2,,
3798,5191,4,,,4,
3799,4680,3,,2,,
3800,2429,3,3,,,
3801,1570,3,,3,4,
3802,4302,1,3,,,
3803,693,3,4,,3,
3804,5191,4,1,,,
3805,1399,1,,1,4,
3806,4015,2,1,4,,
3807,5440,3,3,4,,1
3808,1141,2,,3,3,1
3809,3020,4,2,,2,
3810,4222,1,3,4,,3
3811,5274,1,,4,,
3812,3699,3,2,,,
3813,137,1,,,4,
3814,1168,2,,,,4
3815,1308,1,,,,
3816,1893,1,1,,3,2
3817,317,4,4,,,
3818,3829,3,3,,2,1
3819,897,4,,,2,4
3820,3477,2,,,,
3821,3187,2,,2,,
3822,708,1,,,,2
3823,3701,4,,,3,
3824,1557,2,1,2,,
3825,4918,4,,2,,
3826,4697,1,1,,2,2
3827,4354,3,,,3,1
3828,3903,1,,,,
3829,3453,4,2,,,
3830,4653,4,4,,,3
3831,1120,3,,2,3,
3832,343,1,,,,
3833,4644,4,2,4,3,4
3834,5091,3,4,,,
3835,1471,3,,2,2,4
3836,3528,2,,,,
3837,2513,1,,1,,
3838,3616,2,,,4,2
3839,2045,1,,,,
3840,5143,2,,3,,
3841,3269,3,1,,,1
3842,584,1,,,,
3843,4431,1,2,2,2,
3844,5379,3,,1,,4
3845,5338,3,3,4,3,
3846,2222,1,3,,1,
3847,1391,2,,1,3,1
3848,2703,4,,,,4
3849,437,4,,4,3,1
3850,2307,4,,,,1
3851,5250,1,,1,4,
3852,1123,3,,1,4,
3853,1358,4,4,1,,2
3854,2564,1,2,,,3
3855,731,2,,,,
3856,2207,2,,,,
3857,2146,2,4,3,4,
3858,5036,4,,,,
3859,4774,4,,,1,
3860,4996,2,4,,,
3861,3457,1,3,4,2,
3862,1069,4,,,,
3863,2208,4,,2,,3
3864,1241,1,2,,,3
3865,1313,4,,,,
3866,498,4,,1,,
3867,4931,3,,,3,
3868,2473,2,3,,4,
3869,1482,1,4,,4,1
3870,3622,4,2,,3,
3871,1443,1,3,3,,
3872,3661,2,,,2,
3873,4642,3,1,4,,3
3874,4176,2,3,,1,
3875,5036,3,,,4,2
3876,1881,2,1,,,
3877,5388,3,,,,
3878,4712,3,2,,,
3879,2755,4,,,2,
3880,4098,4,3,,,
3881,3976,3,,2,3,
3882,5019,1,,,,
3883,4155,2,,3,,
3884,792,3,2,3,,
3885,259,4,,,3,
3886,38,3,,,2,4
3887,607,4,2,,3,
3888,4969,3,,,,
3889,4230,3,,,,
3890,1080,1,2,,,2
3891,1757,2,4,,2,3
3892,2060,3,,3,,2
3893,2705,3,1,,2,
3894,1671,3,1,1,,
3895,364,2,2,,,
3896,1647,2,3,,1,
3897,801,3,1,,3,1
3898,2520,4,,3,,3
3899,5207,1,,,,
3900,2589,1,,,,4
3901,1284,3,2,,3,
3902,4593,2,,2,1,
3903,2869,2,,,,
3904,369,3,,2,,
3905,1630,3,,,,
3906,2132,3,,,1,
3907,1178,4,,1,,2
3908,3093,3,,1,4,2
3909,534,1,3,,,
3910,335,3,,,2,1
3911,3827,1,1,4,1,
3912,1267,2,,,,
3913,3405,4,,,2,3
3914,4023,3,,,,
3915,2124,3,,,2,3
3916,3356,4,,,1,
3917,3942,2,4,2,2,2
3918,5196,3,4,,4,
3919,3243,2,2,2,,3
3920,512,3,,,,
3921,319,4,,4,,
3922,47,3,,,,4
3923,834,4,1,2,3,
3924,1509,1,4,4,,
3925,897,1,,1,,
3926,2271,4,,,3,
3927,484,2,,,,4
3928,56,1,2,,,1
3929,2269,4,,3,,
3930,4939,2,,2,,
3931,3747,4,4,,,
3932,1047,3,,,3,
3933,1156,2,,,,
3934,4531,2,3,3,,2
3935,3488,3,2,2,,
3936,693,1,,,,
3937,2318,1,4,,,
3938,5193,3,,,,
3939,5200,1,,,3,
3940,162,3,,1,1,
3941,287,4,,,,1
3942,1397,1,,,1,4
3943,3098,3,,,,
3944,825,3,,3,,
3945,1913,1,,,2,
3946,4757,4,,1,,
3947,2949,2,,,,
3948,4777,4,2,,1,
3949,4794,2,,1,,2
3950,4043,2,3,,,2
3951,2175,2,,2,,
3952,2940,4,,,2,
3953,2560,4,3,,4,
3954,4829,3,,,,
3955,2884,3,,,,1
3956,3707,4,,,,1
3957,2021,4,,,,1
3958,827,4,,,2,
3959,3630,1,1,4,,
3960,3250,4,3,,,3
3961,32,2,,,,
3962,3114,2,,,,
3963,5352,1,2,2,3,2
3964,2255,1,,,,
3965,978,4,,,,
3966,2407,1,,3,4,
3967,2622,3,,1,,1
3968,1617,4,1,,,2
3969,5421,3,1,2,,
3970,1772,2,,1,,
3971,2016,4,,,,
3972,3641,2,,,,3
3973,3026,2,,4,,
3974,3550,4,,1,,
3975,1750,1,,3,,
3976,3876,2,,1,,
3977,2420,4,3,,,
3978,4923,3,,,,
3979,2372,1,3,,,1
3980,792,1,,,1,3
3981,451,2,,2,,1
3982,4615,1,,,,
3983,3333,2,,,,
3984,3067,3,,,,
3985,2973,3,,4,2,
3986,1879,1,,4,,2
3987,2305,1,2,2,3,
3988,906,1,2,,,3
3989,5445,4,2,4,,
3990,885,1,,,4,
3991,3069,4,,,3,4
3992,3378,1,,2,4,
3993,1315,4,4,,,
3994,2398,4,3,,2,1
3995,3551,1,,,,3
3996,1674,1,,1,1,
3997,2816,4,2,,,
3998,2365,1,2,4,3,2
3999,1697,4,4,1,1,
4000,488,2,,,4,2
4001,3252,2,,,,1
4002,2494,2,4,,,
4003,2791,4,,,,
4004,4689,2,,3,,2
4005,2900,3,,1,3,3
4006,2783,3,,1,3,1
4007,4698,4,,3,1,
4008,2675,3,,,,
4009,2881,4,3,,,4
4010,145,3,1,2,,
4011,2657,1,,4,,
4012,2691,3,,,,3
4013,2518,1,,4,,
4014,5115,3,1,,,
4015,4349,4,4,,,
4016,5082,2,,,,
4017,677,2,,4,,1
4018,3654,2,,,1,2
4019,2123,2,,1,,1
4020,3612,1,,2,,
4021,2325,1,,,,
4022,1833,2,2,2,,
4023,434,3,,3,2,
4024,3714,4,,2,,2
4025,2064,4,,4,,3
4026,359,1,,,,1
4027,4235,4,,,,2
4028,2677,2,3,,,1
4029,5137,4,,,,3
4030,5057,4,1,,2,1
4031,5258,1,,2,,
4032,4372,2,,2,,3
4033,5324,3,1,3,,2
4034,2454,1,,1,,
4035,3594,2,2,1,,
4036,4090,1,,,,
4037,4235,1,,4,,
4038,4860,1,,3,,3
4039,3278,3,,,,2
4040,2110,2,,,,2
4041,1580,3,4,,,
4042,1226,1,,,,
4043,3593,4,4,,,3
4044,2762,4,,,,
4045,5363,1,3,1,,
4046,2791,3,,,,
4047,1029,2,,,1,1
4048,4983,4,3,,,
4049,5057,3,,,,
4050,785,1,,1,2,
4051,3873,3,,1,1,1
4052,4901,1,3,,,
4053,4015,1,3,,4,
4054,1674,2,1,3,,2
4055,3682,4,,1,,
4056,1760,2,,,1,
4057,5068,4,,,,2
4058,2478,3,1,,,
4059,4249,3,,3,,
4060,1214,1,2,,,
4061,2323,3,2,3,,2
4062,2276,4,2,,,
4063,625,1,,,3,1
4064,336,1,,,,4
4065,3042,4,,,,
4066,1116,3,,,2,2
4067,4832,3,,4,,
4068,348,4,,1,,
4069,138,2,3,,,4
4070,3414,2,,,,3
4071,2258,1,,,,
4072,2278,1,,,,
4073,4166,3,,,,4
4074,739,2,,2,,
4075,2541,4,2,,,1
4076,599,4,,,,
4077,59,4,,,,4
4078,2162,3,,,3,2
4079,1891,1,2,4,4,
4080,2169,1,,,,1
4081,4643,1,,,,
4082,1765,1,,4,2,4
4083,3442,4,,,3,2
4084,4906,4,,2,,3
4085,3725,1,4,,,
4086,4252,4,2,,4,1
4087,4796,1,,,1,4
4088,4124,2,1,,2,
4089,4998,2,1,2,1,3
4090,3832,3,4,4,2,
4091,4160,1,4,,,3
4092,5077,1,3,4,,
4093,2585,3,2,4,3,
4094,1234,2,,4,,
4095,1375,3,,2,1,
4096,526,4,,4,,
4097,940,2,4,,4,
4098,5466,3,1,,,3
4099,3472,4,,,,
4100,5381,1,,,,
4101,2113,2,,,,
4102,3171,1,2,4,3,
4103,506,4,3,2,2,1
4104,2211,1,,,,
4105,5258,3,,3,,3
4106,710,4,4,,,2
4107,330,1,,,4,3
4108,4359,2,,,,2
4109,802,4,,3,,3
4110,481,3,,2,,1
4111,5210,2,3,,,
4112,3623,4,4,2,,2
4113,3512,1,,,,
4114,3450,2,,1,1,
4115,733,4,,,,
4116,704,4,,1,,2
4117,2303,2,,,,
4118,3081,4,,2,4,
4119,5404,1,,4,3,1
4120,4285,1,,1,1,1
4121,2984,3,,2,,
4122,644,2,3,1,,
4123,1381,4,,,,
4124,1802,1,1,,,
4125,3391,3,,,3,2
4126,1049,2,,1,,3
4127,1984,2,,,,2
4128,1274,2,,,,
4129,5357,4,4,4,4,
4130,3698,3,2,,,
4131,3060,1,,,,4
4132,585,2,4,3,,
4133,746,3,,,,
4134,1714,4,1,,,4
4135,1269,3,3,,1,
4136,4765,1,,,,
4137,2765,1,,,,4
4138,1332,4,,,3,1
4139,1232,2,,2,4,
4140,557,2,4,4,,4
4141,2997,1,3,1,1,
4142,4124,1,,3,1,1
4143,2193,1,,4,1,
4144,3558,2,3,4,,2
4145,980,4,,4,,3
4146,3647,1,,4,1,
4147,2358,1,4,,,
4148,18,3,,,,
4149,1629,1,3,,,
4150,5286,4,,,1,
4151,3407,4,,,,3
4152,4965,1,4,1,,3
4153,2806,2,4,2,,
4154,2165,3,1,2,1,
4155,26,1,2,,3,
4156,473,2,3,,,
4157,2500,3,,,,1
4158,1661,1,,,4,1
4159,1813,3,,,2,1
4160,3889,4,2,,,
4161,1514,4,,4,,
4162,1838,1,,,2,4
4163,2141,4,,,,3
4164,4662,4,,,,
4165,2344,4,1,4,3,
4166,3618,2,2,,,2
4167,3545,3,,,2,
4168,2138,1,,,,1
4169,2963,2,,,,2
4170,5316,2,1,,,1
4171,2584,2,1,,,
4172,4147,4,,,,
4173,4451,2,2,,,
4174,3733,3,,,2,
4175,1840,2,,,,2
4176,3305,3,,,,
4177,351,3,4,,,
4178,90,1,3,,,2
4179,2533,1,,1,4,
4180,1810,1,,,,
4181,1341,1,,3,,
4182,3764,4,,3,,
4183,4296,3,,3,1,
4184,36,3,4,3,,1
4185,265,1,,,,
4186,5422,3,3,,,
4187,582,1,,,,
4188,72,1,1,2,,2
4189,3577,3,,4,,
4190,5145,3,,,4,
4191,4418,2,,,,
4192,2146,4,,3,,
4193,2972,4,,,3,4
4194,3206,2,,,,
4195,3090,3,,,4,
4196,57,3,,,2,1
4197,2148,4,,,,2
4198,1632,3,,4,,
4199,4653,2,1,,,
4200,2220,4,,2,,
4201,3259,1,2,,1,
4202,5220,2,,,,4
4203,2313,1,,1,1,
4204,1300,4,1,1,,1
4205,3129,3,,,,2
4206,5169,3,1,,,
4207,2542,3,,3,3,
4208,3516,2,,1,,
4209,2895,3,,4,,
4210,4995,1,,2,1,
4211,889,1,,,,3
4212,1835,4,3,4,,2
4213,4520,1,,,3,
4214,674,3,4,,3,
4215,3763,1,,3,,
4216,951,2,2,,,1
4217,4371,4,3,4,,
4218,5364,3,,1,,3
4219,799,4,,4,3,
4220,1928,2,,,3,
4221,4045,4,1,1,3,
4222,1396,1,,,4,
4223,1743,1,4,,,3
4224,4412,3,,2,2,
4225,3818,3,3,4,,
4226,4942,2,,,,
4227,1993,3,,,1,
4228,403,2,,,2,
4229,3010,2,,,,
4230,3818,2,,,,3
4231,4451,4,,1,,
4232,1408,3,4,,,1
4233,2535,4,,2,,
4234,1399,4,4,3,3,
4235,3751,3,,,2,3
4236,376,2,3,4,,
4237,3926,3,4,3,3,
4238,422,4,4,1,3,
4239,2627,1,1,1,2,4
4240,533,4,,,1,1
4241,4550,1,3,2,,
4242,5019,3,3,,3,1
4243,4307,2,,4,4,
4244,5169,3,,3,,
4245,2048,4,,,,
4246,4981,1,,2,2,2
4247,3888,4,,3,,4
4248,3203,2,,,2,
4249,2594,1,,3,,
4250,1175,1,,2,3,
4251,3038,4,,,,
4252,1287,2,,,2,
4253,4883,2,2,,3,3
4254,5080,2,,,4,
4255,2663,1,,,,4
4256,4573,4,2,3,2,
4257,634,1,3,2,2,2
4258,4170,3,2,2,,3
4259,3483,1,2,2,,
4260,3893,2,2,,4,2
4261,3037,1,,3,,
4262,2212,2,,,,1
4263,266,4,,2,,
4264,4158,3,,1,4,2
4265,2807,1,1,,,
4266,3980,1,,,3,4
4267,3347,2,2,,,
4268,4326,3,1,,2,3
4269,2796,3,,,,1
4270,4396,3,,,,
4271,1292,1,,,4,
4272,5226,4,4,2,4,
4273,149,2,2,,3,
4274,250,3,,,,4
4275,5291,2,,,,
4276,5490,1,2,,,2
4277,4354,3,,,2,4
4278,4880,2,,2,2,
4279,2859,2,,3,,4
4280,1824,1,,,3,4
4281,2158,2,,,,2
4282,2647,4,,,,
4283,4906,3,4,4,,2
4284,3133,4,1,,,
4285,4207,1,,,,
4286,3440,2,2,3,4,3
4287,2297,1,,3,,1
4288,3499,2,1,4,,
4289,2122,1,,3,3,
4290,1176,1,,3,,3
4291,1099,3,,4,,
4292,4611,3,1,2,,
4293,1378,4,,,,1
4294,2639,2,4,,,1
4295,350,2,,,,3
4296,2379,3,3,,,
4297,3169,4,,,1,
4298,471,3,3,,4,
4299,1931,2,,2,,
4300,3272,4,2,,1,
4301,86,4,,,1,
4302,3305,3,,1,,2
4303,107,3,3,4,,
4304,3506,2,,,,
4305,1703,3,,,4,
4306,145,4,,,,3
4307,2809,3,4,,2,
4308,4392,1,3,4,1,
4309,5046,4,1,2,,
4310,1249,4,2,4,,
4311,2415,4,,,4,3
4312,2536,1,,,2,
4313,3071,3,,,,2
4314,242,2,,,,
4315,321,1,2,1,,
4316,463,3,4,4,,
4317,4548,4,,,,
4318,5446,2,,,,
4319,550,1,4,1,,
4320,2060,4,,,,
4321,2114,3,4,4,1,
4322,4100,1,,1,,
4323,2300,3,,1,,
4324,1315,3,1,,3,
4325,700,1,3,3,1,
4326,1514,4,1,,,
4327,1372,1,4,4,,
4328,3082,3,4,4,,
4329,2044,4,,1,,4
4330,2149,3,,,1,2
4331,2163,1,,,,
4332,4313,3,,2,,
4333,5352,4,2,2,,
4334,4079,3,,,,
4335,3656,1,,,,3
4336,5210,3,,1,2,1
4337,846,2,,,1,
4338,799,1,,3,,4
4339,4019,4,,,1,
4340,3306,4,,,,
4341,3892,2,,1,4,
4342,2339,3,,,,1
4343,4918,4,4,,,
4344,3610,1,1,,3,3
4345,69,3,,,2,4
4346,1904,1,,4,,4
4347,1119,1,3,1,2,2
4348,4927,1,,,1,3
4349,2816,1,,,,
4350,1120,4,,,,2
4351,1187,3,3,,1,
4352,2151,4,2,,,
4353,319,4,,,4,2
4354,4589,2,1,1,3,3
4355,4323,2,1,,2,3
4356,2937,2,2,,4,1
4357,1361,2,,,,
4358,2583,4,,,1,
4359,5274,1,2,,,1
4360,5324,1,,,2,
4361,4616,3,,,,1
4362,3066,2,,2,3,3
4363,2687,3,,4,,
4364,3253,3,,,1,3
4365,2757,1,2,,,
4366,4253,2,3,,2,
4367,3802,3,3,2,1,
4368,362,2,,,2,1
4369,3019,2,4,4,3,
4370,3576,1,3,,,
4371,4500,4,4,,4,
4372,5371,1,,,,
4373,2039,1,3,,,3
4374,3480,1,1,3,4,
4375,3104,1,2,1,,2
4376,94,1,1,2,2,
4377,4334,1,,,1,
4378,2230,3,,4,,
4379,1889,4,,,3,4
4380,3093,2,1,,4,4
4381,1407,3,,,3,
4382,4098,4,,,,
4383,5381,2,1,,3,1
4384,3702,1,3,,,2
4385,159,3,,,2,
4386,3678,1,,,1,
4387,3567,1,,,,3
4388,5182,3,1,,,
4389,1890,4,1,,,
4390,4098,2,2,,2,1
4391,282,3,4,,,
4392,5073,2,,2,,2
4393,5147,4,,3,2,
4394,1634,1,1,,,
4395,4426,4,2,,1,
4396,924,1,,4,,
4397,1513,3,1,,2,
4398,2973,2,,,3,1
4399,726,3,3,3,,
4400,2385,3,4,,4,2
4401,2386,1,4,1,1,
4402,199,4,,,,
4403,4158,4,,,,
4404,5038,4,,1,,
4405,4178,4,,2,,
4406,4586,2,,3,,
4407,4322,4,1,,,
4408,1861,3,,,,
4409,493,3,,2,,
4410,5226,2,,3,1,
4411,2592,2,1,,4,2
4412,1706,3,,,,
4413,2232,3,,2,3,2
4414,230,4,,1,,2
4415,3439,1,2,2,,1
4416,3476,1,1,,4,1
4417,488,3,,4,3,
4418,2165,3,2,1,,4
4419,1578,2,,,2,
4420,3010,1,1,,,4
4421,1479,2,,3,4,
4422,3739,2,,3,4,
4423,1705,4,2,3,2,3
4424,3416,3,,,3,
4425,3759,2,,,3,
4426,5205,3,2,1,,2
4427,1587,2,1,1,2,
4428,242,3,,3,,
4429,4292,3,,4,,
4430,5380,3,,,,2
4431,4198,2,,4,4,4
4432,2323,4,3,1,,2
4433,5184,4,,1,4,
4434,3825,2,1,,2,
4435,5256,1,,,3,
4436,402,1,3,,1,3
4437,4402,2,3,2,3,
4438,3740,1,2,,1,2
4439,3122,1,,,3,
4440,3169,4,,1,,
4441,2523,2,,4,1,3
4442,2255,3,3,,,
4443,1522,4,1,1,,
4444,2638,4,2,3,,
4445,1803,4,,4,,
4446,986,2,2,,4,
4447,864,2,4,,,
4448,5420,4,,,,1
4449,2346,3,,3,,
4450,4222,3,2,4,3,
4451,2538,1,2,,1,
4452,4039,2,,,3,
4453,4011,3,,,,
4454,2513,4,,,1,
4455,1215,1,2,,,
4456,2114,2,2,,4,1
4457,2263,3,2,,2,
4458,939,2,3,2,,4
4459,4322,1,3,,1,1
4460,136,1,4,,1,3
4461,3764,3,,,,4
4462,5194,1,,3,3,3
4463,1324,4,,1,,2
4464,226,2,,2,,4
4465,3622,3,1,,2,1
4466,358,2,,1,,1
4467,1076,4,4,2,,
4468,3572,1,,,,
4469,3140,3,4,2,1,
4470,2008,1,,3,,
4471,3111,2,,,,
4472,1540,1,,2,,
4473,357,1,,,3,
4474,1487,4,,2,3,
4475,5406,4,,1,,
4476,4920,4,,,,1
4477,1693,2,,,,3
4478,113,3,1,,4,
4479,1343,4,2,,1,3
4480,3435,1,,,2,4
4481,1603,4,,1,,
4482,413,2,,,,
4483,3367,2,4,,4,
4484,4610,2,,4,,2
4485,2407,3,2,,4,
4486,4384,4,,,4,
4487,2959,3,4,,4,
4488,1192,4,,,,2
4489,4456,4,,,,
4490,1403,2,,4,,
4491,1981,3,,,,3
4492,1659,2,,,,
4493,4553,3,,,2,3
4494,903,1,2,3,2,
4495,1222,3,,,2,3
4496,1464,1,,,4,
4497,2605,4,4,,,
4498,2779,4,,,,3
4499,1403,1,,1,3,4
4500,70,2,,,4,3
4501,779,1,,,,
4502,3201,2,,1,3,1
4503,312,2,1,,,
4504,2198,4,3,3,3,2
4505,2441,4,,4,4,1
4506,4626,1,1,,,
4507,2829,4,,4,,1
4508,4512,2,4,4,4,
4509,382,1,,2,,3
4510,1527,1,,3,4,
4511,3124,2,,,,
4512,3303,4,,3,,2
4513,962,3,,,,4
4514,2405,4,,,,
4515,1461,2,,,,
4516,5386,4,,,,2
4517,1338,3,,,,
4518,996,1,,,,3
4519,103,4,,,,
4520,3814,1,,,,
4521,548,3,,,,
4522,4546,1,,,,
4523,2827,2,,3,4,2
4524,4345,3,,,1,
4525,1558,4,1,4,,
4526,450,3,1,,4,
4527,2917,3,,,4,
4528,1713,1,,3,1,1
4529,4229,1,,,,2
4530,1539,2,1,,,
4531,1519,2,3,,,
4532,5325,3,4,,4,
4533,4334,4,3,,3,
4534,3179,4,1,,,
4535,2249,1,,2,,3
4536,4451,3,1,2,,4
4537,5378,2,4,1,,
4538,20,2,2,,,1
4539,2521,3,2,,,2
4540,1883,1,,,4,1
4541,1075,2,4,,,
4542,3761,2,4,2,,
4543,5029,1,4,,,
4544,864,1,3,,1,
4545,3478,4,1,3,3,
4546,3899,2,,3,3,
4547,2914,2,,,,3
4548,2699,1,3,1,,
4549,5381,2,,,,1
4550,4507,1,1,4,,
4551,5469,2,,,1,2
4552,1777,4,4,,2,3
4553,115,3,4,,,2
4554,3292,3,3,,1,
4555,98,4,,4,,
4556,1292,2,1,3,,
4557,760,4,,,,3
4558,5200,1,1,,2,
4559,2677,4,,1,1,2
4560,1469,3,4,,,
4561,3183,1,,,,1
4562,5032,3,,,2,4
4563,100,3,,2,4,2
4564,4392,1,,,,3
4565,4469,2,2,,,
4566,2737,4,,1,1,3
4567,5305,2,1,,,
4568,5401,3,,4,,
4569,4530,1,1,3,4,
4570,5188,2,1,2,,
4571,2101,3,,4,,
4572,2883,3,,,,1
4573,3035,4,4,,,1
4574,494,1,1,,4,4
4575,3937,1,,,,4
4576,1772,2,,4,3,
4577,962,3,3,4,,
4578,3730,2,,,,
4579,4563,4,,,,
4580,2845,2,3,,,3
4581,3538,3,,,,
4582,4514,2,2,,,
4583,2005,3,,4,,
4584,1650,2,,,,
4585,459,4,,,1,
4586,2896,4,3,2,3,4
4587,2522,3,,3,,2
4588,4533,2,,,,
4589,3637,3,4,,,
4590,247,1,,,,
4591,5272,4,1,4,3,
4592,4195,2,1,,1,2
4593,4795,2,,1,1,
4594,3909,1,4,,,
4595,2785,4,,,,
4596,1459,1,3,4,,
4597,764,4,,,,3
4598,629,4,1,4,3,
4599,339,4,,3,,
4600,4782,4,1,,,3
4601,1399,2,1,,,1
4602,49,1,1,,4,
4603,949,1,,4,4,
4604,3136,2,,,,
4605,2655,1,1,,,
4606,5134,3,1,4,2,
4607,3215,1,2,,,
4608,4028,2,2,4,,1
4609,1703,1,,2,,
4610,4727,2,,3,4,
4611,1380,2,,,,2
4612,769,2,4,3,,
4613,1585,3,2,,,
4614,2654,1,1,,,
4615,1399,1,2,3,,
4616,1740,4,,,,3
4617,2095,2,,,,
4618,247,4,,,,
4619,3583,4,,,4,
4620,4396,4,2,1,4,
4621,3417,4,3,,4,
4622,2772,4,,3,,
4623,4992,2,2,,,1
4624,4265,4,2,4,,
4625,3159,3,,,,2
4626,3759,4,2,4,,2
4627,3197,3,,3,3,3
4628,781,2,,4,1,
4629,2952,4,,,,1
4630,4469,4,,,,3
4631,1294,3,3,,,
4632,4940,4,4,3,1,
4633,946,4,,,,
4634,3869,2,,4,,
4635,2240,1,,,1,2
4636,251,1,,,4,4
4637,2734,2,,,,
4638,445,4,,,,3
4639,1848,2,4,2,4,
4640,1437,3,,2,,1
4641,5439,1,,,,
4642,2836,4,,,4,
4643,2040,1,,1,3,3
4644,3509,3,,,,3
4645,4824,3,2,,,
4646,2918,3,,,,
4647,839,4,,2,,
4648,4310,3,1,,,3
4649,2813,1,2,,3,4
4650,726,4,,,2,2
4651,1425,2,,,,1
4652,4612,1,4,,,
4653,1909,1,,,4,
4654,4935,4,2,1,,
4655,3159,2,,,,
4656,28,3,,,1,
4657,4755,3,3,2,,4
4658,3288,3,,,3,
4659,91,2,,,,3
4660,2957,3,,,2,1
4661,3260,1,,4,,4
4662,1149,4,4,4,4,
4663,4232,3,4,,,
4664,5194,2,,,,4
4665,656,2,,1,1,
4666,3290,4,,,,2
4667,5145,4,,1,1,3
4668,1266,1,,,,3
4669,4215,3,,,,4
4670,932,1,,4,,4
4671,4260,4,1,4,,
4672,1089,3,,4,,
4673,3875,1,1,,,
4674,1840,2,,2,2,2
4675,5422,1,,,,
4676,3588,4,2,1,,4
4677,3891,3,,,3,4
4678,2297,1,,3,,4
4679,5463,3,1,4,,3
4680,1384,1,,,,1
4681,497,4,,3,,2
4682,4488,4,,2,1,4
4683,2846,4,,3,,
4684,671,3,3,,,4
4685,260,3,4,,3,
4686,4932,2,3,,,
4687,5031,1,,,,3
4688,1090,4,2,,2,4
4689,995,2,,,1,
4690,3988,3,1,2,,
4691,5239,3,3,,,
4692,2065,2,,,1,
4693,4016,4,2,,1,1
4694,1880,4,,,,2
4695,4088,3,,3,4,3
4696,4112,2,1,,,
4697,2866,2,,3,,2
4698,2622,4,,,,2
4699,1251,3,4,,,
4700,2104,1,,2,,
4701,1904,2,,2,3,
4702,1093,2,,,,4
4703,2462,2,,3,3,
4704,137,1,,,,4
4705,3025,3,,,,
4706,3394,2,,4,3,3
4707,48,4,,,,2
4708,210,2,,,,2
4709,2414,1,4,4,,
4710,1531,2,,,1,
4711,2166,4,,,,
4712,510,2,1,4,2,3
4713,5135,1,2,,,
4714,4863,1,,4,1,
4715,2735,2,,,2,1
4716,825,1,,1,,4
4717,2044,3,4,,,4
4718,4027,1,,,3,
4719,2674,3,,,,
4720,66,4,,,,4
4721,5468,3,,1,,
4722,2762,3,,,1,
4723,3972,1,,,,1
4724,1534,4,3,,,
4725,2624,3,,2,2,
4726,1954,1,,4,,
4727,1026,4,3,,,2
4728,2340,4,,,2,
4729,3321,3,,1,,1
4730,2501,1,4,,,1
4731,923,3,,,,
4732,1715,2,,,,
4733,5148,3,1,,,1
4734,5040,2,2,4,,
4735,779,4,,,,2
4736,2422,1,2,,2,
4737,4569,4,4,,,
4738,69,2,,,4,
4739,2907,4,,,2,
4740,2284,2,,,4,
4741,3518,4,4,3,1,
4742,4352,2,,4,1,
4743,179,1,1,,,
4744,4683,1,1,,4,3
4745,3101,3,,,2,
4746,4524,3,2,,1,2
4747,5131,1,,3,,
4748,1599,2,4,,2,
4749,4616,1,3,,,2
4750,2928,3,4,,3,
4751,3154,2,3,2,,1
4752,2741,3,,1,3,
4753,5121,4,,,,
4754,2379,1,,,,1
4755,4855,1,3,,,2
4756,4380,1,2,,,
4757,1794,3,,,2,3
4758,1525,4,,4,4,
4759,2508,2,,,1,1
4760,4063,1,,1,1,1
4761,1063,1,2,,,
4762,3196,1,1,,,
4763,800,2,,4,,2
4764,319,1,1,4,4,4
4765,3343,3,3,,,4
4766,4172,1,,,4,
4767,444,1,,3,,
4768,1750,1,,,,
4769,2743,3,,1,3,
4770,3838,1,,,3,1
4771,4685,3,2,2,1,1
4772,2865,2,4,2,1,4
4773,1708,1,1,4,2,
4774,1394,2,,,,
4775,1030,1,3,,,
4776,5310,2,,,,
4777,962,4,1,,,
4778,2210,3,,,3,4
4779,4326,2,,3,1,
4780,1069,2,,,1,
4781,4912,4,,,,
4782,1218,4,,3,2,
4783,1555,3,1,4,2,1
4784,860,4,,1,2,
4785,2675,4,,,4,2
4786,905,1,,,2,4
4787,1780,4,1,2,,3
4788,2383,3,,,1,
4789,2841,1,1,4,1,4
4790,3065,2,4,,,4
4791,1555,4,,,,2
4792,4106,3,,,,2
4793,5052,1,1,3,1,
4794,5274,1,,3,3,3
4795,1561,4,,,,4
4796,4585,2,1,4,,
4797,2562,2,,,2,2
4798,3591,3,,2,,
4799,2351,1,3,,2,
4800,300,1,,,,
4801,3492,2,,,,2
4802,4594,2,,,,4
4803,752,4,,,,
4804,709,1,3,,,
4805,4306,1,,,4,
4806,4745,3,,,,
4807,1653,4,3,3,,
4808,3753,4,3,,1,1
4809,1092,1,,,,
4810,5121,2,4,,,
4811,4829,4,1,4,,
4812,2723,3,,,,
4813,3218,4,2,4,,1
4814,3139,2,3,3,,3
4815,5275,2,4,,,
4816,1573,2,,,2,3
4817,1217,3,,2,,
4818,5343,4,,4,,
4819,837,2,1,3,4,3
4820,4055,4,4,,,4
4821,732,3,,,2,4
4822,2439,3,,,,2
4823,4478,4,3,3,2,4
4824,766,3,,,,
4825,1835,2,,,1,
4826,5375,1,,,2,
4827,748,4,,3,4,4
4828,1147,2,3,4,3,
4829,1781,3,,2,2,
4830,1444,2,,,1,
4831,936,3,4,,,
4832,5476,2,3,,,1
4833,3970,4,2,,2,
4834,1706,3,1,,4,
4835,4349,4,2,,2,
4836,2077,1,3,,,1
4837,1456,1,1,4,,
4838,1636,3,4,2,2,
4839,2910,1,,2,,
4840,313,1,4,,,
4841,4671,2,,,,1
4842,320,1,,2,,
4843,2190,2,,,,
4844,4602,2,,,3,3
4845,3366,4,,1,4,4
4846,4231,4,4,,1,3
4847,5208,1,,2,,1
4848,741,2,,1,,3
4849,630,4,3,2,,
4850,4692,2,2,,,
4851,3276,4,,,2,2
4852,640,4,,2,2,
4853,3274,2,4,,3,
4854,2029,4,,,,
4855,2986,4,1,,,
4856,3866,4,,,,1
4857,3653,4,4,1,1,
4858,4048,1,1,2,,2
4859,1114,3,,,,
4860,1544,1,,,,2
4861,1656,2,,2,3,1
4862,1600,2,4,2,,
4863,3691,1,,,4,
4864,1547,4,2,4,2,3
4865,1958,4,,,,
4866,1791,1,,,,
4867,2904,3,2,,,
4868,1834,4,1,,3,
4869,1392,2,,2,3,
4870,2526,2,,3,1,
4871,2939,2,,,2,
4872,4349,3,3,1,,
4873,5295,2,,,,
4874,5288,3,,,,
4875,2983,2,,1,,1
4876,4986,3,,3,1,3
4877,4561,2,,,3,
4878,1461,4,4,,,4
4879,1043,1,,,,2
4880,5356,4,,1,1,3
4881,1368,4,2,,,
4882,3718,4,,2,,1
4883,4601,4,1,2,,1
4884,4668,1,,2,,
4885,4279,3,,3,,
4886,4652,1,,,,2
4887,3950,2,2,3,,
4888,525,2,,4,,3
4889,4124,4,,,2,3
4890,912,4,,,3,
4891,2460,3,,,,2
4892,3182,3,,,1,
4893,1842,3,,,1,1
4894,3461,1,1,3,,
4895,4505,2,,4,,
4896,4761,4,,4,4,
4897,3874,3,4,3,,
4898,2690,2,,4,,
4899,1101,2,,,,
4900,3632,1,,,2,
4901,1427,4,,,1,
4902,2229,1,,,2,2
4903,348,2,,4,1,4
4904,2844,1,,2,,4
4905,21,3,,,,2
4906,671,4,,,,
4907,430,4,3,,,
4908,1875,4,,2,,
4909,1523,2,2,,,1
4910,4234,4,,,,
4911,5330,4,,1,,
4912,3289,1,4,,,3
4913,4193,3,2,1,1,
4914,1142,2,,2,,
4915,383,1,1,,1,2
4916,2558,3,,,,
4917,3694,3,3,4,3,
4918,2146,4,3,,1,
4919,136,4,,2,4,
4920,2765,4,4,3,3,
4921,2726,3,,2,2,4
4922,4844,3,1,2,,2
4923,2266,2,1,,1,
4924,314,1,4,,,
4925,3981,1,,2,1,
4926,1919,3,,,,3
4927,5433,4,3,,2,
4928,4278,2,1,,2,
4929,5360,1,3,,,
4930,497,4,,,,
4931,3380,3,2,,1,
4932,3844,2,3,4,,3
4933,1630,3,,,,
4934,970,4,,,,1
4935,4697,2,,3,,1
4936,509,3,,3,2,
4937,1411,3,3,,2,4
4938,3412,3,2,,,4
4939,3350,3,,1,,1
4940,4668,3,2,,3,2
4941,50,4,,,,
4942,5335,2,2,3,3,
4943,2539,2,4,,,
4944,1868,4,3,1,4,4
4945,946,1,2,3,,1
4946,3797,4,,,,
4947,5004,4,1,,,1
4948,3052,1,,2,,
4949,3703,3,3,,,
4950,5132,2,3,1,,3
4951,2929,3,2,,3,2
4952,4597,1,4,,2,
4953,755,3,1,2,4,
4954,3265,3,2,,,
4955,996,4,1,,,
4956,4123,1,,1,,2
4957,3820,2,3,2,1,
4958,1870,3,,1,,4
4959,1278,2,2,,,
4960,4858,4,,1,,2
4961,4297,3,,,4,3
4962,2484,3,4,,,2
4963,60,1,2,4,,1
4964,5265,2,3,,4,
4965,3519,2,1,1,,
4966,4232,2,,2,,
4967,3904,2,,,,
4968,1716,3,1,1,,4
4969,3657,4,1,,,
4970,4481,1,,1,,4
4971,3343,4,2,,2,4
4972,954,3,1,3,,
4973,3337,3,,2,,
4974,427,1,3,,3,
4975,4968,3,,1,3,1
4976,4213,2,2,,,2
4977,3093,3,,4,1,
4978,3747,3,1,,1,
4979,2201,2,1,,4,
4980,3,3,3,4,,
4981,5314,2,3,3,3,
4982,536,4,1,,,3
4983,4192,3,2,,,
4984,1195,3,1,,3,
4985,3101,4,,3,,
4986,1705,2,,,4,2
4987,1880,3,1,1,,
4988,501,4,,,,
4989,2779,2,,3,,1
4990,2765,1,,,,3
4991,4560,1,,,3,1
4992,1045,2,,1,,
4993,1711,1,,,,
4994,4064,4,1,,1,1
4995,3903,4,,,1,
4996,140,1,,,2,
4997,1380,4,,,,
4998,293,1,,4,,
4999,3093,2,,1,1,
5000,2942,1,,,2,1
5001,5168,3,,3,2,
5002,719,1,2,4,,
5003,2784,1,,,3,
5004,4044,4,,3,,1
5005,4506,3,4,1,,
5006,1372,2,2,,,
5007,4301,3,,,4,
5008,5377,3,2,,,
5009,1758,2,1,,,
5010,2198,2,,,,
5011,4535,1,,,,1
5012,1786,2,,4,4,
5013,1697,1,2,3,3,4
5014,560,3,,,2,
5015,1496,1,,,2,
5016,327,1,4,,,
5017,5091,3,4,,,
5018,1924,3,,1,2,
5019,2978,3,1,,,
5020,3907,3,,,,
5021,1706,2,,1,,
5022,3782,3,3,,,
5023,1180,4,,,3,1
5024,1933,1,,,,
5025,4599,4,1,,1,2
5026,4811,1,,,1,
5027,2744,1,2,1,,4
5028,1362,2,,,1,
5029,763,2,,1,1,2
5030,727,3,1,,,
5031,1189,2,3,,1,3
5032,1259,3,,,,
5033,1057,1,3,,3,2
5034,2326,2,,,,1
5035,4857,2,,,2,
5036,4901,3,4,1,3,
5037,2562,4,,4,3,2
5038,3192,3,1,4,,
5039,1359,2,2,,,
5040,1969,3,4,,,
5041,1901,3,2,,,
5042,3588,4,,,,1
5043,2452,4,1,2,,
5044,1423,1,,,2,
5045,2603,2,,,,3
5046,2619,2,4,,3,
5047,1650,4,,,,
5048,3832,3,,4,,
5049,911,3,,,2,
5050,2982,2,4,3,,1
5051,3638,3,3,4,4,2
5052,5255,4,4,,2,
5053,5395,4,4,,4,2
5054,1866,4,,,,
5055,5478,3,,,2,
5056,3132,3,,4,,3
5057,4024,4,4,,3,
5058,2248,3,,,,2
5059,1496,4,,4,2,1
5060,1172,2,3,,3,2
5061,980,2,,,2,
5062,2822,2,,,3,3
5063,1848,1,4,2,,
5064,3381,1,4,1,,
5065,3388,4,,2,,2
5066,2557,1,,,,3
5067,2476,2,,,2,
5068,2552,4,,4,4,
5069,2407,2,,2,1,4
5070,1078,1,,,,2
5071,3604,4,,,,
5072,4491,2,,,4,
5073,1263,2,,,3,4
5074,4033,3,,,4,
5075,579,4,,3,,3
5076,3254,3,,2,4,
5077,4245,3,,3,,
5078,765,1,,,,
5079,5248,1,,,2,2
5080,1836,4,,,3,
5081,4529,2,,1,1,
5082,2017,2,2,4,,
5083,1169,1,3,1,3,
5084,384,4,,,,
5085,4968,4,,,,
5086,618,3,1,,4,
5087,190,1,,2,1,
5088,3269,1,3,,4,
5089,3448,2,2,2,,
5090,3476,2,,4,,
5091,2545,4,,,2,
5092,2953,1,4,,,2
5093,4595,1,4,,,
5094,3025,1,,,,
5095,4066,1,,1,3,2
5096,438,4,,,,2
5097,4538,2,,,4,3
5098,2705,2,,2,1,
5099,851,3,2,,,
5100,3742,1,4,,,
5101,5101,1,,1,1,
5102,4376,2,,,4,
5103,4799,4,1,2,,
5104,2256,1,,2,,
5105,4895,1,,3,,2
5106,2799,3,2,,2,2
5107,3671,2,3,3,,
5108,1736,1,3,2,1,4
5109,3814,2,1,2,4,4
5110,5238,3,2,,,
5111,4798,1,,,1,3
5112,814,1,,3,,1
5113,151,3,,1,1,
5114,1793,2,3,2,,3
5115,4609,3,,,2,
5116,4009,3,,4,,
5117,4317,4,,,,
5118,3146,4,4,,,1
5119,4922,3,,,,
5120,4063,4,,2,3,
5121,5457,4,,,3,
5122,3246,3,,,3,
5123,5450,2,,1,3,4
5124,1807,3,3,,,
5125,170,2,4,,4,
5126,5135,2,1,3,2,
5127,3685,3,4,,,
5128,2860,3,,1,,
5129,871,3,,,3,4
5130,1226,1,4,,,
5131,2188,2,,3,2,
5132,4605,4,,,,
5133,859,3,,,,
5134,55,1,2,,,
5135,4400,3,,,1,
5136,1580,3,,,,3
5137,4043,4,,1,4,
5138,4245,1,,,,
5139,3057,4,,3,4,1
5140,4149,3,3,2,,1
5141,4641,2,4,,,4
5142,2541,4,2,,1,2
5143,1898,2,,4,,1
5144,5471,3,4,4,,3
5145,1617,1,4,4,,
5146,3959,1,,2,3,4
5147,1351,2,,3,,
5148,3964,4,,,,4
5149,4824,4,4,,,2
5150,1637,2,4,,,
5151,1841,2,,,,2
5152,2980,2,4,,,
5153,2680,4,,,,2
5154,4382,3,1,,2,2
5155,4219,4,,2,,
5156,3503,3,,,2,3
5157,2420,3,,2,,4
5158,992,2,,,1,
5159,4809,3,,1,2,4
5160,5426,3,2,1,,
5161,4578,2,,,,
5162,2090,1,1,1,,
5163,4324,3,,,,
5164,1751,1,2,2,3,
5165,3951,4,,1,,
5166,3999,1,4,,4,3
5167,2817,1,,,,2
5168,3368,3,,,2,
5169,967,1,3,,,1
5170,5296,1,,3,4,
5171,4824,4,3,2,,
5172,4439,3,,,,
5173,1720,3,2,,,3
5174,2075,4,2,,,
5175,1352,2,,1,,
5176,4729,3,,,,
5177,3248,4,,4,3,
5178,4649,3,3,,,
5179,4895,2,4,,,
5180,4636,2,,4,,
5181,4115,1,,4,3,
5182,1419,2,,,,
5183,405,4,3,,,
5184,4802,1,3,,1,
5185,5014,2,3,,,
5186,2367,1,,4,,
5187,3165,4,2,,3,3
5188,3306,1,,3,,
5189,1223,1,,4,,4
5190,3005,4,1,,4,3
5191,3891,3,4,2,,4
5192,3072,3,2,,4,1
5193,4939,2,,,,
5194,887,4,,,3,
5195,2077,4,2,1,,1
5196,165,3,,3,,
5197,639,4,4,,3,3
5198,376,2,3,4,,
5199,1374,2,,,,
5200,5231,3,4,2,4,
5201,211,4,3,,,1
5202,4923,4,4,4,4,1
5203,977,4,,1,,1
5204,4436,4,,4,2,3
5205,967,3,2,4,,3
5206,5472,3,2,,2,
5207,11,1,,,3,4
5208,5151,3,,3,2,4
5209,1525,1,,1,4,2
5210,1252,1,3,1,,2
5211,2190,3,,,3,3
5212,2785,3,,4,,
5213,270,3,,,,
5214,2535,3,,,,
5215,2985,4,4,,3,1
5216,2460,4,,,,
5217,2653,1,,,1,3
5218,2011,3,4,4,,4
5219,2957,2,2,,,2
5220,4320,1,,3,,
5221,4660,4,,1,2,2
5222,34,3,,2,1,
5223,3398,1,,,,1
5224,5102,2,2,2,4,1
5225,5436,1,1,3,,
5226,2773,4,4,,,4
5227,5265,4,,2,,4
5228,4392,1,4,,2,
5229,2457,4,,,,
5230,4261,2,,,,1
5231,3865,1,,,4,
5232,3227,1,,,4,
5233,1880,4,2,,,
5234,2092,1,,,4,
5235,2199,4,,4,4,3
5236,302,1,2,,,3
5237,2476,2,4,1,,
5238,3203,3,,,4,
5239,1234,2,2,,2,
5240,4158,4,,,,
5241,1473,3,,1,,2
5242,3425,3,3,4,1,2
5243,3628,4,2,,2,
5244,517,1,,2,,
5245,4519,1,,,2,
5246,3619,2,4,4,2,2
5247,3881,4,4,,4,1
5248,145,1,1,,,4
5249,159,1,,3,,2
5250,2304,1,,,3,
5251,1837,1,,,1,2
5252,1379,1,3,,,4
5253,5272,2,1,3,,
5254,3925,1,,,,
5255,5062,3,4,,2,
5256,2974,3,,3,,
5257,170,1,4,,1,
5258,5054,3,2,,3,4
5259,1832,3,,3,,
5260,594,2,4,,,4
5261,3096,4,1,,,1
5262,220,1,2,2,,3
5263,2740,2,,,4,2
5264,3800,2,,,,3
5265,2514,4,3,,,
5266,5084,2,,,,1
5267,2925,1,1,3,,
5268,2247,1,,,,
5269,4917,1,,,,1
5270,4299,3,,2,,2
5271,176,1,,,,
5272,4706,2,,,1,
5273,3122,4,,2,,
5274,957,1,,,2,
5275,3404,3,,2,4,
5276,1821,1,3,,,
5277,2746,2,1,,1,
5278,4982,4,4,4,,
5279,1159,4,3,3,,1
5280,2978,3,,,4,3
5281,3380,2,,,1,
5282,1500,4,1,,,
5283,3480,4,,,1,
5284,5317,4,4,2,,
5285,4698,2,1,,,1
5286,5392,3,4,,3,
5287,473,2,,,,1
5288,3235,1,,,2,
5289,43,4,,3,2,
5290,3097,4,,2,,3
5291,753,1,,,4,3
5292,4636,3,1,,3,1
5293,1315,3,,,3,2
5294,2661,4,1,,,2
5295,3675,2,,,2,
5296,2043,1,2,3,,
5297,1526,1,,,,
5298,3711,3,4,2,,
5299,494,3,,,,2
5300,2086,4,3,,1,
5301,3193,4,,3,,4
5302,52,4,2,2,1,3
5303,5176,1,3,4,,
5304,1780,2,2,4,1,3
5305,3308,1,,,3,
5306,5069,4,1,2,1,
5307,942,3,,,,
5308,276,2,,,1,
5309,2709,3,,,,
5310,971,3,4,,,
5311,4888,1,2,4,1,
5312,4567,1,4,,,
5313,2999,4,1,,,4
5314,451,3,,1,,
5315,1340,4,,3,2,3
5316,1569,2,,,,4
5317,947,3,4,,,2
5318,993,2,,,,
5319,3497,1,,,,
5320,2411,3,3,,4,
5321,3443,1,3,1,,3
5322,4985,2,4,,2,2
5323,1283,4,,,,
5324,4179,1,,,,3
5325,5438,4,4,4,,
5326,5424,2,,2,,
5327,251,2,4,2,,
5328,4815,4,,,,
5329,2776,2,,,,
5330,1231,4,2,,,
5331,4920,4,3,,1,
5332,5428,4,3,4,,1
5333,4918,1,1,1,3,
5334,3355,4,,1,,
5335,2880,4,1,,2,2
5336,5064,2,,,2,
5337,3392,3,,,,1
5338,2451,2,1,1,2,
5339,1344,1,,1,4,4
5340,151,2,,2,,
5341,3869,2,2,1,,
5342,4831,3,,4,4,
5343,1541,3,2,,1,
5344,4729,2,,,4,
5345,320,4,,1,,3
5346,4461,1,,,,2
5347,1696,3,,,,
5348,5226,2,1,,,3
5349,4757,4,1,4,2,
5350,1319,3,,,,
5351,732,1,,,,
5352,3271,1,1,4,2,
5353,106,2,2,,,
5354,5119,1,,3,3,
5355,2359,3,3,3,,
5356,2730,1,,2,4,
5357,4421,4,,4,,
5358,1842,1,4,4,4,
5359,792,1,,,,
5360,1173,1,,,,
5361,4994,4,,3,,3
5362,2703,4,,,1,
5363,5119,2,,2,2,
5364,4791,2,,,2,2
5365,137,2,,,3,
5366,4185,4,1,,4,
5367,4349,3,1,4,,
5368,310,4,,,1,
5369,2513,1,,,3,
5370,3561,3,,2,,4
5371,4067,1,,,3,2
5372,747,3,3,,,
5373,538,4,,,,
5374,2796,1,1,,,
5375,4796,3,,,,
5376,1335,1,2,,4,1
5377,536,3,,,4,
5378,2683,2,,,,
5379,5301,3,,2,,
5380,9,4,2,1,2,2
5381,4510,3,,,1,
5382,926,3,,3,3,
5383,2601,2,,,,3
5384,2306,3,4,,1,
5385,2634,2,,4,4,3
5386,5146,4,3,,,4
5387,2093,3,3,4,3,1
5388,3356,4,1,,,
5389,5199,2,2,2,2,4
5390,2930,2,4,,,
5391,2592,4,4,3,4,4
5392,1266,1,,,2,
5393,1953,1,1,,3,4
5394,968,2,2,2,,
5395,2684,3,,,,2
5396,11,2,,,,1
5397,3202,2,4,,,
5398,4639,1,,3,,3
5399,2996,2,2,,,
5400,4472,3,,,4,
5401,1485,2,,,3,
5402,4806,4,,3,,4
5403,3745,1,4,2,2,1
5404,2320,1,,4,3,1
5405,1572,4,,1,,3
5406,1338,3,,3,1,
5407,2549,4,,3,,
5408,4959,4,,,,
5409,582,1,1,,4,
5410,858,3,1,,,
5411,4774,4,,,,4
5412,1816,3,4,1,,
5413,3993,4,,3,,
5414,4276,3,4,,,2
5415,663,4,,1,4,
5416,5013,4,4,2,,
5417,210,1,,1,,
5418,2239,3,1,3,,2
5419,5209,1,,,,2
5420,3555,4,,,,
5421,4162,3,,4,3,
5422,1064,3,,1,,3
5423,172,4,,,,
5424,1820,2,1,1,1,
5425,5025,2,,2,,2
5426,4058,2,1,,4,
5427,2369,2,,2,,
5428,2548,3,,,3,3
5429,3609,2,4,2,,4
5430,3314,3,,,,3
5431,850,2,,,3,
5432,1279,4,1,,,
5433,2910,4,1,3,,
5434,1461,3,,3,,4
5435,484,2,,2,,4
5436,3883,4,1,,3,
5437,1623,4,,,,
5438,1149,4,2,4,2,4
5439,223,4,2,,,1
5440,1607,4,,1,,
5441,2106,4,,,4,4
5442,174,2,1,,3,
5443,4297,4,3,,3,1
5444,2490,1,,,,4
5445,2193,1,,2,1,
5446,199,2,,2,2,
5447,3211,3,2,1,,4
5448,5453,4,,4,,
5449,2043,3,3,,,
5450,4542,3,,,,
5451,5214,4,,3,4,
5452,1800,4,,,3,3
5453,4158,2,,,,
5454,1324,2,,3,1,2
5455,4240,1,1,,4,
5456,3819,1,,,,2
5457,3547,3,,,4,
5458,1717,1,4,4,,4
5459,3465,3,1,,,
5460,4371,3,3,,,
5461,1005,3,,4,,
5462,595,3,,,,
5463,335,2,,,2,
5464,5213,2,,,4,
5465,4522,3,,,1,1
5466,1207,4,,,2,2
5467,3327,1,,,2,
5468,1638,4,,,,1
5469,2396,2,,,,
5470,3481,4,,2,3,2
5471,321,1,,,,2
5472,10,1,4,,3,2
5473,2637,2,1,1,,3
5474,3427,3,,1,1,
5475,394,1,4,2,,1
5476,2708,3,,2,,4
5477,4952,4,,,1,
5478,1308,2,,,,
5479,3711,2,,3,1,
5480,4084,4,,,,
5481,4690,3,3,4,3,
5482,1163,3,,,2,1
5483,799,1,,3,2,2
5484,4524,2,,,1,
5485,929,4,,1,,3
5486,1288,2,,,3,3
5487,5157,4,3,3,1,2
5488,184,1,,,3,
5489,3663,4,4,,2,
5490,641,1,3,,3,1
5491,4484,3,2,,,4
5492,1708,2,,,2,1
5493,4123,2,2,3,4,
5494,3870,2,3,,4,
5495,4936,3,,,,
5496,4950,2,2,,,4
5497,4001,2,,,4,
5498,200,4,,,2,
5499,2513,2,,3,,
5500,2046,2,,,2,3