StudentID,MethodID
2980,5
79,5
413,3
3107,5
1236,2
2374,4
4116,4
5320,1
3639,3
4935,3
5217,2
3550,3
1801,4
1237,5
4835,4
1194,2
3503,3
542,4
852,3
5380,3
3665,4
2231,3
367,3
2318,5
3609,1
944,2
1088,5
4067,1
147,5
3582,2
137,3
3931,5
490,4
5374,2
2764,4
4174,5
4769,3
1178,2
3175,3
2176,1
2705,3
92,4
3931,3
4163,2
1436,5
5013,1
5090,2
2126,2
1967,2
4002,4
2426,5
4568,1
5084,5
2780,1
2176,5
3255,3
2372,2
5030,2
3729,2
3517,2
2605,4
3581,3
4780,3
4050,1
1898,4
2706,2
2479,5
2724,5
3952,2
3995,2
3826,4
5077,3
4731,2
1061,2
1911,4
3424,2
2718,4
4030,5
5007,4
3704,3
2677,4
2640,2
2564,4
2530,2
764,3
4301,3
2716,2
3435,1
3353,5
2929,1
2485,2
52,4
3906,2
4196,4
1062,1
2392,3
4589,5
3511,1
1931,3
1341,5
4524,5
3232,3
1614,4
3408,1
3275,2
2967,3
3413,5
4656,1
3110,3
1641,1
4296,2
2870,3
4906,1
1693,5
3480,5
1614,1
95,2
3739,3
102,3
5303,3
4280,1
1168,3
1852,1
1240,2
3749,5
3352,3
3318,3
511,4
7,5
1316,4
2741,4
2151,2
3675,2
3857,2
1283,5
4285,1
3068,4
321,2
4160,1
905,4
4248,3
326,4
1156,4
2013,5
5194,1
2286,1
3265,2
5142,3
1345,2
1454,5
592,1
2180,5
2951,1
5405,4
3379,1
5366,5
2826,1
4488,3
2242,3
2632,2
853,1
1018,4
3899,2
460,3
5398,3
2554,3
4464,1
714,2
4679,2
1666,3
640,5
720,3
4644,4
37,3
515,4
5210,2
4785,1
2502,1
2157,3
3124,4
4524,2
4708,3
2250,4
3897,4
2590,5
632,1
4526,4
1689,1
4124,2
4045,5
1663,5
527,3
2989,4
1577,3
1200,5
36,5
3077,2
3333,4
3731,2
5306,5
5309,4
2193,2
4181,5
207,3
691,4
818,5
1497,2
3586,5
2097,5
3954,3
2222,2
625,1
167,2
3824,3
2629,3
3093,1
727,3
157,2
2342,4
629,3
5213,1
2438,3
1094,1
2724,3
82,2
3221,3
1548,2
4409,3
5213,3
2034,5
4252,2
5219,5
1686,4
3442,4
3885,1
1613,1
2981,2
2419,5
1462,4
2568,1
3048,4
158,2
929,4
3369,3
4933,1
4096,2
4752,4
4664,1
5126,4
533,4
3871,4
605,1
2456,4
4018,5
2310,2
1365,4
3771,4
433,4
4911,1
1298,2
2790,2
2968,4
2934,5
661,2
447,3
1768,2
1964,5
2822,3
4089,1
2317,3
810,5
4447,2
2972,2
1381,5
5199,5
3910,5
1417,4
3996,2
5338,2
2186,5
1482,1
5031,4
3855,1
3239,4
5083,3
108,5
853,2
1456,4
4384,4
1049,1
4142,3
4903,1
4099,2
1701,3
3573,2
1282,2
3074,2
4857,5
2646,5
5194,4
1860,5
1446,2
236,4
5198,3
4110,4
2460,5
4723,4
2553,1
5427,1
2860,4
2808,3
4571,4
716,3
4132,5
4982,1
1369,4
156,5
3098,1
26,1
4212,1
3756,4
5046,5
1906,1
1832,3
3721,2
4484,2
372,1
565,1
2185,3
1713,4
5129,4
1847,4
3286,1
1653,4
5273,1
863,1
5022,4
1608,3
683,3
2751,4
2138,3
1550,3
5138,5
3916,3
2356,4
150,2
361,5
1608,2
3346,3
762,3
4029,3
1126,2
2386,5
39,2
4977,2
4216,4
1785,5
4998,3
2103,1
5321,3
3344,5
176,4
1201,2
2092,3
4475,1
285,4
4938,4
4225,2
3128,5
4850,5
5356,1
1814,4
2073,3
1504,1
1900,4
1493,3
2489,3
1036,4
443,2
666,3
872,4
4920,5
4552,3
5048,1
1002,1
3353,3
1497,3
1074,4
3252,1
2144,4
1079,3
3179,4
2966,3
3499,5
2140,4
1135,5
2066,3
4725,4
5191,5
4354,4
3492,5
4931,3
4915,2
1870,2
2120,2
4280,4
3411,2
3443,2
916,3
2670,1
4274,1
2138,1
1158,2
2415,2
2360,1
1487,1
1887,2
170,3
5468,5
4748,3
2199,4
2134,5
4353,4
723,2
1653,1
4987,3
3781,1
1022,1
676,1
1795,3
5461,3
3707,5
4601,3
4512,3
2176,2
3149,5
3108,5
4316,3
5080,5
1172,1
2521,4
4676,1
2436,5
4058,2
3769,4
4167,1
3460,4
2365,5
2324,3
4667,5
5169,2
5366,3
4934,5
3864,5
2933,2
1052,1
2398,3
2942,2
2985,5
523,3
1928,2
3219,1
2885,3
2877,4
3441,4
1423,1
1112,2
2302,3
1902,1
5174,3
5159,1
2730,2
3583,4
1238,1
2844,1
1849,2
4654,5
708,4
1695,1
2589,3
4699,3
2833,2
1277,2
5427,5
2159,3
1002,4
4580,5
116,5
1821,2
4516,4
3988,3
5420,2
952,1
264,1
4834,3
649,3
3818,3
4178,1
5249,2
5402,4
2169,1
3230,5
4555,1
3747,1
2399,3
2357,4
3514,1
2526,2
4725,3
1000,3
3553,3
3466,4
2683,5
1369,2
2659,2
3227,3
3895,2
1611,5
2013,4
4289,1
1384,3
557,1
76,3
4958,1
3492,4
1324,5
1150,1
4898,4
2082,3
798,5
60,2
341,3
1486,4
3692,3
3883,4
1350,1
3844,1
2620,3
4256,5
3518,1
393,1
2084,1
5357,3
1762,2
3423,2
3853,4
2803,5
5212,4
476,4
110,5
34,1
4274,5
2045,5
2755,5
12,2
1534,1
4315,1
1200,3
1814,5
1928,1
3737,1
4738,5
4715,1
1604,4
1430,4
4411,4
3476,1
2009,4
4251,3
4262,5
2181,1
2548,2
320,4
1080,5
4624,2
1584,1
337,4
2258,1
5452,1
1852,2
1897,2
2275,1
119,4
4340,2
6,3
4546,2
5160,3
2544,5
803,2
2951,2
3357,5
3444,5
3648,3
2297,3
902,5
1183,4
5173,4
1328,5
3719,3
2584,5
5063,3
2475,1
4162,5
5444,2
5033,4
2129,2
2590,3
207,5
341,1
3497,1
3485,4
3628,1
497,1
2612,3
591,3
2657,4
4181,4
1963,4
173,4
3012,1
268,1
1095,5
785,4
3617,3
1992,5
232,1
2935,3
4564,3
368,5
3340,1
1912,4
4582,5
5273,5
1210,2
1549,3
4061,5
524,2
735,3
2661,5
729,3
5235,2
458,2
2036,1
1208,4
3760,3
2901,4
161,2
3776,3
738,1
2750,1
3984,3
2582,1
1793,4
518,3
5482,1
4114,4
1269,1
5042,2
4923,1
4540,1
4820,2
3713,5
5167,3
3801,4
4365,2
4280,3
3185,5
1925,3
4002,3
2604,3
1674,5
2516,5
2951,3
2668,3
2482,1
3489,1
4273,1
5456,1
56,4
760,1
5205,2
2677,1
1323,1
5103,3
1738,5
3378,5
271,3
2736,3
2171,1
3947,5
5464,5
797,2
4138,4
705,5
2688,5
4776,5
3939,3
2462,2
631,3
1959,4
4611,3
252,5
4884,3
2128,4
1777,3
163,1
2265,3
3077,4
3302,5
1240,5
4760,1
3392,1
2515,1
5000,4
3606,3
2927,4
2974,3
3716,3
1738,1
4643,1
4897,1
4173,1
5470,3
3620,3
2216,4
3768,2
1529,5
1093,5
410,1
4764,3
1740,2
2310,4
557,3
5056,1
166,3
899,1
2666,1
3297,1
794,3
3129,2
1917,4
370,1
4349,3
1993,1
1641,3
4583,2
80,3
3837,3
552,5
3479,1
4983,3
2855,5
3865,5
946,1
774,5
3833,3
732,1
3805,3
533,1
5316,1
119,3
2381,4
1157,2
5106,2
4084,4
226,4
2156,3
3897,5
1155,3
754,5
4100,5
4309,3
2901,1
62,1
4385,3
1378,1
4708,4
2335,5
2904,3
681,4
1948,5
1578,2
1341,2
3220,2
3365,1
5252,3
2510,3
1090,5
2286,2
4700,5
2518,5
910,2
1409,4
1521,4
2268,4
4071,5
60,3
2971,3
917,2
1699,5
5278,5
2774,4
1403,2
4906,3
2930,4
3134,2
1326,4
3162,2
4792,5
4177,5
4105,2
305,2
1095,3
1856,3
957,5
4686,5
68,3
4511,3
36,1
4786,1
1169,4
2650,2
1706,5
2956,2
1627,5
438,4
149,3
5455,2
2925,5
1509,3
1632,1
1833,1
1561,5
400,4
4243,2
4815,1
3129,1
3567,4
4405,2
3620,4
1520,2
2783,3
3157,3
1854,2
1056,5
469,4
2094,4
753,1
578,3
4524,4
209,5
2752,2
5166,5
1149,3
2038,4
1946,5
5089,2
722,5
1678,4
4266,4
5382,1
1276,3
771,2
4916,5
1698,1
4097,1
1736,5
4021,2
1192,2
1407,1
3997,5
3449,2
3355,1
192,4
1115,1
2574,5
1269,3
175,3
3873,3
4040,3
2271,4
2987,5
1994,4
1973,4
2412,5
2355,2
2071,1
773,4
3403,2
1597,1
1510,1
698,4
3547,3
4132,4
4131,3
2527,1
1600,4
2528,5
5356,5
735,1
2503,4
3218,3
433,1
334,4
2069,4
3419,3
5448,3
4332,5
4114,2
4416,3
4972,3
2505,3
4327,3
2634,2
335,4
748,3
2578,5
1690,2
5059,1
4000,2
4919,4
4289,2
3076,3
3212,3
1712,2
1623,5
2085,5
1627,2
3766,4
4480,1
4930,3
1779,4
5372,4
3998,2
186,5
3698,2
1552,4
3106,3
4837,3
3626,2
4635,4
3294,1
2290,3
5096,4
1362,1
5269,5
2145,3
3197,1
2938,2
878,5
3445,2
3075,5
3884,3
5254,1
1206,5
3953,1
4956,3
2908,5
484,5
4276,1
5382,2
3530,2
1007,4
5431,1
5152,5
2695,4
2276,1
4020,2
1193,4
1333,2
5000,5
3123,2
1499,5
3870,2
1473,4
3541,3
242,4
137,2
3367,1
4019,5
1665,4
5124,1
2785,1
841,2
256,4
4088,1
1757,2
2970,1
3847,5
5397,5
3042,5
2847,5
1801,1
835,2
73,4
5191,3
3577,3
4617,4
159,3
1638,3
522,3
1447,4
1037,2
4797,4
5265,1
3983,5
2107,5
1916,3
4925,1
3681,5
3698,4
5484,2
4961,4
178,3
2943,4
744,4
5210,3
1527,4
3591,3
3026,4
2409,1
5013,5
4944,1
1907,3
3708,2
4822,3
1964,2
3958,3
4391,4
961,2
330,4
2468,2
247,4
4711,2
881,3
2688,3
2242,4
3169,2
5030,5
497,3
1157,5
609,5
3499,4
5246,5
286,1
975,2
4512,2
1266,4
2006,3
1096,1
660,1
3596,1
2361,1
4336,1
1286,2
1052,3
1181,4
1529,2
1116,1
5039,5
2947,2
3645,2
3045,3
2307,2
3210,2
1901,4
2202,5
741,1
1002,2
3001,3
2161,5
29,1
2949,2
16,3
968,2
2003,3
33,4
901,4
3556,1
3334,3
3231,3
2285,3
996,5
930,2
4022,5
263,3
698,1
4,2
4318,4
1473,1
3670,1
4297,1
5393,4
4543,5
2113,4
935,4
420,1
465,4
26,3
167,4
1897,4
1037,5
4307,2
1990,2
291,2
5426,2
4104,3
5372,3
3828,4
5175,1
2566,3
2232,1
1210,4
4855,1
5310,1
4921,2
4879,5
2625,2
4330,2
3209,2
3502,1
1924,3
4095,3
394,5
4017,5
1932,2
4159,1
484,1
2780,4
3798,3
33,5
1720,4
3369,4
623,1
3814,1
4551,4
3336,1
4134,5
1882,4
729,5
4968,4
1806,2
3582,4
1066,3
986,2
4463,4
1460,2
1906,3
2889,5
5122,4
350,2
851,1
151,5
2233,2
3051,3
3566,3
4415,2
5130,2
2686,2
583,4
1922,4
3403,3
2830,4
682,1
2383,5
4694,3
5413,3
1249,3
2607,2
2026,2
4614,3
3949,2
2264,2
1763,1
890,3
340,5
2239,4
3782,1
829,3
3448,5
1432,3
262,1
5237,5
5353,4
2470,4
2236,1
2605,5
3614,2
5362,4
2383,4
1124,3
460,2
2834,4
564,3
570,3
872,1
1069,1
1937,3
2634,3
3726,5
4613,1
4038,1
5152,1
2496,4
4510,4
3097,1
3006,3
1032,5
603,2
4832,5
5006,2
299,4
4123,3
3897,1
2676,3
4088,2
4697,4
3605,4
3675,1
3624,5
3243,3
104,5
931,3
1130,4
4486,3
4703,1
1407,2
2993,1
2140,1
4322,1
4325,5
3140,4
1068,2
882,1
633,2
142,3
2702,5
2630,4
3200,1
114,3
532,3
3457,1
3594,5
3662,1
897,2
4770,5
994,4
2102,5
1664,1
2475,3
4884,5
5140,3
2797,5
4998,4
4363,3
5378,5
2196,1
3427,2
2812,5
2288,1
2732,5
5082,5
3631,5
1698,3
4375,4
5429,1
4748,4
4747,1
2773,5
3907,5
4828,3
5055,1
1943,4
2652,3
2446,1
2621,3
3700,2
5120,3
4236,4
3321,5
5094,5
4783,1
5229,4
3653,3
3307,2
2522,2
290,2
1399,1
4505,2
81,4
3787,1
150,5
3261,1
454,2
5476,1
1768,1
410,4
3935,5
3699,5
4322,4
5145,3
1788,2
3298,2
4801,3
4876,5
983,3
1788,1
3696,3
2298,1
4908,2
4791,5
941,4
3932,5
92,5
286,4
3155,5
92,3
268,4
3687,3
3228,4
1948,2
4250,4
540,5
5363,3
398,3
1622,4
3315,2
3810,5
4921,1
214,5
4019,4
3409,4
5453,2
2478,4
3480,1
3058,2
4863,1
2446,3
4487,1
3642,1
2906,4
5138,3
3153,5
5245,1
2465,1
4362,2
4822,4
4028,5
3632,2
3640,4
5320,3
317,3
3533,3
559,1
1992,4
2561,2
4536,5
1991,2
1420,4
2725,3
5290,1
3211,3
2264,4
3832,1
4241,5
4266,2
3705,4
3545,2
2998,2
910,4
2321,1
4749,4
4854,4
4792,3
3309,4
1491,3
311,1
2123,4
4577,3
855,2
4925,5
716,1
464,5
5302,2
3275,5
4380,3
4475,4
4028,1
1291,4
3396,3
1597,4
4664,5
2773,3
1434,1
3015,2
1340,4
5045,2
3886,2
2988,2
531,4
1555,4
1784,2
2545,2
4707,2
2408,5
1930,3
5143,3
3543,3
1748,2
3893,2
2480,5
1872,2
5197,4
3933,1
1306,3
1310,5
4891,1
5244,4
3312,1
802,5
2754,4
234,2
5443,4
16,2
4473,5
5362,5
5489,1
4895,5
2915,2
2928,5
4972,5
4703,5
4872,2
2631,1
4767,5
133,4
2597,4
2095,5
1460,4
1905,2
4789,1
2872,4
2689,3
5056,4
4640,5
4895,2
2751,5
1340,2
1316,5
3059,2
4291,1
311,2
1583,4
4733,5
2691,3
2805,5
4902,5
430,3
3365,4
4574,5
80,2
828,4
1935,1
4242,1
2519,2
2514,3
821,4
1892,2
295,5
4353,3
463,5
675,5
3392,5
3203,2
5294,3
5011,1
2546,4
229,1
1770,1
1589,2
1863,5
2770,1
2503,3
5218,4
4651,5
4947,2
1841,3
335,1
2859,3
4958,4
1811,4
1800,3
1817,4
401,2
974,2
4024,4
4000,5
4883,2
4121,3
1148,5
1574,5
4974,4
503,3
5473,3
1933,1
203,4
1501,5
5036,5
5319,3
171,4
81,2
1596,1
1302,3
3106,5
1849,1
4014,4
5430,4
691,1
1319,4
3469,1
1377,1
616,2
70,2
2460,2
1759,4
4331,2
1078,4
5285,3
485,1
3382,1
415,3
753,4
3495,3
388,4
4647,5
4734,4
704,5
55,5
2219,3
2864,5
1197,2
384,3
809,3
2108,5
5480,3
5329,1
1012,1
3021,3
3425,5
4098,3
1773,2
455,1
3824,5
4574,4
3482,4
585,2
4449,4
5071,2
5472,2
11,1
2528,3
1571,5
4956,1
4000,1
1734,2
3851,4
3262,2
5339,2
1238,2
1551,1
25,3
3497,2
5169,3
3499,2
4618,2
4149,1
5256,4
3136,3
2162,5
3225,4
2499,1
2850,4
1859,5
4265,4
1398,5
3288,4
1997,4
1696,2
2889,2
1722,5
3802,4
4209,1
1742,4
3380,3
3195,5
1301,4
5457,5
3640,1
4070,5
3758,1
1589,5
4955,4
2854,2
5087,3
3260,5
2156,2
125,2
4999,1
4260,3
217,4
4477,5
5468,2
3868,1
3450,2
2494,5
3528,3
1940,5
989,5
2330,3
914,4
325,2
1413,4
1696,3
2366,4
2094,1
3324,3
1781,3
4479,5
351,5
195,1
4073,4
2040,2
4016,5
1408,1
4962,4
4342,4
4143,1
1716,1
2288,5
3956,5
1426,1
249,3
2168,4
5461,4
56,5
1450,5
1513,1
3105,3
170,4
4662,5
308,4
4742,1
678,4
3378,2
5449,3
209,1
4166,1
4516,3
5113,3
895,3
3788,2
5498,5
4827,1
4414,1
2548,5
3643,5
5046,3
2922,4
2084,3
3771,5
580,4
1726,5
4634,5
2033,3
4324,5
3935,3
4900,5
5240,4
1584,4
2557,1
2749,1
3775,4
3414,4
2359,5
5399,1
435,1
4988,5
5367,3
284,3
3367,4
321,4
79,2
2971,5
1945,2
4120,3
1772,2
72,4
3651,3
1303,1
3810,2
5477,1
710,2
4079,5
1896,5
269,3
4027,4
1966,3
592,4
1104,5
1253,5
2675,2
4536,2
1378,5
4659,5
4154,3
418,1
4951,1
28,5
137,5
5189,2
222,2
4688,5
2143,5
1524,1
1621,4
3725,5
265,5
4442,3
4032,4
1874,1
1904,2
4702,4
5222,1
2362,2
5188,3
790,1
4707,5
1310,2
4375,1
47,3
5459,4
4624,4
3166,2
857,3
3875,3
110,4
2079,1
4163,4
1447,2
2587,3
2707,4
2282,2
2647,1
1687,1
2839,5
3187,5
3284,2
2665,2
2257,4
3604,5
4887,5
435,3
2450,5
4335,2
645,4
3631,2
2818,1
1208,1
463,3
2294,1
3514,2
911,2
193,5
2004,4
3559,5
548,4
1898,2
378,5
234,4
5124,3
1883,5
4260,4
2100,4
1591,1
2622,2
3829,3
804,3
4705,3
1673,3
259,1
4060,5
1236,5
1617,1
4919,2
2835,4
4741,2
4607,2
3413,3
2291,3
2467,4
2542,4
4292,4
4481,1
100,2
390,1
5031,1
826,4
35,2
3055,5
4873,3
3451,1
2376,5
547,3
2500,5
3948,1
3149,4
3084,2
5198,1
1929,3
2001,5
4602,5
5489,5
5250,5
3045,1
3546,5
1180,3
3077,3
453,4
4128,4
4937,1
2123,2
4647,4
3905,2
4113,2
752,4
5021,1
4729,1
5414,1
2325,4
4975,2
1114,3
802,3
1704,4
5067,2
5329,2
4941,4
1122,4
4596,3
4333,5
4500,2
3462,1
3834,3
4881,1
2347,1
2399,4
3251,2
2314,4
1626,2
620,1
2902,2
3005,4
3208,1
4284,3
2399,2
3021,5
627,4
3541,5
3892,2
181,5
4965,3
5220,5
3402,5
2451,3
2701,1
773,2
726,4
1460,1
348,4
3593,1
3441,5
3865,3
1278,5
110,1
1222,4
1080,2
3035,1
1989,3
5410,2
299,5
3764,2
684,4
4334,3
4297,5
4649,5
4815,4
2062,2
89,1
3985,2
4899,5
4862,1
3465,1
2369,4
2531,1
2006,4
5388,1
1660,5
2722,5
735,2
2581,1
4505,1
4975,3
2340,2
77,1
839,4
4662,3
4421,2
617,1
2536,2
1110,5
5029,1
377,4
2905,3
4563,5
2654,5
3082,5
721,2
3472,4
272,5
3750,4
1435,1
1115,4
2879,3
2033,5
5328,1
4549,2
2949,4
3568,1
5475,2
2228,1
3758,3
3534,3
3113,2
2833,1
1013,3
3399,3
2815,4
5318,5
1568,5
812,5
2277,5
3655,4
2070,1
2756,3
180,4
2740,2
254,5
2391,5
3009,2
1665,3
1222,2
1681,4
5023,4
3839,1
1976,1
807,3
2253,5
4006,1
3491,1
4019,1
942,1
4330,4
1480,4
5363,4
33,2
334,5
3421,1
2012,3
698,5
1738,3
5225,4
4554,4
1562,4
4048,5
4098,1
5425,5
4080,1
2201,5
865,3
5099,2
1193,3
5200,1
2516,4
1519,4
1289,1
157,5
4647,3
3531,5
718,4
3128,1
636,1
3015,4
5389,3
1690,4
1842,1
5306,3
1289,5
705,4
3241,1
2357,5
4032,5
3741,5
1903,4
4766,5
1555,1
1741,1
1241,1
2391,1
2391,4
5065,3
4723,1
1046,4
3077,5
4443,4
3230,1
54,1
3142,3
626,4
2070,2
4807,5
330,1
3912,2
2635,4
4313,4
4264,4
3501,2
2178,4
3949,3
4017,3
5397,4
2970,2
2884,5
554,4
3394,2
3071,1
4844,1
4100,4
2389,3
2453,1
5209,4
4818,1
5084,4
5417,1
5211,4
1851,5
3889,2
2,3
1139,4
4052,4
470,1
3766,3
221,3
803,1
3216,4
2113,5
4869,4
1404,4
995,3
1710,4
1087,2
4404,1
3996,1
2628,1
2763,5
5116,2
4773,4
4775,2
2831,1
4764,5
1853,4
1134,4
4360,1
1491,4
4732,2
682,3
596,5
4999,3
3755,3
1923,2
4658,3
2343,4
4297,4
412,2
4784,5
407,3
1598,1
2063,2
907,2
5226,3
3295,2
3701,1
3332,1
2810,2
3549,4
618,4
924,5
3112,3
3715,4
1188,5
3993,4
2524,5
2718,5
1585,4
527,2
3896,1
3701,3
1038,4
3738,2
994,1
4795,2
1614,2
4082,5
4867,3
4262,3
4797,5
4343,2
3674,4
2127,1
3607,4
2747,2
5081,2
2114,2
5195,1
2371,2
4209,5
1512,4
2410,5
3622,5
260,4
3573,4
1324,2
732,5
1374,5
3892,3
2780,5
3873,5
5100,1
4383,4
3554,4
4890,3
1909,4
1111,3
4368,3
5456,4
3641,3
4636,3
72,1
3195,1
3078,5
1774,5
3871,2
2512,3
4813,5
2690,3
40,4
5368,1
820,2
3647,5
4142,5
1587,2
3063,3
3561,1
1908,1
4303,5
3144,1
4705,1
2179,3
2166,5
5460,5
4693,2
1392,4
5497,4
2354,3
1659,5
2134,1
2412,1
206,4
4173,4
5294,2
2874,5
1755,4
2075,5
3975,1
1033,1
1828,3
3781,5
3612,4
4156,5
1509,2
3107,2
240,1
2998,3
3055,1
2941,3
103,3
4532,4
1,2
4969,2
2715,1
2419,1
4799,5
3032,3
2712,2
2965,1
1096,3
5481,5
3327,5
3126,1
2840,2
3892,4
4135,1
3538,5
383,2
64,4
4240,3
1184,5
2280,2
4311,1
2272,5
3403,5
3516,3
2308,2
4626,2
5347,5
3201,4
3679,4
3837,2
2454,4
2692,5
4677,5
4102,5
3148,5
3915,1
4558,5
2396,2
3404,5
1260,2
1499,1
22,4
4702,5
3151,1
3929,2
5462,4
4144,5
4816,1
1151,4
4879,3
3240,4
2591,2
2401,4
3377,4
4268,2
91,5
4692,4
485,3
3989,5
3484,3
2725,1
1413,2
3201,3
2987,1
3695,3
1909,5
1905,4
5226,1
4666,2
235,3
2388,3
2859,4
3837,1
5464,2
1889,3
17,5
1442,4
3281,4
1184,2
5412,3
4199,5
1813,2
3258,1
2737,2
4015,5
4100,3
4507,4
3633,2
2482,4
3479,5
3426,4
347,4
488,3
3440,3
1695,3
3038,3
3225,1
2216,2
4590,5
4438,5
3335,2
473,2
3689,4
4688,2
1014,2
4612,3
2888,1
1081,5
3646,5
5077,5
4167,2
658,3
634,4
1151,1
742,1
252,2
1559,4
1934,3
695,3
1009,2
2748,4
633,1
656,2
2923,5
1419,1
2856,4
1658,4
5384,2
1744,4
3386,3
3304,5
1845,4
891,2
2428,4
83,5
5138,4
1299,4
4242,2
5159,4
3,4
5488,3
197,4
3290,3
2150,1
216,4
4403,5
4482,1
3842,5
3663,4
3193,4
1375,5
2331,4
1401,2
1630,2
5216,2
3172,1
2208,3
781,5
2297,2
5372,2
4318,3
4240,1
8,2
5493,2
836,2
1676,3
426,4
3211,1
2863,3
2025,5
1730,2
777,1
4658,1
145,4
888,3
3804,1
5113,2
4839,2
4219,2
2117,3
1108,3
4598,4
267,2
2734,4
3425,2
4828,4
2854,3
5365,4
4658,2
5206,5
3537,2
3983,1
5196,5
4652,1
2803,1
2941,1
1200,4
1251,4
3562,4
5342,1
3728,5
3672,3
5450,4
3512,1
4712,3
2885,2
5314,1
4589,1
4404,2
468,3
3883,2
1404,5
1737,4
4738,3
2478,5
1429,1
1397,4
2791,4
1302,4
3525,5
4003,1
3864,4
977,4
417,2
1436,1
4993,4
4355,4
697,4
3564,2
3303,3
2651,3
4077,1
4367,4
2966,2
2012,4
706,3
3494,2
1214,3
4364,1
529,3
3660,3
5099,5
5370,1
2912,3
2086,5
2844,2
2278,2
4269,4
12,1
2048,1
221,5
2300,3
2907,4
2894,2
3590,1
1472,3
2210,5
2664,2
5447,1
1089,3
20,4
1760,1
3546,3
154,2
2132,1
2878,1
401,5
3205,4
2160,4
4743,2
3180,2
4947,4
2821,3
241,5
4784,3
3083,1
3563,2
4013,2
4207,5
1980,5
4417,1
3803,1
4794,4
794,4
2650,1
1966,5
2697,4
4928,4
1776,5
1886,5
3372,4
5070,1
2105,1
4522,5
3210,1
5075,4
2995,5
2092,5
4313,2
3181,4
4068,3
1749,1
1347,2
457,4
4397,4
3659,5
221,1
4657,4
2815,1
4291,3
1609,4
2772,1
715,4
2490,3
1536,2
4880,1
454,1
5067,1
1106,3
1194,5
3664,4
536,4
1390,4
1997,2
1516,1
2577,4
4352,2
399,3
2335,2
5137,5
2345,3
1527,2
2223,4
982,1
1347,3
2570,1
3118,2
2151,1
2303,1
1266,2
1590,5
382,3
4306,2
3263,1
5111,1
3982,5
5296,5
1255,5
3059,5
4309,5
4322,5
3231,5
454,3
3968,4
2379,4
672,2
3120,1
3568,2
2846,2
1412,3
4509,4
1324,4
853,3
2045,4
1900,3
359,5
1006,2
2214,1
3402,4
1852,5
822,2
1872,5
2200,1
5004,4
980,2
697,3
2937,1
589,5
2331,5
1550,2
574,3
5019,5
2380,5
656,4
3667,5
567,1
1365,5
4851,5
1575,2
2023,5
2000,5
2383,3
1061,1
442,4
1850,2
440,5
4671,2
473,5
2208,2
4327,2
4467,5
3301,5
2531,2
5364,3
701,2
3134,4
1632,3
760,4
2261,5
5243,4
3771,2
3229,1
1901,1
4844,4
1857,4
724,3
5470,1
746,3
721,1
2493,3
1091,4
3836,5
2409,2
2967,5
2670,3
5038,2
1689,2
4838,1
2816,3
4244,3
3505,3
3854,1
4353,2
4286,3
4590,2
4682,1
4766,1
5010,1
4873,4
3633,5
5395,1
34,4
3422,3
1206,4
5381,5
336,5
2673,2
2513,3
3505,5
1537,3
1449,4
3622,3
2962,1
5473,5
896,5
4691,3
4685,1
198,1
3006,4
2193,5
2449,3
3843,5
4669,1
1343,3
4203,1
1420,1
1895,4
2467,2
1680,1
3488,5
2752,3
2387,2
786,3
999,5
3622,2
4745,2
105,4
48,4
4436,2
2868,3
5479,2
698,2
343,2
4422,3
4693,3
4803,2
4511,2
5480,5
1553,2
593,1
1708,3
1595,3
4805,5
2209,1
13,5
3212,1
2513,4
4853,4
1206,3
165,1
715,2
4077,5
3192,3
3430,1
3679,3
2465,4
3951,2
392,2
5184,4
4220,3
327,3
3562,5
2835,1
2063,3
1498,2
622,5
1450,1
2455,2
587,4
4949,1
540,1
2755,1
5040,1
1078,5
4715,3
3686,5
1862,3
800,4
2224,1
58,3
2806,5
856,4
3395,3
1803,3
728,1
2807,2
4593,2
794,2
2868,5
5024,4
1588,3
3359,1
4100,1
250,3
67,5
1130,2
5310,4
2454,3
2037,5
1938,2
3944,2
4131,1
177,2
2515,2
4372,2
1383,1
2520,5
5248,4
972,1
3496,4
2257,2
1430,5
2431,5
1202,2
1140,4
1207,4
2613,1
3588,3
2362,5
3560,2
4359,5
288,1
4561,4
1039,4
397,1
1270,4
1057,3
3378,4
3504,5
3690,1
756,1
3124,1
2346,5
3685,5
470,4
4394,4
2277,4
494,5
5260,3
457,1
1250,1
1423,2
2300,4
4319,3
3406,4
2657,5
4597,5
1855,5
3535,2
3778,1
4607,4
765,3
780,3
3474,3
3989,1
4526,2
5438,4
4827,2
2437,2
331,2
996,1
1432,5
55,1
2343,1
1554,4
1239,1
474,5
5101,3
83,3
2105,3
586,3
3900,3
3590,4
86,2
756,2
4320,4
2599,1
5192,4
4648,2
2695,1
5486,1
2094,3
3040,2
4579,1
4236,3
1930,2
2116,3
5042,4
174,2
3027,2
941,2
1455,2
3374,4
4050,5
1095,2
916,2
3137,2
4201,1
3034,3
2698,2
2896,2
850,4
3035,3
4244,5
2133,1
766,2
1306,1
5397,2
2932,3
3165,2
2339,3
1634,1
2016,5
3034,1
2316,1
5441,1
2209,5
3765,5
1921,2
3922,5
1416,1
5201,1
4515,5
2775,2
3226,2
5337,1
588,3
571,3
4156,4
1538,3
4158,5
4210,1
2271,5
4801,1
2285,4
1724,4
3633,4
3226,1
1791,5
2655,5
498,4
2119,1
3037,3
1040,2
1049,3
5105,2
3654,1
1488,2
4144,1
4576,2
662,4
386,4
4050,3
3007,4
1081,1
531,1
3603,3
602,3
3159,1
3051,4
3438,3
1724,2
1197,4
594,5
2332,2
71,3
1944,5
1098,3
4982,5
4419,5
1361,3
3348,4
2613,5
4207,1
212,4
701,3
3062,5
606,2
4868,1
1135,3
3433,2
3075,3
3787,2
5447,2
4879,4
412,3
385,1
2064,1
4534,4
4011,4
4195,3
4489,1
3464,2
5496,3
1842,2
428,1
44,2
2048,2
368,2
4420,1
117,4
208,1
251,1
3275,1
3777,1
826,3
2912,2
1030,2
2175,3
3919,2
418,3
3878,4
1836,4
4464,3
2122,5
2098,2
5098,2
5494,2
791,3
1578,4
1755,1
5198,4
5446,1
2461,5
3330,4
3472,2
2164,3
174,1
73,1
4823,5
1903,3
4244,4
458,4
4946,1
5373,3
994,5
3578,1
2777,4
2743,5
2615,2
5209,2
686,2
2334,5
4224,4
2845,4
1861,3
818,3
1372,4
5345,2
1470,5
5103,5
5146,1
3625,2
692,2
4037,1
2320,4
29,2
681,1
4833,5
3940,4
837,2
1667,5
1286,3
4939,5
1623,4
5180,2
1680,3
2025,3
185,5
3047,2
1594,3
2101,3
1637,2
4611,4
3089,4
3986,4
5363,1
4720,1
1129,4
361,3
5269,3
4042,2
4342,5
475,5
5019,1
1970,5
2841,4
3967,1
5204,1
5418,3
3008,4
2480,3
1387,4
1393,5
2298,5
2261,2
4563,4
1053,1
5071,4
2771,4
5300,5
3385,2
724,4
4805,2
1107,2
3888,4
3243,4
5034,2
5179,2
3668,3
1296,2
5054,3
1090,3
3829,4
24,2
3834,2
1185,2
243,3
326,1
3438,5
4133,2
477,5
1108,4
837,5
3963,1
1154,3
4651,1
5228,3
1230,5
5493,4
3813,1
707,5
1097,5
1305,1
1750,3
3016,4
1749,2
1375,2
2627,2
3374,5
1443,2
578,2
4772,4
5494,5
2692,1
127,5
1629,5
1933,2
2246,4
5104,2
224,1
2507,2
3225,5
714,5
5225,1
1997,5
1332,4
750,4
1961,3
1428,4
2305,3
722,2
1844,4
4436,5
2653,5
1237,4
1977,1
730,2
3440,2
961,4
4521,4
4963,2
3651,2
787,3
2039,1
4755,1
4641,5
1432,4
5343,4
2349,1
1314,5
3965,1
3598,1
3712,4
4905,5
951,2
678,3
2563,2
4145,4
1283,1
4146,4
3479,4
963,4
5267,3
1019,1
1060,3
4607,1
2798,2
94,5
1912,2
5260,1
1056,3
1924,5
542,1
5234,1
3941,2
3521,1
4771,3
4899,1
4108,2
3316,4
3580,4
1874,5
2821,4
1751,2
793,1
2075,3
2149,2
1769,5
3652,5
4655,4
3035,5
1071,3
3720,4
1642,3
2135,5
364,1
487,3
5350,4
5163,3
4697,2
3261,5
3481,2
3054,4
4455,4
2792,5
3278,5
1314,4
2125,4
5321,4
1335,5
1669,4
3726,3
1197,5
89,5
5437,5
413,2
5130,1
315,3
1736,4
1087,3
1989,4
1685,5
3596,2
5031,5
477,1
2341,2
962,1
5240,5
5238,4
4959,2
2999,2
2758,3
2504,2
855,4
162,3
4206,2
1922,5
611,3
4698,2
3506,2
3816,3
2820,3
4751,2
2732,1
3420,5
141,4
2569,5
467,2
4262,1
3023,3
3721,4
5082,1
2632,4
2606,1
1816,4
3922,2
5357,5
4710,1
95,3
2961,4
720,2
4249,1
3399,1
3347,4
920,3
3163,3
4228,2
3733,5
410,2
3097,5
4562,3
5296,1
5011,3
1915,2
923,1
2573,3
84,3
4967,1
98,3
1280,4
354,3
2240,5
4545,1
1642,2
5111,3
1330,5
5253,1
841,5
4891,4
3974,1
4741,4
3224,1
757,2
4199,2
246,3
5136,5
2267,3
730,4
4918,2
2663,3
1852,3
3256,1
2830,3
1361,5
1300,2
651,4
432,3
2819,5
4051,5
3961,1
1972,1
1559,2
4085,1
383,3
2600,1
4999,2
423,4
670,1
2054,3
4552,5
1626,5
1189,4
1040,3
2981,1
830,3
1995,1
1306,2
304,1
1870,1
1802,2
1736,2
3872,5
2790,4
397,3
172,4
3961,5
2406,3
2886,2
4075,4
1823,3
5169,1
5227,1
180,1
4389,1
2902,5
1722,4
1640,2
3346,4
5100,2
27,2
4540,4
2341,5
2808,2
29,4
2290,1
1249,2
4515,3
1188,4
2521,2
707,2
3184,1
622,1
658,5
1076,2
3489,4
345,2
1919,4
1719,5
5163,5
906,5
235,5
4894,5
4208,1
2931,2
3090,4
190,4
5191,4
141,5
1424,3
3002,2
3466,5
4518,4
4918,3
4677,2
1577,5
4183,5
1390,1
1259,4
109,3
2381,2
1284,1
1762,4
2980,4
4168,3
511,2
1142,4
4773,5
2025,1
650,4
716,4
4169,1
2248,2
889,4
876,1
3297,3
2694,1
3312,4
4003,5
933,4
1858,3
340,3
1622,5
4565,4
379,4
1418,2
1475,1
2536,5
200,1
248,4
2800,2
4877,4
2049,2
3914,4
3865,2
2329,5
3085,2
4179,2
2984,1
5357,1
5321,1
3384,3
4574,1
759,5
5249,5
2183,5
1295,3
2177,4
4065,3
4884,2
2836,3
506,4
1355,1
4159,5
2831,4
4296,5
3121,2
1414,1
2492,1
2233,5
2829,5
1587,1
4466,4
419,1
2839,1
806,4
1114,4
2459,4
4516,5
2781,5
3813,5
4784,1
5060,2
3219,2
3560,1
2597,2
3314,2
3444,4
1410,3
623,5
2005,2
3801,3
2319,3
1423,4
1628,4
1475,4
770,4
1735,5
1595,2
4092,2
1633,2
3452,4
4439,4
4392,2
977,3
37,2
3558,1
3412,2
4154,1
1708,1
5457,4
4020,1
5277,5
5483,1
2025,4
5147,3
5143,2
2906,3
3470,5
2005,4
5422,4
313,3
2632,3
2960,4
3083,2
4837,4
3222,5
4437,1
4379,5
2881,1
2043,2
2788,1
5073,1
178,5
1661,4
373,4
2712,3
3284,3
4348,2
2397,3
246,4
332,3
4237,3
1484,4
3025,5
4413,4
3003,3
1066,1
3990,5
1829,3
130,5
3285,4
3981,5
3130,5
2615,1
4709,3
5374,1
3560,5
2827,2
2902,3
4719,4
227,5
2564,1
2173,1
2777,5
1412,2
1271,3
4356,5
5283,2
2213,5
3143,3
3509,5
1960,3
815,4
4960,5
3996,5
2601,3
1037,3
3005,3
3389,5
3999,4
648,4
2506,1
1230,1
2948,4
3783,5
4875,2
3955,5
2576,5
272,4
1674,3
5402,3
3292,2
520,3
1068,5
3964,2
2979,2
2736,1
723,4
4740,5
4806,3
3399,4
4568,3
2017,2
4464,5
1344,3
5446,5
1230,3
2611,3
425,5
4737,5
3057,5
493,3
496,1
2828,4
2526,5
2475,5
888,1
1658,2
189,1
3073,2
1064,4
1340,1
2875,2
5335,5
4969,5
3204,1
2610,3
4434,2
4496,2
4640,2
2598,2
4347,4
1545,1
1902,4
3554,5
3223,2
1043,1
4018,2
1839,4
5402,2
5361,2
1628,1
4877,3
3641,4
107,1
3162,1
66,5
156,1
575,5
2100,1
642,4
2871,4
317,4
3321,2
1059,5
664,2
1327,1
2638,3
4367,2
1871,2
666,2
4997,1
5394,5
3675,3
2704,5
3379,4
1665,1
572,5
3516,5
4705,4
1541,5
4830,3
283,2
4240,5
5022,2
4615,4
486,1
4536,1
1503,1
3527,2
2774,5
3303,5
3466,2
1313,2
755,1
2328,4
1402,4
2955,1
2941,4
2808,5
3600,2
435,5
4115,5
266,2
2002,4
4306,4
2564,3
2993,5
4226,2
4036,4
1877,1
3449,4
3183,5
998,5
4359,1
1121,4
1004,2
1054,5
4528,3
3628,5
2088,1
3782,5
738,3
3518,5
3221,5
2791,3
2298,4
5186,4
1575,1
4691,2
4921,5
490,2
124,3
3995,5
3018,3
2572,4
249,2
1225,1
4750,1
2174,4
4129,3
5338,1
4831,5
4712,1
718,2
970,5
2308,1
910,3
1275,2
3748,4
5092,2
4267,4
184,1
2702,3
3238,4
4459,3
3574,2
3869,3
4938,3
2585,2
3115,2
4888,4
5460,1
2669,1
5233,5
3079,1
3259,2
1754,1
654,1
1465,2
3951,4
3250,2
475,2
959,5
5376,3
1274,1
1415,5
1127,1
4348,4
3351,3
2090,4
1739,1
3366,2
3481,5
3937,1
4642,4
5139,1
3604,2
1494,4
5446,3
2748,1
2523,2
3599,4
4168,4
4841,2
2643,1
3188,1
5186,1
1384,4
3186,5
2645,2
281,2
5497,5
4651,3
1839,2
4492,4
4257,4
4354,1
1616,4
1840,4
1079,2
2947,3
5333,3
2277,2
4383,5
3488,4
5181,2
3003,4
725,5
1308,2
2449,5
4223,4
3648,4
5298,4
2623,1
1264,1
4724,4
2129,1
424,2
2389,2
2658,1
2338,3
3986,5
3036,2
2427,2
4071,2
352,2
5399,4
4252,4
2953,5
617,3
1059,3
2531,4
5006,3
1388,3
3724,3
3779,5
1152,4
1260,1
3721,3
710,1
1273,4
4241,3
2456,2
1901,5
2415,3
4355,5
4719,1
4422,2
4124,5
4595,4
1356,2
4802,1
3528,2
3492,1
717,4
5458,3
5354,5
595,5
3140,3
2029,1
1056,2
688,2
4260,2
2467,5
924,3
3248,2
1493,5
1923,4
629,4
1758,1
461,3
814,5
518,5
2536,4
5185,2
3934,1
4686,2
3805,4
1425,4
4568,5
4722,3
121,1
4059,5
4312,5
4622,4
4256,3
1748,5
3544,2
3929,3
2234,5
3819,1
1756,1
2582,2
2576,4
5152,2
4308,3
2096,5
4395,2
3880,3
443,3
1612,5
4089,3
831,1
5353,3
3691,1
143,4
978,3
4029,1
2354,5
4251,4
1955,1
3062,2
3929,1
5437,1
5418,4
2004,1
2925,2
1509,5
1706,4
2690,2
3448,1
2096,4
110,2
5261,5
3123,4
4205,3
1353,3
3621,3
1194,3
407,1
36,4
4075,3
864,4
3267,1
1120,2
4827,3
4645,3
1827,3
4403,2
1063,1
2246,5
2635,2
4691,5
1890,4
566,3
793,2
459,2
4767,2
142,4
1160,2
3061,3
4160,4
639,1
4760,4
844,5
2274,3
579,2
3264,2
2324,5
4728,1
1169,2
733,1
3682,3
5078,4
1590,3
2551,4
5219,1
1125,1
3057,3
2491,4
446,4
4839,4
4151,2
1278,4
2571,4
4184,3
4821,5
1807,1
1878,4
2458,5
4263,3
711,2
2943,5
671,5
4550,4
3524,4
2317,2
2331,2
1762,1
3257,3
1468,1
909,3
3187,4
1797,2
3123,3
4906,4
979,3
3376,2
3091,5
621,1
111,3
3116,3
4606,3
3142,4
2735,3
2859,2
1484,2
5218,5
3358,1
2412,4
599,3
3794,3
2727,5
1961,4
3399,2
2483,1
2424,5
3863,2
2165,1
1496,5
1342,2
1024,3
436,3
3150,4
3587,5
2800,5
2994,3
2818,4
1119,5
4535,5
4822,1
4993,1
314,5
3230,4
5347,3
3083,5
17,2
1035,3
1559,3
4136,4
2440,3
567,3
4758,3
5356,3
1288,1
4952,1
3170,2
332,2
1202,1
498,3
2934,3
4829,3
3630,3
5146,3
2532,3
4803,1
3143,1
3365,5
4633,4
4282,2
349,4
3467,4
699,5
1435,4
1635,1
953,1
1346,1
759,4
3383,5
4294,5
5276,5
2618,1
1288,3
582,4
3763,5
2385,5
175,4
3607,3
2846,4
4676,4
5339,4
2397,1
5500,2
4504,1
2394,3
2036,5
2295,1
5215,2
1997,3
263,4
5264,4
471,1
2326,3
3362,1
3927,5
3265,4
4418,1
5081,1
5496,2
2817,1
4480,3
430,4
5188,1
3195,2
2915,3
4518,5
1136,1
3805,2
4645,2
1342,3
4297,2
3065,3
1018,3
4283,4
2073,2
1117,4
2300,5
1650,3
1683,2
888,4
922,5
3703,5
1070,1
2945,1
5426,3
4743,3
2843,3
4809,5
2555,1
5148,2
4329,2
347,1
3164,5
639,4
3673,2
4430,3
687,1
245,4
1613,3
248,3
1967,3
5052,1
2315,5
5302,4
2430,2
3127,4
1282,5
2040,4
5127,2
42,4
2810,5
429,2
4918,5
1122,3
4619,1
4303,4
2031,2
1317,5
5007,2
1622,1
1389,1
3863,3
1521,1
3998,4
2613,3
5077,2
3644,5
3571,2
5179,1
1564,3
503,1
2568,4
4556,3
2521,1
5486,3
2273,1
4300,2
2261,1
1646,2
4712,4
5094,1
4963,5
3435,2
2111,5
1678,3
1726,3
4102,3
2595,3
4458,4
1428,5
852,5
4238,5
4553,3
3967,2
2660,5
3455,1
4208,5
1233,4
296,4
91,4
769,4
414,4
2822,2
3036,5
3761,2
405,3
1132,3
4272,3
2679,3
880,5
2049,3
744,1
2186,4
4545,2
2189,3
1619,5
3899,4
1411,1
276,4
3850,4
2276,2
1750,4
5232,1
1596,5
1826,3
4083,3
214,1
1309,4
1453,5
188,1
1357,2
419,5
4614,2
1994,1
1889,4
5006,5
2888,4
4812,4
904,3
5073,3
1146,4
1458,4
2582,5
366,1
1509,4
3688,5
1334,2
2896,5
3145,4
2609,2
3588,2
5105,5
5153,4
3748,3
2876,4
5083,2
4115,1
383,4
5392,3
2573,5
1973,5
216,1
3111,3
719,4
3382,3
4606,5
4773,1
14,4
3095,2
4165,2
825,4
3133,1
3158,5
287,2
4744,2
2508,4
3684,4
5457,1
5195,3
5333,1
806,5
3521,4
958,1
5485,3
5298,3
2548,1
3941,3
644,4
1760,3
5436,1
3362,2
4855,4
152,1
5358,4
2260,4
1252,2
3767,3
3415,2
4936,3
2592,5
1886,4
3921,1
609,4
5272,1
100,1
2202,3
2279,5
3429,4
129,1
3421,3
1071,2
2823,4
3604,3
1146,5
4155,5
4749,3
3437,2
4358,2
3314,3
1707,2
29,5
508,2
3299,5
4436,1
3931,4
1764,1
1831,2
3130,1
1501,1
1656,1
983,1
4270,1
3100,3
4623,5
141,1
1650,4
4346,4
217,3
373,5
3460,3
2882,5
2642,4
4490,3
2998,4
5308,4
5119,4
4654,3
5372,5
2710,5
3379,2
3593,4
3233,3
572,1
578,1
1745,4
2743,2
4197,1
2603,1
4180,4
1285,2
3555,2
5006,4
562,1
4150,3
2772,5
4400,4
3777,3
3811,4
3851,2
1299,3
4458,2
1850,3
4772,3
2444,4
3431,3
4671,5
3523,4
1686,2
4933,3
3581,1
1323,3
3522,1
612,1
3322,5
4482,4
3894,2
1625,4
367,5
4586,5
1624,1
4796,1
2926,5
5197,5
3568,4
2787,2
1839,5
1070,2
1426,3
1436,3
628,5
4141,3
2728,5
1171,5
199,5
403,5
4399,3
1624,4
4478,3
2918,2
861,1
479,4
1564,5
196,2
266,5
1510,2
5272,2
3074,1
987,1
2180,1
565,5
4381,2
4154,2
2260,3
2095,1
2897,5
4090,4
1992,1
4453,2
2709,4
2937,2
106,3
3269,5
4911,4
3520,5
1159,3
2768,1
4993,3
3718,5
1048,5
2414,5
573,3
5319,1
3808,4
2637,2
4756,2
3199,1
1513,5
817,3
5424,1
3305,4
210,1
2284,4
3323,2
2468,3
1462,2
801,4
2456,3
2,4
1581,5
4986,2
1281,3
5417,4
1009,3
4882,2
3197,2
1885,4
222,1
4247,3
2857,3
1224,3
989,1
3050,2
2413,4
625,4
2833,4
4423,4
2729,4
592,5
1252,4
2719,3
667,2
4108,5
2547,1
1640,5
153,4
4051,1
4110,5
3603,4
2960,1
3760,2
5472,1
1294,4
5395,4
5161,5
4300,1
1885,5
2563,3
2575,4
4949,5
3523,1
2867,4
635,4
1586,2
1716,5
3263,3
138,3
5440,2
2219,4
1539,5
3013,5
4419,2
1925,4
2460,3
1099,5
3454,5
3415,3
2599,3
74,1
1301,2
1697,3
119,5
5147,4
1881,1
2083,2
3009,5
3135,5
1381,3
1655,5
3795,3
4460,3
1524,4
614,4
2856,2
2436,3
3167,4
3703,1
15,4
5425,1
257,3
4117,3
2648,4
3773,3
4402,2
5463,1
3715,2
375,3
3572,1
3579,2
2995,1
4999,4
3062,3
128,1
4683,2
997,5
1275,4
3281,5
244,5
2072,5
4781,2
1250,5
3609,3
4020,5
1768,5
1061,5
135,4
2205,5
1001,1
1437,2
2215,5
2729,2
4410,1
3465,5
2239,5
3974,5
4461,3
1587,5
1488,1
1446,1
5426,4
2218,1
3307,1
1548,1
5474,4
3881,5
1873,4
885,3
231,4
2264,1
1629,2
4142,1
1314,1
1495,5
4891,3
1816,5
3177,1
2454,1
147,4
4179,4
4965,2
2317,1
1496,3
4728,5
4817,5
5407,3
2010,4
1620,1
2041,4
1362,4
2510,4
5164,2
2051,5
51,1
1798,5
3910,3
4522,3
4347,2
4848,5
1152,1
2248,3
4465,2
1008,5
5224,2
957,1
4796,5
3256,3
1314,3
2024,4
5235,1
134,4
4343,4
2708,1
2709,2
4971,2
2685,3
788,1
1428,3
970,1
4309,1
1892,3
2337,2
3226,3
2789,5
2639,2
2008,1
2121,5
3641,5
5436,4
3253,3
3153,2
4394,5
1087,5
4735,3
4223,5
2726,5
653,5
3027,3
2364,2
1996,1
3530,3
4055,2
3687,1
500,3
189,5
532,1
2223,5
2882,3
5281,2
901,3
27,1
830,1
3385,5
4404,3
1552,3
138,1
4900,1
2964,1
2402,1
4729,5
5332,1
700,2
2618,3
2115,4
4733,2
1958,5
3192,5
1158,1
750,3
4487,3
3773,4
1600,1
4670,3
2193,4
4481,2
5274,3
3240,5
3194,3
2325,1
408,5
732,4
793,5
5054,5
2865,4
3177,5
919,4
1728,2
4573,2
2304,1
5266,3
4118,4
4022,1
5301,4
1522,4
4842,1
4250,5
2089,1
5176,2
3995,3
4942,1
2166,4
2112,4
250,1
4575,2
1299,1
2338,5
4560,5
2259,1
5041,3
1876,4
4196,1
2610,5
4080,2
3997,2
4934,3
4605,3
4352,3
3718,1
1644,5
1012,2
139,4
2754,5
1717,5
387,2
1649,1
3331,2
1418,1
4880,5
5211,2
2352,4
946,2
1833,4
456,1
4222,1
1769,3
3535,4
5028,4
3930,5
2427,4
3101,2
916,5
3624,4
419,3
2942,3
4529,3
367,4
976,5
3763,1
3456,5
5054,2
2842,5
767,3
1424,2
2459,2
612,2
1687,3
3568,3
3662,5
3987,1
1869,1
2608,3
370,3
5474,5
1706,1
2163,1
3511,5
4290,5
4547,5
2796,4
1380,3
369,1
4615,3
1048,4
3209,4
759,3
1174,3
4245,5
5434,2
2658,2
1184,1
2845,1
4502,2
2008,3
4923,3
433,5
1232,2
4663,4
2392,5
659,4
4276,3
2919,1
407,4
2042,4
4967,2
2718,2
3063,2
2652,1
4974,5
464,1
3971,3
2819,3
3040,3
2109,5
5337,5
745,3
1619,3
2737,3
4945,3
2501,3
3312,3
4743,5
4535,4
2664,1
3114,1
5223,4
424,1
2620,2
4667,4
1034,1
4150,2
3333,2
2195,1
3496,5
1954,4
4118,5
2975,1
2071,4
4441,2
4359,4
4326,1
4418,3
3235,2
4746,4
1383,4
4795,3
1414,4
1474,2
3793,5
1161,1
5087,1
1181,3
2192,4
1832,2
4585,5
644,3
1451,3
513,3
842,4
3295,3
4994,3
2196,2
2515,4
3533,1
2546,2
4609,1
1951,1
2399,5
5365,2
1455,4
869,4
3871,3
2002,3
1684,2
310,4
5330,4
1397,2
5474,2
4673,4
16,4
2120,5
1203,4
229,5
4029,4
3483,5
3804,5
2393,2
4758,4
1327,3
2783,4
3857,3
441,1
1823,1
2606,3
4494,2
945,1
4841,1
1134,2
2814,5
3941,1
4253,2
830,4
5493,3
4805,4
2103,2
3363,3
1485,4
5063,4
5327,3
2771,3
999,3
69,5
2420,1
2545,1
2387,1
3197,4
1275,1
4087,5
1472,1
993,1
3331,5
983,4
1879,3
610,4
4443,2
2863,5
727,1
4565,2
2869,4
341,4
271,2
517,1
257,5
2928,2
808,2
2880,2
1470,2
1296,4
1212,5
3184,4
5166,3
985,1
971,4
1506,1
4266,3
3738,1
2214,4
1086,3
613,1
3784,4
4181,2
4576,3
4776,4
4119,4
1735,4
2520,4
2119,2
1684,1
2379,1
2466,2
3565,3
65,3
939,4
741,2
2649,2
80,5
4814,4
2811,4
2839,3
961,5
3398,1
2411,2
4648,3
3589,4
2481,4
4405,5
2139,2
3101,5
712,2
5000,1
1359,2
2353,4
1329,2
2314,5
297,2
2853,4
4953,1
5110,3
2147,3
2421,3
5416,4
3242,5
4942,5
3088,1
1605,4
4406,1
4875,5
2125,5
4303,3
2540,4
4775,5
2020,5
512,1
5309,1
1360,4
3687,5
5014,1
3341,2
3118,3
3635,4
1813,3
104,1
4232,3
333,1
4317,1